message_id,raw_message,ticket_ref,priority,escalate
MSG00001,Case TK48723. Everything is offline on my end. Appreciate your help.,TK48723,MEDIUM,NO
MSG00002,There's a charge I don't recognize. Let me know when you can. Case TK80401.,TK80401,LOW,NO
MSG00003,Reference number TK43285. Tracking hasn't updated in days. Thanks.,TK43285,LOW,NO
MSG00004,(ref: TK43210) The item arrived broken. No rush at all. Thanks.,TK43210,LOW,NO
MSG00005,ticket #tk00202. i can't access my account at all. thanks.,TK00202,HIGH,NO
MSG00006,Have you considered bulk export? Not time-sensitive. Appreciate your help. Reference number TK34793.,TK34793,HIGH,YES
MSG00007,Case TK06837. Just wondering how the mobile app works. Would appreciate a response soon.,TK06837,HIGH,NO
MSG00008,Ticket #TK15687. Tracking hasn't updated in days. Let me know what you need from me.,TK15687,MEDIUM,YES
MSG00009,My order still hasn't arrived. This is the second time I've reached out about this. Reference number TK26277.,TK26277,HIGH,NO
MSG00010,Re: TK94801. There's a charge I don't recognize. Appreciate your help.,TK94801,MEDIUM,NO
MSG00011,Your service has been down since about an hour ago. This is the second time I've reached out about this. Would appreciate a response soon. Thanks. Case TK79948.,TK79948,HIGH,YES
MSG00012,Reference number TK51846. It would be great if you added bulk export. I've already emailed twice with no reply. No rush at all.,TK51846,HIGH,NO
MSG00013,(ref: TK13808) I'm locked out of my account. This is urgent. Let me know what you need from me.,TK13808,LOW,YES
MSG00014,the item arrived broken. would appreciate a response soon. (ref: tk43846),TK43846,HIGH,NO
MSG00015,Quick question about the dashboard. Hoping to hear back this week. Let me know what you need from me. Ticket #TK34434.,TK34434,HIGH,YES
MSG00016,my order still hasn't arrived. not time-sensitive. (ref: tk66510),TK66510,LOW,NO
MSG00017,Your service has been down since last night. I need this resolved right away. Let me know what you need from me. (ref: TK71802),TK71802,HIGH,YES
MSG00018,Case TK43544. The delivery is way later than promised. Would appreciate a response soon. Appreciate your help.,TK43544,HIGH,NO
MSG00019,I can't sign in no matter what I try. Case TK37789.,TK37789,LOW,NO
MSG00020,Reference number TK58616. Everything is offline on my end. I've already emailed twice with no reply. Let me know what you need from me.,TK58616,HIGH,YES
MSG00021,My invoice doesn't match what I agreed to. Please treat this as high priority. Reference number TK24195.,TK24195,MEDIUM,YES
MSG00022,Just wondering how the mobile app works. Hoping to hear back this week. (ref: TK53690),TK53690,HIGH,YES
MSG00023,Could you clarify something about my plan? Let me know what you need from me. Re: TK33507.,TK33507,LOW,YES
MSG00024,Case TK93564. The delivery is way later than promised.,TK93564,MEDIUM,YES
MSG00025,Ticket #TK00507. Everything is offline on my end. I need this resolved right away. Appreciate your help.,TK00507,HIGH,YES
MSG00026,Have you considered bulk export? Hoping to hear back this week. Thanks. Re: TK25621.,TK25621,LOW,YES
MSG00027,Re: TK04554. Your service has been down since about an hour ago. Appreciate your help.,TK04554,HIGH,YES
MSG00028,Quick question about the billing portal. Let me know when you can. Let me know what you need from me. (ref: TK85883),TK85883,MEDIUM,NO
MSG00029,Re: TK26078. Could you clarify something about my plan? This is urgent. Appreciate your help.,TK26078,HIGH,NO
MSG00030,Reference number TK98534. My order still hasn't arrived.,TK98534,LOW,NO
MSG00031,Tracking hasn't updated in days. Would appreciate a response soon. Let me know what you need from me. Ticket #TK32317.,TK32317,LOW,YES
MSG00032,Ticket #TK67016. Have you considered a public API? I need this resolved right away.,TK67016,HIGH,NO
MSG00033,Just wondering how the API works. This is the second time I've reached out about this. Whenever you get a chance is fine. Appreciate your help. (ref: TK45367),TK45367,LOW,YES
MSG00034,Case TK67497. I'm locked out of my account. No rush at all. Appreciate your help.,TK67497,HIGH,NO
MSG00035,It would be great if you added dark mode. Thanks. Re: TK91138.,TK91138,LOW,NO
MSG00036,Just wondering how the dashboard works. Let me know what you need from me. (ref: TK72849),TK72849,LOW,YES
MSG00037,(ref: TK12858) I can't access the API at all. This is the second time I've reached out about this. Thanks.,TK12858,HIGH,YES
MSG00038,Reference number TK53748. I'm locked out of my account. Let me know what you need from me.,TK53748,LOW,YES
MSG00039,Just wondering how the dashboard works. Please treat this as high priority. Ticket #TK34841.,TK34841,LOW,YES
MSG00040,Ticket #TK26815. The package showed up damaged. Thanks.,TK26815,LOW,NO
MSG00041,My invoice doesn't match what I agreed to. Thanks. Re: TK78448.,TK78448,HIGH,YES
MSG00042,Your service has been down since yesterday. Ticket #TK02204.,TK02204,HIGH,YES
MSG00043,Ticket #TK89057. The package showed up damaged. Would appreciate a response soon. Appreciate your help.,TK89057,HIGH,NO
MSG00044,The package showed up damaged. Whenever you get a chance is fine. Let me know what you need from me. Re: TK62423.,TK62423,LOW,NO
MSG00045,Re: TK89300. Have you considered dark mode? Hoping to hear back this week.,TK89300,LOW,NO
MSG00046,Everything is offline on my end. Let me know when you can. Thanks. Case TK82810.,TK82810,HIGH,YES
MSG00047,reference number tk20597. the package showed up damaged. no rush at all. thanks.,TK20597,LOW,NO
MSG00048,Ticket #TK00006. Just wondering how the API works. Let me know what you need from me.,TK00006,HIGH,NO
MSG00049,there's a charge i don't recognize. no rush at all. case tk36554.,TK36554,HIGH,NO
MSG00050,Reference number TK12743. It would be great if you added dark mode. Not time-sensitive.,TK12743,LOW,NO
MSG00051,Could you clarify something about my plan? Let me know what you need from me. Case TK22044.,TK22044,MEDIUM,NO
MSG00052,The delivery is way later than promised. I contacted support about this last week too. Appreciate your help. (ref: TK03955),TK03955,HIGH,NO
MSG00053,Quick question about the billing portal. Let me know when you can. Let me know what you need from me. Case TK28334.,TK28334,LOW,YES
MSG00054,Re: TK80823. Just wondering how the API works. Appreciate your help.,TK80823,LOW,NO
MSG00055,Re: TK92467. The package showed up damaged. Please treat this as high priority. Thanks.,TK92467,LOW,YES
MSG00056,Have you considered usage alerts? Appreciate your help. Re: TK93012.,TK93012,LOW,YES
MSG00057,My login keeps failing after the update. Thanks. (ref: TK43325),TK43325,LOW,YES
MSG00058,The package showed up damaged. This is the second time I've reached out about this. Let me know what you need from me. Reference number TK25141.,TK25141,LOW,NO
MSG00059,I'm locked out of my account. No rush at all. Thanks. Reference number TK26650.,TK26650,LOW,NO
MSG00060,have you considered bulk export? thanks. re: tk19388.,TK19388,LOW,YES
MSG00061,Reference number TK91260. Have you considered SSO login? I've already emailed twice with no reply. No rush at all.,TK91260,LOW,YES
MSG00062,My order still hasn't arrived. Would appreciate a response soon. Thanks. Ticket #TK31413.,TK31413,LOW,YES
MSG00063,(ref: TK95605) My invoice doesn't match what I agreed to. Hoping to hear back this week. Appreciate your help.,TK95605,HIGH,YES
MSG00064,I can't access the API at all. (ref: TK33178),TK33178,HIGH,YES
MSG00065,The delivery is way later than promised. Appreciate your help. (ref: TK15942),TK15942,LOW,YES
MSG00066,Reference number TK52116. I'm locked out of my account. Please treat this as high priority.,TK52116,HIGH,YES
MSG00067,Tracking hasn't updated in days. Appreciate your help. (ref: TK27164),TK27164,HIGH,NO
MSG00068,Reference number TK91513. Have you considered a public API? Please treat this as high priority. Appreciate your help.,TK91513,HIGH,YES
MSG00069,What I received doesn't work at all. I've already emailed twice with no reply. Let me know what you need from me. Case TK61237.,TK61237,LOW,YES
MSG00070,(ref: TK55003) Have you considered SSO login? I contacted support about this last week too. Let me know what you need from me.,TK55003,LOW,NO
MSG00071,Ticket #TK73037. I can't sign in no matter what I try. I need this resolved right away. Thanks.,TK73037,LOW,YES
MSG00072,ticket #tk30567. i can't access the api at all. whenever you get a chance is fine. appreciate your help.,TK30567,HIGH,YES
MSG00073,reference number tk83602. your service has been down since about an hour ago. this is urgent. let me know what you need from me.,TK83602,HIGH,YES
MSG00074,The package showed up damaged. I contacted support about this last week too. Hoping to hear back this week. Let me know what you need from me. Reference number TK38672.,TK38672,HIGH,YES
MSG00075,The package showed up damaged. Whenever you get a chance is fine. Thanks. Case TK68128.,TK68128,LOW,YES
MSG00076,Ticket #TK06255. The package showed up damaged. No rush at all. Thanks.,TK06255,HIGH,NO
MSG00077,reference number tk66926. just wondering how the api works. this is the second time i've reached out about this. not time-sensitive. thanks.,TK66926,LOW,YES
MSG00078,Re: TK17272. My login keeps failing after the update. Let me know what you need from me.,TK17272,LOW,NO
MSG00079,It would be great if you added dark mode. No rush at all. Thanks. Re: TK32277.,TK32277,HIGH,NO
MSG00080,Case TK85802. My order still hasn't arrived. Thanks.,TK85802,LOW,YES
MSG00081,The package showed up damaged. Let me know what you need from me. Case TK79549.,TK79549,LOW,YES
MSG00082,(ref: TK98065) I can't access the dashboard at all. I contacted support about this last week too. Appreciate your help.,TK98065,HIGH,NO
MSG00083,Your service has been down since yesterday. No rush at all. Appreciate your help. Case TK16698.,TK16698,LOW,NO
MSG00084,I'm locked out of my account. I contacted support about this last week too. No rush at all. Let me know what you need from me. Reference number TK30866.,TK30866,HIGH,YES
MSG00085,Quick question about the dashboard. Let me know what you need from me. (ref: TK30512),TK30512,LOW,NO
MSG00086,I'm locked out of my account. Not time-sensitive. Thanks. (ref: TK49406),TK49406,HIGH,NO
MSG00087,The delivery is way later than promised. Not time-sensitive. Ticket #TK00886.,TK00886,LOW,NO
MSG00088,(ref: TK41010) Have you considered SSO login? Whenever you get a chance is fine.,TK41010,HIGH,NO
MSG00089,Ticket #TK89008. Just wondering how the billing portal works. Please treat this as high priority. Thanks.,TK89008,HIGH,YES
MSG00090,Reference number TK24693. It would be great if you added a public API. I need this resolved right away.,TK24693,LOW,NO
MSG00091,Quick question about my account. Appreciate your help. Re: TK71655.,TK71655,HIGH,YES
MSG00092,Quick question about the mobile app. Please treat this as high priority. Thanks. Ticket #TK04630.,TK04630,LOW,YES
MSG00093,Could you clarify something about my plan? Let me know when you can. Appreciate your help. Reference number TK42980.,TK42980,LOW,NO
MSG00094,Your service has been down since last night. No rush at all. Let me know what you need from me. Reference number TK89561.,TK89561,LOW,NO
MSG00095,There's a charge I don't recognize. I contacted support about this last week too. Whenever you get a chance is fine. Let me know what you need from me. Ticket #TK77377.,TK77377,LOW,YES
MSG00096,Your service has been down since about an hour ago. Thanks. Case TK55637.,TK55637,HIGH,YES
MSG00097,case tk30312. i was charged twice this month.,TK30312,MEDIUM,YES
MSG00098,Re: TK91657. Could you clarify something about my plan? This is urgent. Thanks.,TK91657,LOW,NO
MSG00099,It would be great if you added dark mode. This is urgent. Thanks. Re: TK08406.,TK08406,HIGH,YES
MSG00100,I can't access my account at all. This is the second time I've reached out about this. Hoping to hear back this week. Ticket #TK30723.,TK30723,HIGH,YES
MSG00101,Ticket #TK26487. Any chance usage alerts could be supported? This is urgent. Thanks.,TK26487,LOW,YES
MSG00102,Ticket #TK49933. I was charged twice this month. Not time-sensitive.,TK49933,HIGH,NO
MSG00103,Reference number TK36595. What I received doesn't work at all. I need this resolved right away.,TK36595,HIGH,NO
MSG00104,just wondering how my account works. hoping to hear back this week. case tk13898.,TK13898,LOW,YES
MSG00105,Reference number TK20923. Tracking hasn't updated in days. This is the second time I've reached out about this. Not time-sensitive. Let me know what you need from me.,TK20923,HIGH,YES
MSG00106,(ref: TK41329) I'm locked out of my account. No rush at all. Appreciate your help.,TK41329,LOW,NO
MSG00107,Ticket #TK02751. Your service has been down since yesterday. Hoping to hear back this week. Appreciate your help.,TK02751,LOW,NO
MSG00108,Re: TK01476. Could you clarify something about my plan? I need this resolved right away. Let me know what you need from me.,TK01476,HIGH,NO
MSG00109,re: tk54197. everything is offline on my end. no rush at all.,TK54197,LOW,YES
MSG00110,(ref: TK12387) Your service has been down since yesterday. Appreciate your help.,TK12387,HIGH,NO
MSG00111,My invoice doesn't match what I agreed to. Hoping to hear back this week. Re: TK50911.,TK50911,LOW,NO
MSG00112,I'm locked out of my account. This is the second time I've reached out about this. Would appreciate a response soon. Let me know what you need from me. Ticket #TK93819.,TK93819,HIGH,NO
MSG00113,Ticket #TK51040. The delivery is way later than promised. I contacted support about this last week too. Thanks.,TK51040,LOW,YES
MSG00114,(ref: TK78615) Just wondering how the billing portal works. Please treat this as high priority. Thanks.,TK78615,LOW,YES
MSG00115,The package showed up damaged. This is the second time I've reached out about this. Reference number TK43848.,TK43848,HIGH,NO
MSG00116,i'm locked out of my account. let me know when you can. thanks. re: tk62962.,TK62962,HIGH,NO
MSG00117,(ref: TK43776) Could you clarify something about my plan? Not time-sensitive. Appreciate your help.,TK43776,LOW,NO
MSG00118,My login keeps failing after the update. Would appreciate a response soon. (ref: TK32440),TK32440,HIGH,YES
MSG00119,It would be great if you added usage alerts. Hoping to hear back this week. Appreciate your help. Reference number TK51688.,TK51688,HIGH,NO
MSG00120,Re: TK79186. Just wondering how the dashboard works. Would appreciate a response soon. Appreciate your help.,TK79186,HIGH,NO
MSG00121,Re: TK71620. What I received doesn't work at all. Please treat this as high priority.,TK71620,LOW,YES
MSG00122,(ref: TK36696) It would be great if you added a public API. I need this resolved right away.,TK36696,MEDIUM,YES
MSG00123,Reference number TK10779. It would be great if you added usage alerts. Let me know what you need from me.,TK10779,MEDIUM,YES
MSG00124,Ticket #TK64927. My order still hasn't arrived. Appreciate your help.,TK64927,HIGH,NO
MSG00125,The item arrived broken. Whenever you get a chance is fine. Appreciate your help. Re: TK66275.,TK66275,HIGH,NO
MSG00126,reference number tk25696. i can't access the mobile app at all. i've already emailed twice with no reply. appreciate your help.,TK25696,HIGH,NO
MSG00127,Just wondering how the dashboard works. Re: TK08622.,TK08622,HIGH,NO
MSG00128,It would be great if you added usage alerts. Not time-sensitive. Let me know what you need from me. Re: TK93869.,TK93869,HIGH,NO
MSG00129,I can't sign in no matter what I try. No rush at all. Thanks. Ticket #TK04996.,TK04996,HIGH,NO
MSG00130,(ref: TK26566) There's a charge I don't recognize. Let me know what you need from me.,TK26566,LOW,NO
MSG00131,Could you clarify something about my plan? This is the second time I've reached out about this. Thanks. (ref: TK16795),TK16795,LOW,YES
MSG00132,Ticket #TK28027. Quick question about the API.,TK28027,HIGH,NO
MSG00133,Have you considered a public API? I've already emailed twice with no reply. Let me know what you need from me. Reference number TK48129.,TK48129,LOW,NO
MSG00134,Ticket #TK94843. I was charged twice this month. Hoping to hear back this week. Let me know what you need from me.,TK94843,HIGH,YES
MSG00135,Could you clarify something about my plan? I contacted support about this last week too. Would appreciate a response soon. Thanks. (ref: TK00797),TK00797,HIGH,YES
MSG00136,My login keeps failing after the update. Not time-sensitive. Appreciate your help. Re: TK46887.,TK46887,HIGH,YES
MSG00137,Ticket #TK59065. There's a charge I don't recognize. I've already emailed twice with no reply. Whenever you get a chance is fine. Let me know what you need from me.,TK59065,LOW,NO
MSG00138,The delivery is way later than promised. Please treat this as high priority. Let me know what you need from me. Re: TK71421.,TK71421,MEDIUM,YES
MSG00139,My order still hasn't arrived. Let me know what you need from me. (ref: TK20336),TK20336,HIGH,YES
MSG00140,Case TK07176. There's a charge I don't recognize.,TK07176,LOW,YES
MSG00141,Re: TK70977. There's a charge I don't recognize. I've already emailed twice with no reply. No rush at all. Appreciate your help.,TK70977,LOW,YES
MSG00142,Reference number TK06764. Tracking hasn't updated in days. Please treat this as high priority. Let me know what you need from me.,TK06764,MEDIUM,YES
MSG00143,have you considered usage alerts? this is urgent. thanks. ticket #tk59630.,TK59630,LOW,YES
MSG00144,Case TK10797. The delivery is way later than promised. Let me know what you need from me.,TK10797,LOW,NO
MSG00145,Reference number TK00117. I can't sign in no matter what I try. Hoping to hear back this week.,TK00117,HIGH,NO
MSG00146,I'm locked out of my account. Let me know when you can. Let me know what you need from me. Case TK77945.,TK77945,HIGH,YES
MSG00147,Ticket #TK95499. Tracking hasn't updated in days. Would appreciate a response soon.,TK95499,HIGH,NO
MSG00148,Quick question about the billing portal. I contacted support about this last week too. Would appreciate a response soon. Let me know what you need from me. Re: TK55002.,TK55002,HIGH,NO
MSG00149,Reference number TK47589. Tracking hasn't updated in days. Would appreciate a response soon.,TK47589,LOW,NO
MSG00150,Case TK23902. Everything is offline on my end. I've already emailed twice with no reply. No rush at all.,TK23902,LOW,YES
MSG00151,Reference number TK61285. Just wondering how the dashboard works. This is urgent.,TK61285,HIGH,NO
MSG00152,Reference number TK12888. Quick question about the billing portal. This is the second time I've reached out about this. Would appreciate a response soon. Let me know what you need from me.,TK12888,HIGH,YES
MSG00153,Quick question about my account. I've already emailed twice with no reply. Appreciate your help. Ticket #TK19956.,TK19956,LOW,NO
MSG00154,It would be great if you added dark mode. This is urgent. Appreciate your help. (ref: TK10711),TK10711,LOW,YES
MSG00155,(ref: TK67315) The item arrived broken. This is the second time I've reached out about this. I need this resolved right away. Let me know what you need from me.,TK67315,HIGH,YES
MSG00156,I can't sign in no matter what I try. Let me know what you need from me. Reference number TK95377.,TK95377,HIGH,YES
MSG00157,The delivery is way later than promised. Appreciate your help. Ticket #TK89202.,TK89202,HIGH,NO
MSG00158,The delivery is way later than promised. Whenever you get a chance is fine. Let me know what you need from me. (ref: TK79848),TK79848,HIGH,NO
MSG00159,Any chance SSO login could be supported? Let me know when you can. Thanks. Ticket #TK20804.,TK20804,HIGH,NO
MSG00160,I can't access the dashboard at all. Appreciate your help. Ticket #TK10998.,TK10998,HIGH,NO
MSG00161,There's a charge I don't recognize. Thanks. Reference number TK99122.,TK99122,MEDIUM,NO
MSG00162,Ticket #TK33063. My login keeps failing after the update. Thanks.,TK33063,LOW,YES
MSG00163,Case TK22301. Tracking hasn't updated in days. I contacted support about this last week too. Appreciate your help.,TK22301,HIGH,NO
MSG00164,Re: TK46256. I was charged twice this month. I need this resolved right away. Let me know what you need from me.,TK46256,LOW,YES
MSG00165,My order still hasn't arrived. Not time-sensitive. Re: TK59557.,TK59557,LOW,YES
MSG00166,Case TK08272. Everything is offline on my end. Let me know when you can. Appreciate your help.,TK08272,LOW,YES
MSG00167,Ticket #TK42867. My login keeps failing after the update. Thanks.,TK42867,HIGH,YES
MSG00168,Re: TK34575. I can't access the API at all.,TK34575,LOW,YES
MSG00169,(ref: TK81427) What I received doesn't work at all. Thanks.,TK81427,HIGH,YES
MSG00170,(ref: tk14525) the package showed up damaged. i contacted support about this last week too. would appreciate a response soon. appreciate your help.,TK14525,LOW,YES
MSG00171,Your service has been down since last night. Whenever you get a chance is fine. Let me know what you need from me. Case TK70844.,TK70844,HIGH,YES
MSG00172,Reference number TK97346. The package showed up damaged. Hoping to hear back this week. Let me know what you need from me.,TK97346,MEDIUM,NO
MSG00173,The delivery is way later than promised. Whenever you get a chance is fine. Appreciate your help. Ticket #TK71229.,TK71229,LOW,NO
MSG00174,Reference number TK39682. The delivery is way later than promised. Let me know what you need from me.,TK39682,LOW,NO
MSG00175,Ticket #TK68008. Tracking hasn't updated in days.,TK68008,HIGH,NO
MSG00176,Reference number TK48208. What I received doesn't work at all. I've already emailed twice with no reply. Appreciate your help.,TK48208,LOW,NO
MSG00177,Ticket #TK77662. What I received doesn't work at all. This is urgent.,TK77662,HIGH,YES
MSG00178,Re: TK52250. There's a charge I don't recognize.,TK52250,LOW,YES
MSG00179,i can't sign in no matter what i try. let me know when you can. re: tk97218.,TK97218,LOW,YES
MSG00180,I'm locked out of my account. Please treat this as high priority. Appreciate your help. Reference number TK12225.,TK12225,HIGH,YES
MSG00181,Have you considered SSO login? I contacted support about this last week too. Hoping to hear back this week. Appreciate your help. Ticket #TK44330.,TK44330,HIGH,YES
MSG00182,There's a charge I don't recognize. Re: TK44670.,TK44670,HIGH,YES
MSG00183,Could you clarify something about my plan? I've already emailed twice with no reply. No rush at all. Thanks. Case TK91198.,TK91198,HIGH,NO
MSG00184,(ref: TK26810) Everything is offline on my end. Appreciate your help.,TK26810,HIGH,YES
MSG00185,I can't access the billing portal at all. Let me know what you need from me. Re: TK80756.,TK80756,LOW,NO
MSG00186,Re: TK72594. Just wondering how the dashboard works. Let me know what you need from me.,TK72594,LOW,YES
MSG00187,My invoice doesn't match what I agreed to. Reference number TK28634.,TK28634,LOW,YES
MSG00188,Your service has been down since about an hour ago. This is urgent. Appreciate your help. Case TK78954.,TK78954,HIGH,YES
MSG00189,My login keeps failing after the update. This is the second time I've reached out about this. This is urgent. Let me know what you need from me. Case TK86672.,TK86672,LOW,YES
MSG00190,Could you clarify something about my plan? I contacted support about this last week too. Would appreciate a response soon. Appreciate your help. (ref: TK60989),TK60989,HIGH,NO
MSG00191,Any chance a public API could be supported? I contacted support about this last week too. Thanks. Re: TK79577.,TK79577,LOW,YES
MSG00192,Quick question about my account. Not time-sensitive. Thanks. Case TK26683.,TK26683,LOW,NO
MSG00193,Re: TK45604. Have you considered dark mode? Thanks.,TK45604,LOW,NO
MSG00194,It would be great if you added a public API. Thanks. Case TK44975.,TK44975,LOW,NO
MSG00195,i was charged twice this month. let me know what you need from me. reference number tk81493.,TK81493,LOW,NO
MSG00196,case tk40780. any chance usage alerts could be supported? not time-sensitive. let me know what you need from me.,TK40780,HIGH,NO
MSG00197,Have you considered dark mode? I need this resolved right away. Case TK28450.,TK28450,LOW,NO
MSG00198,the delivery is way later than promised. this is the second time i've reached out about this. ticket #tk03854.,TK03854,HIGH,NO
MSG00199,(ref: TK53902) Just wondering how my account works. Thanks.,TK53902,HIGH,YES
MSG00200,Could you clarify something about my plan? I've already emailed twice with no reply. Appreciate your help. Ticket #TK16944.,TK16944,LOW,YES
MSG00201,I was charged twice this month. This is the second time I've reached out about this. Whenever you get a chance is fine. Thanks. Case TK91685.,TK91685,LOW,NO
MSG00202,I'm locked out of my account. No rush at all. Appreciate your help. Re: TK09241.,TK09241,LOW,NO
MSG00203,Case TK69406. Just wondering how the billing portal works. Let me know what you need from me.,TK69406,LOW,YES
MSG00204,My order still hasn't arrived. I need this resolved right away. Appreciate your help. Ticket #TK98317.,TK98317,HIGH,YES
MSG00205,Ticket #TK64641. I can't sign in no matter what I try. Let me know what you need from me.,TK64641,LOW,NO
MSG00206,Ticket #TK93149. Could you clarify something about my plan? I contacted support about this last week too. Please treat this as high priority. Appreciate your help.,TK93149,LOW,YES
MSG00207,Re: TK50926. There's a charge I don't recognize. I've already emailed twice with no reply. No rush at all. Thanks.,TK50926,HIGH,YES
MSG00208,Re: TK40843. My invoice doesn't match what I agreed to. No rush at all. Thanks.,TK40843,LOW,NO
MSG00209,Re: TK10365. Tracking hasn't updated in days. Whenever you get a chance is fine. Thanks.,TK10365,LOW,NO
MSG00210,Quick question about the API. I contacted support about this last week too. No rush at all. Appreciate your help. Case TK60216.,TK60216,HIGH,NO
MSG00211,Case TK35555. Your service has been down since last night. Whenever you get a chance is fine. Appreciate your help.,TK35555,HIGH,YES
MSG00212,It would be great if you added bulk export. I contacted support about this last week too. Reference number TK33788.,TK33788,MEDIUM,NO
MSG00213,Everything is offline on my end. Appreciate your help. Ticket #TK19791.,TK19791,HIGH,YES
MSG00214,Have you considered bulk export? This is the second time I've reached out about this. Thanks. Ticket #TK34030.,TK34030,HIGH,NO
MSG00215,have you considered a public api? hoping to hear back this week. thanks. re: tk24810.,TK24810,MEDIUM,YES
MSG00216,The package showed up damaged. Let me know when you can. Thanks. (ref: TK06161),TK06161,LOW,NO
MSG00217,I can't access the dashboard at all. Thanks. Re: TK44160.,TK44160,HIGH,NO
MSG00218,It would be great if you added SSO login. No rush at all. Appreciate your help. Ticket #TK38611.,TK38611,HIGH,YES
MSG00219,any chance bulk export could be supported? this is the second time i've reached out about this. please treat this as high priority. re: tk28309.,TK28309,MEDIUM,YES
MSG00220,(ref: TK40765) What I received doesn't work at all. Would appreciate a response soon.,TK40765,LOW,YES
MSG00221,The package showed up damaged. Whenever you get a chance is fine. Ticket #TK10637.,TK10637,MEDIUM,NO
MSG00222,Ticket #TK56065. Everything is offline on my end. Hoping to hear back this week. Let me know what you need from me.,TK56065,LOW,YES
MSG00223,The item arrived broken. Let me know what you need from me. Ticket #TK76976.,TK76976,MEDIUM,YES
MSG00224,Reference number TK34924. My order still hasn't arrived. I contacted support about this last week too. Let me know what you need from me.,TK34924,HIGH,YES
MSG00225,What I received doesn't work at all. This is urgent. (ref: TK71330),TK71330,LOW,YES
MSG00226,(ref: TK96958) The item arrived broken. Not time-sensitive. Thanks.,TK96958,HIGH,NO
MSG00227,Quick question about my account. Whenever you get a chance is fine. Thanks. Ticket #TK02273.,TK02273,MEDIUM,YES
MSG00228,Ticket #TK73388. I was charged twice this month. Please treat this as high priority. Let me know what you need from me.,TK73388,LOW,NO
MSG00229,Just wondering how the dashboard works. I contacted support about this last week too. Would appreciate a response soon. Thanks. Re: TK73511.,TK73511,MEDIUM,YES
MSG00230,Reference number TK02500. My order still hasn't arrived. I need this resolved right away.,TK02500,HIGH,NO
MSG00231,There's a charge I don't recognize. Thanks. (ref: TK83701),TK83701,LOW,NO
MSG00232,Quick question about the billing portal. Appreciate your help. Re: TK48214.,TK48214,HIGH,YES
MSG00233,The item arrived broken. Would appreciate a response soon. Thanks. Case TK18587.,TK18587,HIGH,YES
MSG00234,Ticket #TK71016. Quick question about the API. This is the second time I've reached out about this. Thanks.,TK71016,LOW,YES
MSG00235,Ticket #TK35511. Everything is offline on my end. Let me know when you can. Let me know what you need from me.,TK35511,HIGH,NO
MSG00236,The package showed up damaged. Let me know when you can. Let me know what you need from me. (ref: TK03341),TK03341,HIGH,YES
MSG00237,(ref: TK81088) Could you clarify something about my plan? Whenever you get a chance is fine. Let me know what you need from me.,TK81088,MEDIUM,NO
MSG00238,Everything is offline on my end. This is urgent. Let me know what you need from me. Case TK39776.,TK39776,HIGH,YES
MSG00239,The package showed up damaged. Not time-sensitive. Appreciate your help. Re: TK20886.,TK20886,HIGH,YES
MSG00240,Could you clarify something about my plan? Let me know what you need from me. Re: TK11766.,TK11766,LOW,YES
MSG00241,Case TK29145. I was charged twice this month. This is the second time I've reached out about this. No rush at all. Appreciate your help.,TK29145,LOW,NO
MSG00242,Re: TK77385. Any chance usage alerts could be supported? Appreciate your help.,TK77385,HIGH,NO
MSG00243,Case TK27605. What I received doesn't work at all. No rush at all. Let me know what you need from me.,TK27605,LOW,NO
MSG00244,I'm locked out of my account. I contacted support about this last week too. Whenever you get a chance is fine. Re: TK10123.,TK10123,LOW,NO
MSG00245,Your service has been down since yesterday. Thanks. Ticket #TK33149.,TK33149,LOW,YES
MSG00246,(ref: TK33889) Have you considered dark mode? Whenever you get a chance is fine. Let me know what you need from me.,TK33889,HIGH,YES
MSG00247,(ref: TK20972) Everything is offline on my end. I contacted support about this last week too. Let me know what you need from me.,TK20972,HIGH,NO
MSG00248,Case TK30280. I was charged twice this month.,TK30280,LOW,YES
MSG00249,Have you considered usage alerts? I contacted support about this last week too. No rush at all. Thanks. Reference number TK20832.,TK20832,HIGH,YES
MSG00250,case tk10175. your service has been down since this morning. whenever you get a chance is fine. let me know what you need from me.,TK10175,HIGH,YES
MSG00251,(ref: tk67021) i'm locked out of my account. i need this resolved right away. thanks.,TK67021,HIGH,NO
MSG00252,Re: TK81540. What I received doesn't work at all. Let me know when you can. Thanks.,TK81540,MEDIUM,YES
MSG00253,(ref: TK29263) The package showed up damaged. Appreciate your help.,TK29263,HIGH,NO
MSG00254,The item arrived broken. This is the second time I've reached out about this. No rush at all. Appreciate your help. Case TK54531.,TK54531,LOW,NO
MSG00255,(ref: TK94003) There's a charge I don't recognize. Thanks.,TK94003,HIGH,YES
MSG00256,I can't access the API at all. I've already emailed twice with no reply. Let me know what you need from me. Reference number TK57015.,TK57015,HIGH,YES
MSG00257,I can't access the billing portal at all. Please treat this as high priority. Let me know what you need from me. (ref: TK11493),TK11493,LOW,YES
MSG00258,case tk89517. my invoice doesn't match what i agreed to. hoping to hear back this week.,TK89517,LOW,YES
MSG00259,Ticket #TK74632. Your service has been down since this morning. Let me know what you need from me.,TK74632,HIGH,YES
MSG00260,The delivery is way later than promised. Whenever you get a chance is fine. Thanks. Reference number TK75330.,TK75330,HIGH,NO
MSG00261,Re: TK11418. Everything is offline on my end. Whenever you get a chance is fine. Let me know what you need from me.,TK11418,HIGH,YES
MSG00262,Case TK94220. The package showed up damaged. Whenever you get a chance is fine. Let me know what you need from me.,TK94220,HIGH,YES
MSG00263,my login keeps failing after the update. not time-sensitive. appreciate your help. re: tk60895.,TK60895,HIGH,YES
MSG00264,Case TK65167. My invoice doesn't match what I agreed to. This is the second time I've reached out about this.,TK65167,LOW,YES
MSG00265,The delivery is way later than promised. Thanks. (ref: TK80318),TK80318,MEDIUM,YES
MSG00266,(ref: TK25244) Your service has been down since yesterday. I've already emailed twice with no reply. Not time-sensitive. Appreciate your help.,TK25244,HIGH,YES
MSG00267,Re: TK28828. Everything is offline on my end. Let me know what you need from me.,TK28828,HIGH,YES
MSG00268,Everything is offline on my end. I've already emailed twice with no reply. Would appreciate a response soon. Thanks. (ref: TK90508),TK90508,MEDIUM,NO
MSG00269,Case TK92308. Any chance usage alerts could be supported? Let me know what you need from me.,TK92308,HIGH,YES
MSG00270,Ticket #TK20157. The delivery is way later than promised. Please treat this as high priority. Appreciate your help.,TK20157,HIGH,YES
MSG00271,Have you considered a public API? I need this resolved right away. Let me know what you need from me. (ref: TK76970),TK76970,HIGH,YES
MSG00272,Your service has been down since about an hour ago. Please treat this as high priority. Reference number TK15050.,TK15050,HIGH,YES
MSG00273,re: tk99060. everything is offline on my end. would appreciate a response soon.,TK99060,LOW,YES
MSG00274,Your service has been down since about an hour ago. Let me know when you can. (ref: TK05504),TK05504,HIGH,YES
MSG00275,Re: TK19377. My invoice doesn't match what I agreed to. I've already emailed twice with no reply. Whenever you get a chance is fine. Thanks.,TK19377,HIGH,NO
MSG00276,I can't access the dashboard at all. Let me know what you need from me. Re: TK71589.,TK71589,MEDIUM,NO
MSG00277,my login keeps failing after the update. i contacted support about this last week too. not time-sensitive. re: tk52933.,TK52933,LOW,NO
MSG00278,Ticket #TK18044. Have you considered dark mode? Let me know what you need from me.,TK18044,LOW,YES
MSG00279,Everything is offline on my end. I've already emailed twice with no reply. Please treat this as high priority. Let me know what you need from me. Case TK45904.,TK45904,HIGH,YES
MSG00280,Case TK80305. The delivery is way later than promised. I need this resolved right away. Appreciate your help.,TK80305,LOW,NO
MSG00281,Just wondering how the dashboard works. Let me know what you need from me. Case TK64625.,TK64625,MEDIUM,YES
MSG00282,I can't sign in no matter what I try. Hoping to hear back this week. Case TK13289.,TK13289,MEDIUM,NO
MSG00283,Re: TK12986. Everything is offline on my end. Let me know when you can. Thanks.,TK12986,HIGH,NO
MSG00284,re: tk33719. i'm locked out of my account. no rush at all.,TK33719,LOW,NO
MSG00285,just wondering how the mobile app works. whenever you get a chance is fine. let me know what you need from me. ticket #tk88397.,TK88397,HIGH,NO
MSG00286,Ticket #TK36314. Could you clarify something about my plan? This is the second time I've reached out about this. I need this resolved right away. Thanks.,TK36314,LOW,NO
MSG00287,The item arrived broken. Whenever you get a chance is fine. Thanks. Re: TK83513.,TK83513,HIGH,YES
MSG00288,Case TK67872. The item arrived broken. I contacted support about this last week too. Let me know when you can. Appreciate your help.,TK67872,HIGH,YES
MSG00289,(ref: TK29496) I'm locked out of my account. Thanks.,TK29496,LOW,NO
MSG00290,Reference number TK32330. Just wondering how the mobile app works. I've already emailed twice with no reply. Whenever you get a chance is fine.,TK32330,HIGH,YES
MSG00291,The delivery is way later than promised. I contacted support about this last week too. Would appreciate a response soon. Thanks. Re: TK37520.,TK37520,HIGH,NO
MSG00292,Reference number TK89997. Tracking hasn't updated in days. Thanks.,TK89997,HIGH,NO
MSG00293,There's a charge I don't recognize. Let me know what you need from me. Ticket #TK14349.,TK14349,HIGH,YES
MSG00294,Ticket #TK13806. I can't access the API at all. Let me know what you need from me.,TK13806,HIGH,NO
MSG00295,Case TK38823. It would be great if you added bulk export. Appreciate your help.,TK38823,LOW,YES
MSG00296,My login keeps failing after the update. Thanks. Case TK74145.,TK74145,HIGH,YES
MSG00297,Ticket #TK66404. Tracking hasn't updated in days. No rush at all. Thanks.,TK66404,MEDIUM,YES
MSG00298,Everything is offline on my end. Please treat this as high priority. (ref: TK36212),TK36212,MEDIUM,NO
MSG00299,Re: TK30780. It would be great if you added SSO login. Appreciate your help.,TK30780,HIGH,NO
MSG00300,Tracking hasn't updated in days. This is urgent. Appreciate your help. Ticket #TK59345.,TK59345,HIGH,YES
MSG00301,(ref: TK95859) I was charged twice this month. I've already emailed twice with no reply. Let me know what you need from me.,TK95859,LOW,NO
MSG00302,The package showed up damaged. No rush at all. Appreciate your help. Case TK27192.,TK27192,LOW,YES
MSG00303,Reference number TK13823. My invoice doesn't match what I agreed to. Not time-sensitive. Appreciate your help.,TK13823,HIGH,YES
MSG00304,Re: TK38744. Everything is offline on my end. I've already emailed twice with no reply. Appreciate your help.,TK38744,LOW,NO
MSG00305,(ref: TK13252) The package showed up damaged. Appreciate your help.,TK13252,HIGH,NO
MSG00306,ticket #tk85798. quick question about the billing portal. i contacted support about this last week too. whenever you get a chance is fine. let me know what you need from me.,TK85798,LOW,YES
MSG00307,What I received doesn't work at all. Not time-sensitive. Appreciate your help. Re: TK40492.,TK40492,HIGH,YES
MSG00308,Have you considered bulk export? Let me know when you can. Appreciate your help. (ref: TK99002),TK99002,HIGH,YES
MSG00309,Ticket #TK12873. Could you clarify something about my plan? I've already emailed twice with no reply. No rush at all. Let me know what you need from me.,TK12873,HIGH,NO
MSG00310,The delivery is way later than promised. Appreciate your help. (ref: TK47311),TK47311,LOW,YES
MSG00311,Reference number TK84951. What I received doesn't work at all. Let me know when you can. Let me know what you need from me.,TK84951,LOW,NO
MSG00312,Case TK37412. Tracking hasn't updated in days. No rush at all.,TK37412,LOW,YES
MSG00313,Re: TK39071. My order still hasn't arrived. I need this resolved right away.,TK39071,LOW,NO
MSG00314,Case TK19157. The delivery is way later than promised. Let me know what you need from me.,TK19157,LOW,YES
MSG00315,Just wondering how the mobile app works. Would appreciate a response soon. Appreciate your help. Ticket #TK15095.,TK15095,MEDIUM,YES
MSG00316,(ref: TK95309) Quick question about the billing portal. Whenever you get a chance is fine. Thanks.,TK95309,HIGH,NO
MSG00317,everything is offline on my end. i've already emailed twice with no reply. appreciate your help. re: tk39346.,TK39346,LOW,YES
MSG00318,(ref: TK42382) Quick question about the dashboard. I've already emailed twice with no reply. No rush at all.,TK42382,HIGH,NO
MSG00319,What I received doesn't work at all. Not time-sensitive. Let me know what you need from me. Reference number TK21594.,TK21594,LOW,NO
MSG00320,Case TK40201. It would be great if you added bulk export. This is urgent.,TK40201,HIGH,NO
MSG00321,Reference number TK40831. Just wondering how the API works.,TK40831,LOW,NO
MSG00322,My login keeps failing after the update. Not time-sensitive. Let me know what you need from me. Case TK95800.,TK95800,LOW,YES
MSG00323,Reference number TK96273. Tracking hasn't updated in days. Hoping to hear back this week.,TK96273,MEDIUM,NO
MSG00324,Your service has been down since about an hour ago. This is urgent. Ticket #TK61117.,TK61117,HIGH,NO
MSG00325,Quick question about the billing portal. Let me know when you can. Thanks. (ref: TK95421),TK95421,LOW,YES
MSG00326,It would be great if you added SSO login. Let me know what you need from me. Case TK48801.,TK48801,LOW,NO
MSG00327,Reference number TK56649. My login keeps failing after the update. I've already emailed twice with no reply. I need this resolved right away. Let me know what you need from me.,TK56649,HIGH,YES
MSG00328,Re: TK61322. Just wondering how the mobile app works. Whenever you get a chance is fine.,TK61322,MEDIUM,YES
MSG00329,Quick question about my account. Case TK92518.,TK92518,LOW,NO
MSG00330,Ticket #TK68473. Everything is offline on my end. Would appreciate a response soon. Thanks.,TK68473,HIGH,NO
MSG00331,I was charged twice this month. Appreciate your help. Ticket #TK85476.,TK85476,MEDIUM,YES
MSG00332,My login keeps failing after the update. Re: TK01854.,TK01854,HIGH,NO
MSG00333,Your service has been down since this morning. Thanks. Ticket #TK09802.,TK09802,HIGH,YES
MSG00334,Re: TK47932. Quick question about the API. Let me know when you can. Let me know what you need from me.,TK47932,LOW,NO
MSG00335,My order still hasn't arrived. This is the second time I've reached out about this. Please treat this as high priority. Let me know what you need from me. Reference number TK21258.,TK21258,MEDIUM,YES
MSG00336,re: tk64035. i was charged twice this month. please treat this as high priority. thanks.,TK64035,HIGH,NO
MSG00337,Could you clarify something about my plan? This is the second time I've reached out about this. Let me know what you need from me. Case TK88751.,TK88751,HIGH,YES
MSG00338,Reference number TK91987. It would be great if you added dark mode. Appreciate your help.,TK91987,LOW,NO
MSG00339,have you considered a public api? let me know when you can. appreciate your help. ticket #tk75292.,TK75292,HIGH,NO
MSG00340,I was charged twice this month. I contacted support about this last week too. Thanks. Case TK94565.,TK94565,LOW,NO
MSG00341,Case TK90563. It would be great if you added bulk export. Appreciate your help.,TK90563,LOW,NO
MSG00342,Case TK66792. What I received doesn't work at all.,TK66792,HIGH,NO
MSG00343,re: tk92114. everything is offline on my end. i've already emailed twice with no reply. whenever you get a chance is fine. let me know what you need from me.,TK92114,LOW,YES
MSG00344,My order still hasn't arrived. Please treat this as high priority. Thanks. Case TK56919.,TK56919,HIGH,NO
MSG00345,Re: TK51289. Have you considered SSO login?,TK51289,LOW,YES
MSG00346,tracking hasn't updated in days. i contacted support about this last week too. thanks. (ref: tk31026),TK31026,HIGH,YES
MSG00347,It would be great if you added usage alerts. Thanks. Re: TK10722.,TK10722,LOW,YES
MSG00348,ticket #tk72542. i was charged twice this month. not time-sensitive. appreciate your help.,TK72542,MEDIUM,YES
MSG00349,My login keeps failing after the update. Thanks. Re: TK10274.,TK10274,LOW,YES
MSG00350,Your service has been down since yesterday. I contacted support about this last week too. Would appreciate a response soon. Appreciate your help. Case TK26630.,TK26630,LOW,YES
MSG00351,(ref: TK36658) It would be great if you added usage alerts. This is the second time I've reached out about this. Thanks.,TK36658,HIGH,NO
MSG00352,Case TK49768. Just wondering how the dashboard works. Thanks.,TK49768,HIGH,NO
MSG00353,Quick question about the mobile app. No rush at all. Let me know what you need from me. Case TK21801.,TK21801,LOW,NO
MSG00354,Case TK74349. My login keeps failing after the update.,TK74349,MEDIUM,YES
MSG00355,I'm locked out of my account. I've already emailed twice with no reply. This is urgent. Let me know what you need from me. (ref: TK98599),TK98599,HIGH,YES
MSG00356,Case TK72590. Just wondering how the dashboard works. Let me know what you need from me.,TK72590,HIGH,NO
MSG00357,Quick question about my account. This is urgent. Case TK67963.,TK67963,LOW,YES
MSG00358,Case TK81872. There's a charge I don't recognize. This is the second time I've reached out about this. Whenever you get a chance is fine. Let me know what you need from me.,TK81872,HIGH,NO
MSG00359,Ticket #TK32706. Tracking hasn't updated in days. I contacted support about this last week too. Appreciate your help.,TK32706,HIGH,NO
MSG00360,(ref: TK32426) I can't sign in no matter what I try. Thanks.,TK32426,LOW,NO
MSG00361,Quick question about my account. No rush at all. Reference number TK49317.,TK49317,HIGH,NO
MSG00362,Ticket #TK45754. Everything is offline on my end. Would appreciate a response soon. Let me know what you need from me.,TK45754,HIGH,NO
MSG00363,There's a charge I don't recognize. No rush at all. Let me know what you need from me. (ref: TK23425),TK23425,HIGH,NO
MSG00364,the delivery is way later than promised. i've already emailed twice with no reply. let me know what you need from me. (ref: tk55787),TK55787,LOW,YES
MSG00365,Reference number TK29288. The package showed up damaged. No rush at all. Appreciate your help.,TK29288,LOW,NO
MSG00366,Re: TK41808. I'm locked out of my account. Let me know when you can. Appreciate your help.,TK41808,HIGH,YES
MSG00367,(ref: TK92978) I was charged twice this month. Please treat this as high priority. Let me know what you need from me.,TK92978,HIGH,NO
MSG00368,re: tk83724. everything is offline on my end. i've already emailed twice with no reply. appreciate your help.,TK83724,HIGH,YES
MSG00369,Reference number TK55048. The delivery is way later than promised. Let me know when you can. Thanks.,TK55048,HIGH,NO
MSG00370,Ticket #TK86209. I can't access the API at all. Thanks.,TK86209,MEDIUM,NO
MSG00371,Re: TK20482. My login keeps failing after the update. Not time-sensitive. Thanks.,TK20482,LOW,YES
MSG00372,Ticket #TK14952. Any chance SSO login could be supported? Let me know what you need from me.,TK14952,HIGH,YES
MSG00373,Ticket #TK29703. The package showed up damaged. This is urgent. Thanks.,TK29703,LOW,YES
MSG00374,(ref: TK50468) My order still hasn't arrived. Not time-sensitive. Thanks.,TK50468,LOW,YES
MSG00375,Reference number TK55399. Could you clarify something about my plan? Hoping to hear back this week. Thanks.,TK55399,LOW,NO
MSG00376,The package showed up damaged. Re: TK19184.,TK19184,LOW,YES
MSG00377,Have you considered usage alerts? No rush at all. Appreciate your help. (ref: TK08839),TK08839,MEDIUM,NO
MSG00378,Ticket #TK03759. I was charged twice this month. Whenever you get a chance is fine. Let me know what you need from me.,TK03759,MEDIUM,YES
MSG00379,Tracking hasn't updated in days. Hoping to hear back this week. Reference number TK39304.,TK39304,LOW,NO
MSG00380,Ticket #TK23661. Could you clarify something about my plan? This is urgent. Appreciate your help.,TK23661,LOW,YES
MSG00381,Case TK60195. Quick question about the billing portal. Not time-sensitive. Let me know what you need from me.,TK60195,MEDIUM,NO
MSG00382,Re: TK63341. Have you considered dark mode? I need this resolved right away. Appreciate your help.,TK63341,MEDIUM,NO
MSG00383,Ticket #TK34284. I can't access the mobile app at all. Appreciate your help.,TK34284,LOW,YES
MSG00384,Ticket #TK32740. There's a charge I don't recognize. Whenever you get a chance is fine. Let me know what you need from me.,TK32740,HIGH,YES
MSG00385,Reference number TK46958. Have you considered bulk export? This is urgent.,TK46958,HIGH,YES
MSG00386,Reference number TK71484. Your service has been down since this morning. Please treat this as high priority. Appreciate your help.,TK71484,HIGH,YES
MSG00387,I can't access the API at all. Hoping to hear back this week. Thanks. Ticket #TK45520.,TK45520,HIGH,NO
MSG00388,Quick question about my account. Let me know what you need from me. Case TK38939.,TK38939,LOW,NO
MSG00389,Just wondering how my account works. Whenever you get a chance is fine. Let me know what you need from me. Case TK69851.,TK69851,LOW,NO
MSG00390,what i received doesn't work at all. thanks. reference number tk35972.,TK35972,LOW,NO
MSG00391,there's a charge i don't recognize. appreciate your help. reference number tk02172.,TK02172,HIGH,YES
MSG00392,I can't access the billing portal at all. Let me know when you can. Let me know what you need from me. Reference number TK26290.,TK26290,HIGH,YES
MSG00393,Re: TK94647. Your service has been down since this morning. Not time-sensitive.,TK94647,HIGH,YES
MSG00394,reference number tk31865. everything is offline on my end. no rush at all. appreciate your help.,TK31865,LOW,YES
MSG00395,any chance sso login could be supported? let me know what you need from me. re: tk84379.,TK84379,HIGH,YES
MSG00396,my login keeps failing after the update. whenever you get a chance is fine. thanks. reference number tk01761.,TK01761,LOW,YES
MSG00397,Re: TK51977. Quick question about the dashboard. No rush at all. Thanks.,TK51977,MEDIUM,YES
MSG00398,Reference number TK84605. My login keeps failing after the update. Whenever you get a chance is fine. Appreciate your help.,TK84605,HIGH,YES
MSG00399,I was charged twice this month. I contacted support about this last week too. Let me know what you need from me. Case TK97270.,TK97270,LOW,NO
MSG00400,Case TK87120. I can't access the API at all. No rush at all.,TK87120,HIGH,NO
MSG00401,Reference number TK40923. Tracking hasn't updated in days. Whenever you get a chance is fine.,TK40923,HIGH,YES
MSG00402,The delivery is way later than promised. Re: TK91279.,TK91279,HIGH,YES
MSG00403,Re: TK12368. I can't access my account at all. Let me know when you can. Appreciate your help.,TK12368,LOW,NO
MSG00404,Ticket #TK70628. Any chance usage alerts could be supported? Thanks.,TK70628,HIGH,NO
MSG00405,Your service has been down since about an hour ago. Let me know what you need from me. (ref: TK46658),TK46658,HIGH,YES
MSG00406,Re: TK75589. I can't access my account at all. This is urgent. Appreciate your help.,TK75589,HIGH,NO
MSG00407,(ref: TK34332) My invoice doesn't match what I agreed to. Let me know what you need from me.,TK34332,LOW,NO
MSG00408,I can't access the API at all. No rush at all. Let me know what you need from me. Ticket #TK41785.,TK41785,HIGH,YES
MSG00409,Reference number TK77744. I can't access the API at all. Hoping to hear back this week.,TK77744,HIGH,NO
MSG00410,Any chance usage alerts could be supported? This is the second time I've reached out about this. Let me know what you need from me. Reference number TK50347.,TK50347,HIGH,NO
MSG00411,Reference number TK16941. My invoice doesn't match what I agreed to. Whenever you get a chance is fine. Appreciate your help.,TK16941,LOW,YES
MSG00412,Just wondering how the API works. Thanks. Case TK78548.,TK78548,HIGH,YES
MSG00413,Tracking hasn't updated in days. Thanks. Ticket #TK91484.,TK91484,HIGH,YES
MSG00414,Re: TK38376. I can't sign in no matter what I try. Whenever you get a chance is fine. Let me know what you need from me.,TK38376,MEDIUM,YES
MSG00415,Reference number TK49162. I can't sign in no matter what I try.,TK49162,HIGH,YES
MSG00416,I can't access the billing portal at all. Ticket #TK02838.,TK02838,HIGH,YES
MSG00417,Quick question about the billing portal. This is urgent. Appreciate your help. Case TK11718.,TK11718,MEDIUM,NO
MSG00418,(ref: TK66385) My invoice doesn't match what I agreed to. Let me know what you need from me.,TK66385,LOW,NO
MSG00419,Any chance a public API could be supported? Whenever you get a chance is fine. Appreciate your help. Re: TK33678.,TK33678,LOW,YES
MSG00420,The item arrived broken. I contacted support about this last week too. No rush at all. Let me know what you need from me. Re: TK04023.,TK04023,HIGH,NO
MSG00421,I'm locked out of my account. No rush at all. Ticket #TK36806.,TK36806,HIGH,YES
MSG00422,ticket #tk74348. tracking hasn't updated in days. appreciate your help.,TK74348,LOW,YES
MSG00423,Reference number TK29456. My invoice doesn't match what I agreed to. Whenever you get a chance is fine. Thanks.,TK29456,HIGH,NO
MSG00424,The item arrived broken. Ticket #TK60576.,TK60576,LOW,YES
MSG00425,Ticket #TK85705. I was charged twice this month. This is urgent.,TK85705,LOW,YES
MSG00426,I can't sign in no matter what I try. I've already emailed twice with no reply. This is urgent. Case TK91842.,TK91842,LOW,YES
MSG00427,Re: TK02727. There's a charge I don't recognize. Thanks.,TK02727,LOW,YES
MSG00428,Reference number TK53436. I can't sign in no matter what I try. I've already emailed twice with no reply. Let me know when you can. Appreciate your help.,TK53436,LOW,NO
MSG00429,(ref: TK84480) Your service has been down since this morning. This is urgent. Appreciate your help.,TK84480,HIGH,YES
MSG00430,I can't sign in no matter what I try. Let me know when you can. Let me know what you need from me. Ticket #TK35636.,TK35636,MEDIUM,YES
MSG00431,Reference number TK68179. Everything is offline on my end. Appreciate your help.,TK68179,HIGH,YES
MSG00432,(ref: TK66446) Everything is offline on my end. This is the second time I've reached out about this. This is urgent. Thanks.,TK66446,HIGH,NO
MSG00433,Ticket #TK02971. Any chance usage alerts could be supported?,TK02971,LOW,NO
MSG00434,Reference number TK46421. Any chance dark mode could be supported? Thanks.,TK46421,LOW,NO
MSG00435,Re: TK76486. I was charged twice this month. Let me know what you need from me.,TK76486,LOW,YES
MSG00436,(ref: TK19188) It would be great if you added dark mode. No rush at all. Appreciate your help.,TK19188,HIGH,NO
MSG00437,Ticket #TK54157. I can't sign in no matter what I try. This is the second time I've reached out about this. Appreciate your help.,TK54157,LOW,YES
MSG00438,could you clarify something about my plan? would appreciate a response soon. appreciate your help. (ref: tk07424),TK07424,HIGH,NO
MSG00439,The item arrived broken. Would appreciate a response soon. Let me know what you need from me. Re: TK66407.,TK66407,LOW,NO
MSG00440,What I received doesn't work at all. Not time-sensitive. Appreciate your help. Ticket #TK13657.,TK13657,LOW,NO
MSG00441,i'm locked out of my account. let me know what you need from me. (ref: tk63196),TK63196,HIGH,YES
MSG00442,Case TK55056. It would be great if you added usage alerts. Thanks.,TK55056,LOW,NO
MSG00443,Re: TK23945. My login keeps failing after the update. Appreciate your help.,TK23945,HIGH,YES
MSG00444,Case TK59912. Quick question about my account.,TK59912,LOW,NO
MSG00445,I can't sign in no matter what I try. Whenever you get a chance is fine. Ticket #TK20848.,TK20848,LOW,YES
MSG00446,tracking hasn't updated in days. no rush at all. let me know what you need from me. ticket #tk30369.,TK30369,HIGH,YES
MSG00447,ticket #tk17815. everything is offline on my end. would appreciate a response soon. thanks.,TK17815,HIGH,YES
MSG00448,Case TK42412. My login keeps failing after the update. Please treat this as high priority. Let me know what you need from me.,TK42412,LOW,YES
MSG00449,What I received doesn't work at all. I contacted support about this last week too. Let me know what you need from me. Reference number TK16446.,TK16446,HIGH,YES
MSG00450,It would be great if you added usage alerts. I contacted support about this last week too. Thanks. Re: TK18856.,TK18856,MEDIUM,NO
MSG00451,I'm locked out of my account. Thanks. Reference number TK95065.,TK95065,HIGH,YES
MSG00452,(ref: TK88932) The package showed up damaged.,TK88932,LOW,YES
MSG00453,Case TK72135. Your service has been down since about an hour ago. Let me know what you need from me.,TK72135,LOW,NO
MSG00454,Re: TK64569. My invoice doesn't match what I agreed to. I need this resolved right away. Let me know what you need from me.,TK64569,LOW,YES
MSG00455,Case TK81144. The delivery is way later than promised. Whenever you get a chance is fine. Thanks.,TK81144,LOW,YES
MSG00456,Case TK76736. I was charged twice this month. Appreciate your help.,TK76736,HIGH,YES
MSG00457,could you clarify something about my plan? i contacted support about this last week too. not time-sensitive. thanks. reference number tk49289.,TK49289,LOW,YES
MSG00458,Reference number TK48036. Have you considered usage alerts? Let me know when you can. Let me know what you need from me.,TK48036,LOW,NO
MSG00459,It would be great if you added bulk export. This is urgent. Appreciate your help. (ref: TK60938),TK60938,HIGH,NO
MSG00460,Re: TK31626. Have you considered a public API? I need this resolved right away.,TK31626,LOW,NO
MSG00461,My login keeps failing after the update. I contacted support about this last week too. This is urgent. Let me know what you need from me. Re: TK18154.,TK18154,HIGH,YES
MSG00462,Re: TK69374. The delivery is way later than promised. Appreciate your help.,TK69374,HIGH,NO
MSG00463,I was charged twice this month. Case TK93907.,TK93907,LOW,NO
MSG00464,There's a charge I don't recognize. I've already emailed twice with no reply. This is urgent. Thanks. (ref: TK55633),TK55633,HIGH,YES
MSG00465,(ref: TK96795) I can't access my account at all. This is urgent. Appreciate your help.,TK96795,HIGH,YES
MSG00466,Any chance SSO login could be supported? Ticket #TK21052.,TK21052,LOW,YES
MSG00467,Ticket #TK22709. My login keeps failing after the update. Let me know when you can. Appreciate your help.,TK22709,HIGH,NO
MSG00468,reference number tk55257. i can't access the api at all. i've already emailed twice with no reply. i need this resolved right away. let me know what you need from me.,TK55257,MEDIUM,YES
MSG00469,My invoice doesn't match what I agreed to. Thanks. Reference number TK79650.,TK79650,HIGH,YES
MSG00470,Reference number TK47354. My invoice doesn't match what I agreed to. I need this resolved right away.,TK47354,HIGH,YES
MSG00471,Quick question about the billing portal. Thanks. Re: TK78080.,TK78080,LOW,YES
MSG00472,re: tk17527. the package showed up damaged. let me know when you can.,TK17527,LOW,NO
MSG00473,Everything is offline on my end. Whenever you get a chance is fine. Thanks. (ref: TK29994),TK29994,MEDIUM,YES
MSG00474,reference number tk55039. there's a charge i don't recognize. no rush at all.,TK55039,HIGH,NO
MSG00475,My login keeps failing after the update. Appreciate your help. Reference number TK24599.,TK24599,HIGH,NO
MSG00476,Reference number TK98787. I can't sign in no matter what I try. Thanks.,TK98787,HIGH,NO
MSG00477,Have you considered SSO login? I've already emailed twice with no reply. I need this resolved right away. Appreciate your help. Re: TK39190.,TK39190,HIGH,YES
MSG00478,case tk47539. quick question about the api. please treat this as high priority. appreciate your help.,TK47539,LOW,NO
MSG00479,What I received doesn't work at all. I contacted support about this last week too. (ref: TK72339),TK72339,HIGH,YES
MSG00480,My invoice doesn't match what I agreed to. Thanks. (ref: TK96476),TK96476,LOW,YES
MSG00481,Your service has been down since this morning. Whenever you get a chance is fine. Thanks. (ref: TK15647),TK15647,LOW,YES
MSG00482,The package showed up damaged. This is urgent. (ref: TK43845),TK43845,HIGH,NO
MSG00483,Re: TK83340. I'm locked out of my account.,TK83340,LOW,NO
MSG00484,Reference number TK69311. Have you considered SSO login? This is urgent. Thanks.,TK69311,LOW,NO
MSG00485,there's a charge i don't recognize. i need this resolved right away. appreciate your help. reference number tk56641.,TK56641,LOW,NO
MSG00486,Case TK13652. Everything is offline on my end. Hoping to hear back this week.,TK13652,HIGH,NO
MSG00487,your service has been down since yesterday. let me know when you can. case tk48211.,TK48211,LOW,YES
MSG00488,Ticket #TK33928. Just wondering how my account works. I need this resolved right away. Thanks.,TK33928,LOW,NO
MSG00489,Case TK89337. My login keeps failing after the update.,TK89337,LOW,NO
MSG00490,My invoice doesn't match what I agreed to. I contacted support about this last week too. Please treat this as high priority. Let me know what you need from me. Reference number TK01938.,TK01938,LOW,YES
MSG00491,Your service has been down since last night. Whenever you get a chance is fine. Appreciate your help. Ticket #TK84758.,TK84758,HIGH,NO
MSG00492,tracking hasn't updated in days. (ref: tk62393),TK62393,HIGH,YES
MSG00493,Re: TK15002. What I received doesn't work at all. Appreciate your help.,TK15002,HIGH,YES
MSG00494,Reference number TK41181. Everything is offline on my end. Hoping to hear back this week. Appreciate your help.,TK41181,HIGH,YES
MSG00495,Ticket #TK94462. Any chance SSO login could be supported? Let me know when you can. Appreciate your help.,TK94462,MEDIUM,NO
MSG00496,Reference number TK59521. I can't access my account at all. I contacted support about this last week too. Let me know when you can. Appreciate your help.,TK59521,LOW,YES
MSG00497,Re: TK24835. Just wondering how the API works. Whenever you get a chance is fine. Let me know what you need from me.,TK24835,HIGH,NO
MSG00498,have you considered bulk export? no rush at all. re: tk89893.,TK89893,HIGH,NO
MSG00499,The package showed up damaged. Ticket #TK97313.,TK97313,LOW,NO
MSG00500,Any chance SSO login could be supported? Let me know when you can. Appreciate your help. Re: TK49146.,TK49146,HIGH,NO
MSG00501,I can't sign in no matter what I try. Appreciate your help. Case TK45017.,TK45017,HIGH,YES
MSG00502,Your service has been down since yesterday. Would appreciate a response soon. Appreciate your help. Reference number TK90846.,TK90846,HIGH,YES
MSG00503,Quick question about the billing portal. No rush at all. Thanks. Case TK11063.,TK11063,HIGH,NO
MSG00504,Case TK11304. The item arrived broken. I need this resolved right away.,TK11304,LOW,YES
MSG00505,your service has been down since last night. (ref: tk39032),TK39032,LOW,YES
MSG00506,Tracking hasn't updated in days. No rush at all. Appreciate your help. Case TK43559.,TK43559,MEDIUM,NO
MSG00507,(ref: TK10279) My invoice doesn't match what I agreed to. Whenever you get a chance is fine. Let me know what you need from me.,TK10279,HIGH,YES
MSG00508,case tk70833. my order still hasn't arrived. i need this resolved right away. appreciate your help.,TK70833,HIGH,YES
MSG00509,Case TK34386. Any chance usage alerts could be supported?,TK34386,LOW,YES
MSG00510,Re: TK32970. Have you considered usage alerts?,TK32970,LOW,NO
MSG00511,Ticket #TK75006. My login keeps failing after the update. Let me know what you need from me.,TK75006,LOW,NO
MSG00512,I can't sign in no matter what I try. This is the second time I've reached out about this. Please treat this as high priority. Let me know what you need from me. Re: TK66258.,TK66258,HIGH,YES
MSG00513,Re: TK27993. The item arrived broken. Hoping to hear back this week. Let me know what you need from me.,TK27993,LOW,YES
MSG00514,Ticket #TK78357. There's a charge I don't recognize. Appreciate your help.,TK78357,LOW,NO
MSG00515,Re: TK38127. What I received doesn't work at all. Appreciate your help.,TK38127,MEDIUM,NO
MSG00516,Any chance a public API could be supported? Whenever you get a chance is fine. Re: TK05215.,TK05215,MEDIUM,NO
MSG00517,The package showed up damaged. Would appreciate a response soon. Ticket #TK65356.,TK65356,HIGH,NO
MSG00518,I'm locked out of my account. Let me know when you can. Appreciate your help. (ref: TK28626),TK28626,HIGH,NO
MSG00519,(ref: TK35831) Have you considered SSO login? I've already emailed twice with no reply. Let me know what you need from me.,TK35831,LOW,NO
MSG00520,Ticket #TK59844. Everything is offline on my end. Appreciate your help.,TK59844,LOW,YES
MSG00521,Re: TK06974. Could you clarify something about my plan? I need this resolved right away. Appreciate your help.,TK06974,MEDIUM,NO
MSG00522,Your service has been down since last night. No rush at all. Reference number TK02823.,TK02823,HIGH,NO
MSG00523,(ref: tk02110) tracking hasn't updated in days. thanks.,TK02110,HIGH,NO
MSG00524,could you clarify something about my plan? let me know what you need from me. ticket #tk63267.,TK63267,HIGH,YES
MSG00525,Re: TK05727. Your service has been down since this morning. Whenever you get a chance is fine. Thanks.,TK05727,MEDIUM,YES
MSG00526,Ticket #TK76187. Quick question about the billing portal. Thanks.,TK76187,HIGH,NO
MSG00527,Ticket #TK93340. There's a charge I don't recognize. No rush at all.,TK93340,LOW,YES
MSG00528,reference number tk84295. just wondering how the billing portal works. not time-sensitive. thanks.,TK84295,LOW,NO
MSG00529,The package showed up damaged. Whenever you get a chance is fine. Let me know what you need from me. Case TK73139.,TK73139,HIGH,NO
MSG00530,I'm locked out of my account. This is urgent. Case TK30673.,TK30673,HIGH,YES
MSG00531,(ref: tk00895) the delivery is way later than promised. would appreciate a response soon. appreciate your help.,TK00895,LOW,NO
MSG00532,(ref: TK69222) My invoice doesn't match what I agreed to. I contacted support about this last week too. Whenever you get a chance is fine. Let me know what you need from me.,TK69222,HIGH,YES
MSG00533,the item arrived broken. thanks. case tk66649.,TK66649,HIGH,YES
MSG00534,There's a charge I don't recognize. Whenever you get a chance is fine. Appreciate your help. Reference number TK18820.,TK18820,LOW,YES
MSG00535,Have you considered a public API? Please treat this as high priority. Let me know what you need from me. (ref: TK02571),TK02571,LOW,YES
MSG00536,It would be great if you added usage alerts. I contacted support about this last week too. Please treat this as high priority. Let me know what you need from me. Case TK10821.,TK10821,HIGH,NO
MSG00537,Could you clarify something about my plan? This is the second time I've reached out about this. Reference number TK18849.,TK18849,HIGH,NO
MSG00538,I was charged twice this month. This is the second time I've reached out about this. Thanks. Re: TK35908.,TK35908,HIGH,NO
MSG00539,Reference number TK53504. The item arrived broken. Appreciate your help.,TK53504,MEDIUM,NO
MSG00540,Reference number TK36048. Your service has been down since this morning. Whenever you get a chance is fine. Appreciate your help.,TK36048,HIGH,YES
MSG00541,Tracking hasn't updated in days. Thanks. Re: TK38080.,TK38080,HIGH,YES
MSG00542,The package showed up damaged. This is the second time I've reached out about this. Whenever you get a chance is fine. Thanks. (ref: TK73410),TK73410,HIGH,YES
MSG00543,Just wondering how my account works. Let me know what you need from me. Case TK95850.,TK95850,LOW,NO
MSG00544,Ticket #TK55346. It would be great if you added dark mode. Thanks.,TK55346,MEDIUM,YES
MSG00545,Reference number TK73856. Everything is offline on my end. This is urgent. Appreciate your help.,TK73856,HIGH,YES
MSG00546,My login keeps failing after the update. Whenever you get a chance is fine. Appreciate your help. (ref: TK54945),TK54945,MEDIUM,NO
MSG00547,Have you considered usage alerts? Hoping to hear back this week. Thanks. Re: TK42705.,TK42705,HIGH,NO
MSG00548,(ref: TK26938) I can't sign in no matter what I try. Let me know what you need from me.,TK26938,LOW,YES
MSG00549,It would be great if you added dark mode. Please treat this as high priority. Appreciate your help. Reference number TK39890.,TK39890,LOW,YES
MSG00550,Re: TK63138. It would be great if you added a public API. Hoping to hear back this week. Let me know what you need from me.,TK63138,LOW,NO
MSG00551,case tk19966. any chance sso login could be supported? this is urgent. thanks.,TK19966,LOW,NO
MSG00552,re: tk88732. tracking hasn't updated in days.,TK88732,HIGH,YES
MSG00553,Quick question about my account. I contacted support about this last week too. Let me know when you can. Let me know what you need from me. (ref: TK44042),TK44042,MEDIUM,NO
MSG00554,Case TK56041. My invoice doesn't match what I agreed to. No rush at all. Thanks.,TK56041,LOW,YES
MSG00555,There's a charge I don't recognize. Please treat this as high priority. Appreciate your help. Ticket #TK78788.,TK78788,HIGH,NO
MSG00556,Re: TK77406. The delivery is way later than promised.,TK77406,MEDIUM,YES
MSG00557,Reference number TK61788. I can't sign in no matter what I try. Whenever you get a chance is fine.,TK61788,HIGH,YES
MSG00558,Have you considered a public API? Let me know what you need from me. (ref: TK83868),TK83868,HIGH,NO
MSG00559,What I received doesn't work at all. This is the second time I've reached out about this. Thanks. Re: TK13621.,TK13621,LOW,YES
MSG00560,re: tk51437. i can't sign in no matter what i try. whenever you get a chance is fine. appreciate your help.,TK51437,HIGH,NO
MSG00561,What I received doesn't work at all. Let me know what you need from me. Reference number TK87212.,TK87212,HIGH,NO
MSG00562,Re: TK56897. What I received doesn't work at all. Appreciate your help.,TK56897,HIGH,YES
MSG00563,it would be great if you added sso login. please treat this as high priority. thanks. reference number tk57323.,TK57323,HIGH,NO
MSG00564,(ref: TK37005) The delivery is way later than promised. No rush at all. Thanks.,TK37005,LOW,YES
MSG00565,It would be great if you added SSO login. This is the second time I've reached out about this. Appreciate your help. (ref: TK47173),TK47173,HIGH,YES
MSG00566,There's a charge I don't recognize. I need this resolved right away. Thanks. (ref: TK26547),TK26547,LOW,YES
MSG00567,Case TK74715. Your service has been down since about an hour ago. This is the second time I've reached out about this.,TK74715,HIGH,YES
MSG00568,Could you clarify something about my plan? Not time-sensitive. Appreciate your help. Reference number TK23098.,TK23098,LOW,NO
MSG00569,Everything is offline on my end. Let me know when you can. Thanks. (ref: TK10134),TK10134,LOW,YES
MSG00570,Reference number TK69914. Could you clarify something about my plan? Let me know when you can.,TK69914,HIGH,NO
MSG00571,Tracking hasn't updated in days. Appreciate your help. Re: TK78738.,TK78738,LOW,YES
MSG00572,I can't access the billing portal at all. Not time-sensitive. Appreciate your help. Ticket #TK38373.,TK38373,HIGH,NO
MSG00573,The item arrived broken. This is urgent. Thanks. Re: TK51641.,TK51641,HIGH,NO
MSG00574,(ref: tk37143) the item arrived broken. this is urgent. appreciate your help.,TK37143,LOW,YES
MSG00575,Case TK27245. I was charged twice this month. Would appreciate a response soon. Thanks.,TK27245,HIGH,NO
MSG00576,Ticket #TK37322. Could you clarify something about my plan? I contacted support about this last week too. Let me know when you can. Appreciate your help.,TK37322,MEDIUM,NO
MSG00577,My invoice doesn't match what I agreed to. Whenever you get a chance is fine. Appreciate your help. Reference number TK74957.,TK74957,LOW,YES
MSG00578,Tracking hasn't updated in days. Not time-sensitive. Thanks. Re: TK13285.,TK13285,HIGH,YES
MSG00579,i'm locked out of my account. let me know when you can. thanks. reference number tk80026.,TK80026,MEDIUM,YES
MSG00580,Ticket #TK51046. I'm locked out of my account. No rush at all. Let me know what you need from me.,TK51046,HIGH,YES
MSG00581,My order still hasn't arrived. Appreciate your help. Reference number TK14319.,TK14319,LOW,YES
MSG00582,My order still hasn't arrived. This is urgent. Appreciate your help. Reference number TK17539.,TK17539,MEDIUM,YES
MSG00583,Quick question about the billing portal. Not time-sensitive. Appreciate your help. Reference number TK49484.,TK49484,MEDIUM,NO
MSG00584,Re: TK40848. Could you clarify something about my plan? I've already emailed twice with no reply. Let me know when you can.,TK40848,HIGH,NO
MSG00585,(ref: TK56793) Your service has been down since last night. Not time-sensitive.,TK56793,LOW,NO
MSG00586,Re: TK28446. My login keeps failing after the update.,TK28446,HIGH,YES
MSG00587,My login keeps failing after the update. I need this resolved right away. Let me know what you need from me. Case TK66613.,TK66613,HIGH,YES
MSG00588,Re: TK10714. Tracking hasn't updated in days. Thanks.,TK10714,HIGH,YES
MSG00589,Reference number TK42928. I'm locked out of my account. Hoping to hear back this week. Appreciate your help.,TK42928,LOW,YES
MSG00590,Case TK71149. Could you clarify something about my plan? This is urgent.,TK71149,LOW,YES
MSG00591,The item arrived broken. I contacted support about this last week too. Appreciate your help. Reference number TK20233.,TK20233,LOW,NO
MSG00592,ticket #tk92331. your service has been down since about an hour ago.,TK92331,LOW,NO
MSG00593,(ref: TK03298) I can't access the mobile app at all. Not time-sensitive. Thanks.,TK03298,HIGH,YES
MSG00594,Ticket #TK60733. There's a charge I don't recognize. Hoping to hear back this week. Appreciate your help.,TK60733,HIGH,NO
MSG00595,Case TK26340. It would be great if you added SSO login. I've already emailed twice with no reply. Let me know what you need from me.,TK26340,LOW,YES
MSG00596,Your service has been down since last night. Please treat this as high priority. Case TK52074.,TK52074,HIGH,YES
MSG00597,Ticket #TK77298. Tracking hasn't updated in days. This is the second time I've reached out about this. Appreciate your help.,TK77298,LOW,YES
MSG00598,(ref: TK09515) I can't access my account at all. No rush at all. Let me know what you need from me.,TK09515,LOW,YES
MSG00599,Quick question about the billing portal. I've already emailed twice with no reply. No rush at all. Appreciate your help. Re: TK66112.,TK66112,LOW,NO
MSG00600,Re: TK89814. My order still hasn't arrived. Hoping to hear back this week. Thanks.,TK89814,HIGH,YES
MSG00601,My order still hasn't arrived. I've already emailed twice with no reply. Let me know what you need from me. Reference number TK27980.,TK27980,HIGH,NO
MSG00602,(ref: tk65901) could you clarify something about my plan?,TK65901,HIGH,YES
MSG00603,My login keeps failing after the update. Let me know what you need from me. Reference number TK79598.,TK79598,LOW,NO
MSG00604,Reference number TK14280. My login keeps failing after the update. Let me know when you can. Thanks.,TK14280,HIGH,NO
MSG00605,Reference number TK04762. I can't access the dashboard at all. Not time-sensitive. Thanks.,TK04762,HIGH,YES
MSG00606,Ticket #TK21523. The delivery is way later than promised. Not time-sensitive. Let me know what you need from me.,TK21523,HIGH,NO
MSG00607,Have you considered SSO login? Appreciate your help. Case TK49644.,TK49644,LOW,NO
MSG00608,Re: TK92193. Could you clarify something about my plan? Would appreciate a response soon. Thanks.,TK92193,HIGH,YES
MSG00609,case tk78726. my order still hasn't arrived. whenever you get a chance is fine. let me know what you need from me.,TK78726,HIGH,YES
MSG00610,reference number tk92236. my login keeps failing after the update.,TK92236,HIGH,YES
MSG00611,have you considered bulk export? this is the second time i've reached out about this. not time-sensitive. let me know what you need from me. re: tk56283.,TK56283,LOW,NO
MSG00612,Reference number TK86491. The item arrived broken. I contacted support about this last week too. Appreciate your help.,TK86491,HIGH,YES
MSG00613,any chance sso login could be supported? let me know when you can. case tk32378.,TK32378,HIGH,YES
MSG00614,case tk27469. there's a charge i don't recognize. appreciate your help.,TK27469,LOW,YES
MSG00615,Re: TK68973. The package showed up damaged. No rush at all. Appreciate your help.,TK68973,LOW,NO
MSG00616,Everything is offline on my end. I contacted support about this last week too. Hoping to hear back this week. Let me know what you need from me. Re: TK51531.,TK51531,HIGH,NO
MSG00617,Re: TK62724. Have you considered SSO login? I need this resolved right away. Appreciate your help.,TK62724,LOW,NO
MSG00618,re: tk20275. i can't access the billing portal at all. whenever you get a chance is fine. thanks.,TK20275,LOW,YES
MSG00619,Case TK75216. I'm locked out of my account. Whenever you get a chance is fine. Thanks.,TK75216,HIGH,NO
MSG00620,What I received doesn't work at all. I contacted support about this last week too. Appreciate your help. (ref: TK72220),TK72220,HIGH,YES
MSG00621,Just wondering how the mobile app works. Please treat this as high priority. Appreciate your help. Case TK82267.,TK82267,HIGH,NO
MSG00622,Re: TK96817. The item arrived broken.,TK96817,LOW,YES
MSG00623,I was charged twice this month. I need this resolved right away. Let me know what you need from me. (ref: TK38309),TK38309,HIGH,YES
MSG00624,Ticket #TK24436. I'm locked out of my account. Let me know when you can. Let me know what you need from me.,TK24436,HIGH,NO
MSG00625,Reference number TK20649. Your service has been down since about an hour ago. Not time-sensitive. Appreciate your help.,TK20649,HIGH,YES
MSG00626,Any chance bulk export could be supported? Let me know what you need from me. Ticket #TK55631.,TK55631,HIGH,YES
MSG00627,Just wondering how my account works. No rush at all. Appreciate your help. Ticket #TK19450.,TK19450,MEDIUM,NO
MSG00628,Re: TK79160. There's a charge I don't recognize. No rush at all. Appreciate your help.,TK79160,HIGH,YES
MSG00629,Re: TK99702. Just wondering how the dashboard works. Thanks.,TK99702,LOW,YES
MSG00630,Quick question about the billing portal. Hoping to hear back this week. Let me know what you need from me. Case TK68237.,TK68237,LOW,YES
MSG00631,Re: TK66697. My invoice doesn't match what I agreed to. Would appreciate a response soon. Let me know what you need from me.,TK66697,HIGH,YES
MSG00632,Re: TK62339. There's a charge I don't recognize. Thanks.,TK62339,HIGH,NO
MSG00633,I can't access the API at all. I contacted support about this last week too. Would appreciate a response soon. Appreciate your help. Re: TK29665.,TK29665,LOW,NO
MSG00634,Any chance bulk export could be supported? This is the second time I've reached out about this. No rush at all. Thanks. Case TK52459.,TK52459,MEDIUM,NO
MSG00635,Ticket #TK26027. Quick question about the dashboard. This is urgent. Thanks.,TK26027,LOW,YES
MSG00636,Any chance a public API could be supported? I've already emailed twice with no reply. Whenever you get a chance is fine. Let me know what you need from me. Re: TK42155.,TK42155,HIGH,NO
MSG00637,Ticket #TK14739. Just wondering how my account works. Hoping to hear back this week. Thanks.,TK14739,HIGH,NO
MSG00638,Ticket #TK20169. My invoice doesn't match what I agreed to. Hoping to hear back this week. Thanks.,TK20169,LOW,YES
MSG00639,What I received doesn't work at all. Let me know when you can. Let me know what you need from me. Case TK40023.,TK40023,HIGH,NO
MSG00640,Ticket #TK48153. Could you clarify something about my plan? Hoping to hear back this week. Let me know what you need from me.,TK48153,LOW,NO
MSG00641,Re: TK00950. Could you clarify something about my plan? This is urgent.,TK00950,LOW,NO
MSG00642,Just wondering how the dashboard works. Not time-sensitive. Ticket #TK10583.,TK10583,LOW,YES
MSG00643,Re: TK43241. My invoice doesn't match what I agreed to. This is the second time I've reached out about this. Thanks.,TK43241,LOW,NO
MSG00644,Case TK27787. My order still hasn't arrived. Let me know what you need from me.,TK27787,HIGH,NO
MSG00645,Ticket #TK03808. Any chance SSO login could be supported? Not time-sensitive. Appreciate your help.,TK03808,LOW,YES
MSG00646,My login keeps failing after the update. Case TK58176.,TK58176,HIGH,NO
MSG00647,My login keeps failing after the update. Let me know what you need from me. Re: TK65618.,TK65618,LOW,YES
MSG00648,The item arrived broken. This is the second time I've reached out about this. Please treat this as high priority. Re: TK92023.,TK92023,LOW,YES
MSG00649,My invoice doesn't match what I agreed to. I contacted support about this last week too. No rush at all. Appreciate your help. Ticket #TK89439.,TK89439,HIGH,NO
MSG00650,I'm locked out of my account. Let me know when you can. Appreciate your help. Re: TK72568.,TK72568,HIGH,NO
MSG00651,Case TK66198. I was charged twice this month. Would appreciate a response soon. Thanks.,TK66198,LOW,YES
MSG00652,(ref: TK13650) The delivery is way later than promised. Appreciate your help.,TK13650,LOW,YES
MSG00653,Case TK67080. Could you clarify something about my plan? Let me know what you need from me.,TK67080,LOW,YES
MSG00654,case tk93326. what i received doesn't work at all. no rush at all. let me know what you need from me.,TK93326,HIGH,YES
MSG00655,Your service has been down since last night. No rush at all. Appreciate your help. Reference number TK34035.,TK34035,HIGH,NO
MSG00656,What I received doesn't work at all. I contacted support about this last week too. Would appreciate a response soon. Let me know what you need from me. Case TK52954.,TK52954,MEDIUM,NO
MSG00657,My invoice doesn't match what I agreed to. I contacted support about this last week too. Appreciate your help. Re: TK40341.,TK40341,HIGH,YES
MSG00658,(ref: TK04625) Everything is offline on my end. I contacted support about this last week too. Not time-sensitive. Appreciate your help.,TK04625,HIGH,YES
MSG00659,Case TK17736. The package showed up damaged. Let me know when you can. Let me know what you need from me.,TK17736,LOW,YES
MSG00660,My login keeps failing after the update. Ticket #TK66540.,TK66540,HIGH,NO
MSG00661,(ref: TK22430) I was charged twice this month. This is urgent. Appreciate your help.,TK22430,HIGH,NO
MSG00662,The delivery is way later than promised. Let me know when you can. Case TK61732.,TK61732,LOW,NO
MSG00663,Case TK37055. Any chance bulk export could be supported? No rush at all. Let me know what you need from me.,TK37055,LOW,NO
MSG00664,I can't access the mobile app at all. Let me know when you can. Case TK14804.,TK14804,LOW,NO
MSG00665,Quick question about the API. Re: TK76904.,TK76904,HIGH,YES
MSG00666,(ref: TK68279) The item arrived broken. Would appreciate a response soon. Let me know what you need from me.,TK68279,HIGH,YES
MSG00667,Re: TK14989. Could you clarify something about my plan? Let me know what you need from me.,TK14989,LOW,NO
MSG00668,There's a charge I don't recognize. I need this resolved right away. Let me know what you need from me. Re: TK43311.,TK43311,HIGH,YES
MSG00669,Reference number TK14120. I can't access my account at all. No rush at all. Let me know what you need from me.,TK14120,HIGH,YES
MSG00670,It would be great if you added SSO login. No rush at all. Thanks. Ticket #TK46920.,TK46920,HIGH,NO
MSG00671,Re: TK86044. Have you considered a public API? Appreciate your help.,TK86044,HIGH,NO
MSG00672,Tracking hasn't updated in days. Not time-sensitive. Appreciate your help. Case TK97495.,TK97495,HIGH,NO
MSG00673,(ref: TK96247) Tracking hasn't updated in days. I need this resolved right away. Appreciate your help.,TK96247,LOW,YES
MSG00674,(ref: TK15141) I can't access the API at all. Please treat this as high priority.,TK15141,HIGH,NO
MSG00675,I'm locked out of my account. Appreciate your help. Reference number TK81505.,TK81505,HIGH,YES
MSG00676,ticket #tk85867. i was charged twice this month. let me know what you need from me.,TK85867,HIGH,YES
MSG00677,Reference number TK34804. My login keeps failing after the update. Not time-sensitive. Appreciate your help.,TK34804,HIGH,YES
MSG00678,Case TK60797. Quick question about my account. Let me know what you need from me.,TK60797,HIGH,NO
MSG00679,i was charged twice this month. whenever you get a chance is fine. let me know what you need from me. (ref: tk04296),TK04296,LOW,YES
MSG00680,Reference number TK88231. I can't access the dashboard at all. Let me know what you need from me.,TK88231,HIGH,NO
MSG00681,Reference number TK26034. There's a charge I don't recognize. Whenever you get a chance is fine. Appreciate your help.,TK26034,HIGH,YES
MSG00682,Re: TK14809. Tracking hasn't updated in days. Hoping to hear back this week.,TK14809,LOW,YES
MSG00683,My order still hasn't arrived. This is urgent. Let me know what you need from me. Ticket #TK72330.,TK72330,HIGH,NO
MSG00684,I was charged twice this month. Let me know what you need from me. (ref: TK60836),TK60836,HIGH,YES
MSG00685,Have you considered bulk export? I contacted support about this last week too. Let me know when you can. Appreciate your help. (ref: TK46058),TK46058,LOW,YES
MSG00686,case tk18706. my order still hasn't arrived. not time-sensitive.,TK18706,LOW,NO
MSG00687,(ref: TK70890) I can't access the billing portal at all. Hoping to hear back this week.,TK70890,HIGH,NO
MSG00688,Case TK23536. The package showed up damaged. Let me know when you can. Appreciate your help.,TK23536,LOW,YES
MSG00689,Reference number TK29314. Everything is offline on my end. This is urgent. Appreciate your help.,TK29314,HIGH,YES
MSG00690,(ref: TK49250) It would be great if you added SSO login. Hoping to hear back this week.,TK49250,HIGH,YES
MSG00691,(ref: TK58423) My invoice doesn't match what I agreed to. Would appreciate a response soon. Thanks.,TK58423,LOW,YES
MSG00692,Ticket #TK95519. Tracking hasn't updated in days. Not time-sensitive. Let me know what you need from me.,TK95519,LOW,NO
MSG00693,Ticket #TK07009. The delivery is way later than promised. I need this resolved right away.,TK07009,HIGH,YES
MSG00694,There's a charge I don't recognize. Reference number TK40442.,TK40442,LOW,YES
MSG00695,It would be great if you added usage alerts. Whenever you get a chance is fine. Reference number TK01433.,TK01433,HIGH,NO
MSG00696,Ticket #TK27696. Have you considered dark mode? I contacted support about this last week too. Please treat this as high priority. Let me know what you need from me.,TK27696,HIGH,YES
MSG00697,Reference number TK25209. I'm locked out of my account. No rush at all.,TK25209,LOW,YES
MSG00698,I'm locked out of my account. Re: TK93461.,TK93461,HIGH,NO
MSG00699,(ref: TK28639) I can't access my account at all.,TK28639,LOW,YES
MSG00700,(ref: TK33385) My invoice doesn't match what I agreed to. Let me know what you need from me.,TK33385,LOW,YES
MSG00701,I can't sign in no matter what I try. I've already emailed twice with no reply. Reference number TK39051.,TK39051,LOW,NO
MSG00702,Your service has been down since last night. Let me know what you need from me. Reference number TK52611.,TK52611,LOW,YES
MSG00703,(ref: TK69767) The package showed up damaged. No rush at all. Let me know what you need from me.,TK69767,HIGH,NO
MSG00704,(ref: TK43025) Quick question about the dashboard. This is the second time I've reached out about this.,TK43025,LOW,NO
MSG00705,Ticket #TK16850. Tracking hasn't updated in days. Whenever you get a chance is fine.,TK16850,LOW,NO
MSG00706,(ref: TK46169) Just wondering how the billing portal works. Not time-sensitive.,TK46169,LOW,NO
MSG00707,Case TK50077. It would be great if you added usage alerts. Let me know what you need from me.,TK50077,HIGH,NO
MSG00708,Ticket #TK36969. My order still hasn't arrived. Let me know when you can. Let me know what you need from me.,TK36969,LOW,YES
MSG00709,My order still hasn't arrived. This is the second time I've reached out about this. Appreciate your help. Case TK59565.,TK59565,HIGH,NO
MSG00710,Re: TK49929. It would be great if you added dark mode. Let me know when you can.,TK49929,HIGH,NO
MSG00711,There's a charge I don't recognize. No rush at all. Let me know what you need from me. Reference number TK05667.,TK05667,HIGH,NO
MSG00712,Just wondering how the API works. Thanks. Case TK97129.,TK97129,LOW,NO
MSG00713,Any chance usage alerts could be supported? Not time-sensitive. Let me know what you need from me. Reference number TK65170.,TK65170,LOW,NO
MSG00714,i was charged twice this month. no rush at all. let me know what you need from me. ticket #tk68897.,TK68897,LOW,NO
MSG00715,It would be great if you added bulk export. I've already emailed twice with no reply. Whenever you get a chance is fine. Thanks. Case TK09331.,TK09331,LOW,NO
MSG00716,Reference number TK46930. It would be great if you added usage alerts. I contacted support about this last week too. I need this resolved right away. Let me know what you need from me.,TK46930,LOW,YES
MSG00717,(ref: TK96821) What I received doesn't work at all. This is the second time I've reached out about this. I need this resolved right away. Thanks.,TK96821,MEDIUM,YES
MSG00718,Quick question about my account. Thanks. Reference number TK96640.,TK96640,LOW,YES
MSG00719,Any chance usage alerts could be supported? Whenever you get a chance is fine. Let me know what you need from me. Reference number TK24470.,TK24470,LOW,YES
MSG00720,(ref: TK14997) I was charged twice this month. Let me know when you can.,TK14997,HIGH,YES
MSG00721,Just wondering how my account works. No rush at all. Case TK86883.,TK86883,LOW,YES
MSG00722,My invoice doesn't match what I agreed to. Let me know when you can. Let me know what you need from me. (ref: TK30620),TK30620,HIGH,YES
MSG00723,What I received doesn't work at all. Thanks. Reference number TK43677.,TK43677,HIGH,YES
MSG00724,Ticket #TK50321. My invoice doesn't match what I agreed to. Please treat this as high priority. Let me know what you need from me.,TK50321,HIGH,YES
MSG00725,What I received doesn't work at all. Thanks. Reference number TK61980.,TK61980,HIGH,YES
MSG00726,Tracking hasn't updated in days. This is urgent. Thanks. Re: TK01327.,TK01327,LOW,YES
MSG00727,The delivery is way later than promised. Not time-sensitive. Let me know what you need from me. (ref: TK99194),TK99194,HIGH,NO
MSG00728,Re: TK81931. Any chance SSO login could be supported? Not time-sensitive. Appreciate your help.,TK81931,HIGH,YES
MSG00729,Your service has been down since this morning. This is urgent. Let me know what you need from me. (ref: TK62262),TK62262,LOW,YES
MSG00730,Reference number TK58317. I can't access the billing portal at all. I need this resolved right away.,TK58317,HIGH,YES
MSG00731,Case TK21196. The package showed up damaged. Whenever you get a chance is fine. Thanks.,TK21196,LOW,NO
MSG00732,Ticket #TK14486. I can't sign in no matter what I try. This is urgent. Thanks.,TK14486,HIGH,YES
MSG00733,Any chance usage alerts could be supported? Not time-sensitive. Ticket #TK79921.,TK79921,HIGH,NO
MSG00734,I was charged twice this month. Hoping to hear back this week. Thanks. Re: TK57672.,TK57672,MEDIUM,YES
MSG00735,What I received doesn't work at all. Whenever you get a chance is fine. Appreciate your help. Ticket #TK47227.,TK47227,LOW,YES
MSG00736,My login keeps failing after the update. Not time-sensitive. Let me know what you need from me. Re: TK82794.,TK82794,LOW,YES
MSG00737,It would be great if you added a public API. Not time-sensitive. Appreciate your help. Case TK24502.,TK24502,LOW,YES
MSG00738,I can't sign in no matter what I try. Let me know when you can. Thanks. Case TK91884.,TK91884,LOW,YES
MSG00739,(ref: tk66351) could you clarify something about my plan? i've already emailed twice with no reply. no rush at all. let me know what you need from me.,TK66351,HIGH,YES
MSG00740,Case TK73077. My login keeps failing after the update. Thanks.,TK73077,MEDIUM,NO
MSG00741,Quick question about the dashboard. I contacted support about this last week too. Ticket #TK44130.,TK44130,HIGH,NO
MSG00742,Ticket #TK20201. Quick question about the API. I need this resolved right away. Thanks.,TK20201,HIGH,YES
MSG00743,Quick question about the API. Let me know when you can. Reference number TK47153.,TK47153,HIGH,NO
MSG00744,My order still hasn't arrived. Thanks. Case TK88921.,TK88921,LOW,NO
MSG00745,Case TK76032. My login keeps failing after the update. This is the second time I've reached out about this. I need this resolved right away. Thanks.,TK76032,HIGH,YES
MSG00746,Everything is offline on my end. Let me know what you need from me. Ticket #TK73059.,TK73059,LOW,YES
MSG00747,I can't sign in no matter what I try. Let me know when you can. Let me know what you need from me. Reference number TK36277.,TK36277,HIGH,NO
MSG00748,My invoice doesn't match what I agreed to. Thanks. Re: TK45759.,TK45759,MEDIUM,YES
MSG00749,I can't access my account at all. No rush at all. Appreciate your help. Reference number TK96841.,TK96841,HIGH,NO
MSG00750,Case TK69223. My order still hasn't arrived. Not time-sensitive. Thanks.,TK69223,HIGH,NO
MSG00751,Re: TK83552. I'm locked out of my account. This is urgent. Thanks.,TK83552,HIGH,NO
MSG00752,Reference number TK83861. I was charged twice this month.,TK83861,HIGH,NO
MSG00753,(ref: tk44586) there's a charge i don't recognize. i need this resolved right away.,TK44586,HIGH,YES
MSG00754,Ticket #TK33538. My order still hasn't arrived. This is the second time I've reached out about this. Hoping to hear back this week. Thanks.,TK33538,HIGH,YES
MSG00755,I can't access the mobile app at all. No rush at all. Thanks. (ref: TK41855),TK41855,HIGH,YES
MSG00756,My order still hasn't arrived. I need this resolved right away. Let me know what you need from me. Ticket #TK40832.,TK40832,LOW,NO
MSG00757,Case TK85163. Could you clarify something about my plan? Let me know what you need from me.,TK85163,LOW,YES
MSG00758,Ticket #TK34529. Tracking hasn't updated in days.,TK34529,HIGH,YES
MSG00759,Reference number TK07326. I can't sign in no matter what I try. Not time-sensitive.,TK07326,HIGH,NO
MSG00760,Case TK69867. There's a charge I don't recognize. This is urgent. Thanks.,TK69867,HIGH,YES
MSG00761,Ticket #TK61527. I can't access the API at all. Hoping to hear back this week. Thanks.,TK61527,HIGH,YES
MSG00762,Re: TK57467. Tracking hasn't updated in days. Whenever you get a chance is fine. Appreciate your help.,TK57467,LOW,NO
MSG00763,Quick question about the API. Whenever you get a chance is fine. Appreciate your help. (ref: TK95266),TK95266,MEDIUM,NO
MSG00764,have you considered dark mode? not time-sensitive. thanks. reference number tk79889.,TK79889,HIGH,YES
MSG00765,Ticket #TK65560. My login keeps failing after the update. Not time-sensitive. Thanks.,TK65560,LOW,NO
MSG00766,My invoice doesn't match what I agreed to. Hoping to hear back this week. Thanks. Re: TK51678.,TK51678,HIGH,YES
MSG00767,(ref: TK86780) What I received doesn't work at all. Hoping to hear back this week. Thanks.,TK86780,HIGH,YES
MSG00768,Re: TK28699. The delivery is way later than promised. Not time-sensitive. Thanks.,TK28699,HIGH,NO
MSG00769,Reference number TK07759. Have you considered bulk export? No rush at all. Let me know what you need from me.,TK07759,LOW,NO
MSG00770,Quick question about the billing portal. This is urgent. Appreciate your help. Re: TK30118.,TK30118,LOW,NO
MSG00771,Quick question about my account. Thanks. Reference number TK31476.,TK31476,MEDIUM,YES
MSG00772,Reference number TK27143. My invoice doesn't match what I agreed to. Appreciate your help.,TK27143,HIGH,NO
MSG00773,everything is offline on my end. hoping to hear back this week. let me know what you need from me. case tk82246.,TK82246,LOW,YES
MSG00774,Your service has been down since yesterday. Thanks. Ticket #TK14416.,TK14416,LOW,NO
MSG00775,ticket #tk88543. just wondering how the api works. would appreciate a response soon.,TK88543,LOW,NO
MSG00776,My invoice doesn't match what I agreed to. I contacted support about this last week too. Thanks. (ref: TK31903),TK31903,HIGH,YES
MSG00777,Re: TK43535. Could you clarify something about my plan? Hoping to hear back this week. Let me know what you need from me.,TK43535,LOW,YES
MSG00778,Ticket #TK30266. I can't sign in no matter what I try. This is urgent. Appreciate your help.,TK30266,HIGH,YES
MSG00779,I can't sign in no matter what I try. This is urgent. Appreciate your help. Case TK97988.,TK97988,HIGH,NO
MSG00780,Any chance a public API could be supported? Whenever you get a chance is fine. Thanks. Reference number TK29248.,TK29248,HIGH,NO
MSG00781,Your service has been down since last night. Would appreciate a response soon. Case TK08535.,TK08535,HIGH,NO
MSG00782,Have you considered SSO login? I need this resolved right away. Thanks. (ref: TK81454),TK81454,LOW,NO
MSG00783,I was charged twice this month. Would appreciate a response soon. Re: TK78253.,TK78253,HIGH,YES
MSG00784,The delivery is way later than promised. This is the second time I've reached out about this. Let me know what you need from me. Reference number TK69902.,TK69902,HIGH,YES
MSG00785,Ticket #TK82839. Tracking hasn't updated in days. I contacted support about this last week too. Not time-sensitive. Let me know what you need from me.,TK82839,HIGH,NO
MSG00786,Re: TK72884. The item arrived broken. Not time-sensitive. Thanks.,TK72884,LOW,NO
MSG00787,My order still hasn't arrived. Would appreciate a response soon. (ref: TK98165),TK98165,HIGH,YES
MSG00788,Could you clarify something about my plan? Let me know what you need from me. Reference number TK41584.,TK41584,HIGH,NO
MSG00789,there's a charge i don't recognize. i contacted support about this last week too. i need this resolved right away. appreciate your help. (ref: tk44593),TK44593,LOW,NO
MSG00790,Reference number TK38820. It would be great if you added dark mode. No rush at all. Appreciate your help.,TK38820,HIGH,NO
MSG00791,What I received doesn't work at all. I need this resolved right away. Appreciate your help. Ticket #TK71363.,TK71363,HIGH,YES
MSG00792,I was charged twice this month. I've already emailed twice with no reply. Ticket #TK99596.,TK99596,HIGH,YES
MSG00793,The delivery is way later than promised. Appreciate your help. Ticket #TK79942.,TK79942,HIGH,NO
MSG00794,Re: TK88647. Could you clarify something about my plan? This is the second time I've reached out about this. This is urgent. Let me know what you need from me.,TK88647,LOW,YES
MSG00795,My order still hasn't arrived. This is the second time I've reached out about this. Would appreciate a response soon. Re: TK73951.,TK73951,LOW,YES
MSG00796,Tracking hasn't updated in days. This is urgent. Thanks. Ticket #TK57982.,TK57982,HIGH,YES
MSG00797,I was charged twice this month. Hoping to hear back this week. Case TK83683.,TK83683,HIGH,YES
MSG00798,re: tk50331. any chance dark mode could be supported? would appreciate a response soon. thanks.,TK50331,HIGH,YES
MSG00799,There's a charge I don't recognize. I've already emailed twice with no reply. Let me know when you can. Reference number TK85415.,TK85415,LOW,NO
MSG00800,Ticket #TK30778. I'm locked out of my account. This is the second time I've reached out about this. Hoping to hear back this week. Appreciate your help.,TK30778,LOW,YES
MSG00801,There's a charge I don't recognize. Would appreciate a response soon. Reference number TK01514.,TK01514,LOW,NO
MSG00802,Reference number TK16172. The delivery is way later than promised. Appreciate your help.,TK16172,HIGH,YES
MSG00803,Case TK71176. I was charged twice this month. I contacted support about this last week too.,TK71176,LOW,NO
MSG00804,Ticket #TK85824. The item arrived broken. Please treat this as high priority. Let me know what you need from me.,TK85824,HIGH,NO
MSG00805,Ticket #TK29529. I'm locked out of my account. This is urgent. Thanks.,TK29529,MEDIUM,NO
MSG00806,What I received doesn't work at all. Appreciate your help. Reference number TK65123.,TK65123,LOW,YES
MSG00807,Your service has been down since yesterday. Whenever you get a chance is fine. Thanks. Ticket #TK65136.,TK65136,LOW,YES
MSG00808,Everything is offline on my end. I contacted support about this last week too. Let me know when you can. Thanks. Case TK69493.,TK69493,LOW,NO
MSG00809,Ticket #TK82951. The package showed up damaged. Hoping to hear back this week. Thanks.,TK82951,LOW,NO
MSG00810,Any chance dark mode could be supported? Not time-sensitive. Let me know what you need from me. Reference number TK21724.,TK21724,LOW,YES
MSG00811,(ref: TK62445) Tracking hasn't updated in days. This is the second time I've reached out about this. Let me know when you can. Appreciate your help.,TK62445,HIGH,YES
MSG00812,Ticket #TK79359. The delivery is way later than promised. This is the second time I've reached out about this. I need this resolved right away. Let me know what you need from me.,TK79359,HIGH,YES
MSG00813,What I received doesn't work at all. Whenever you get a chance is fine. Appreciate your help. (ref: TK81347),TK81347,LOW,YES
MSG00814,Reference number TK82216. There's a charge I don't recognize. No rush at all.,TK82216,LOW,YES
MSG00815,Case TK10530. I'm locked out of my account. Would appreciate a response soon. Let me know what you need from me.,TK10530,HIGH,NO
MSG00816,I can't sign in no matter what I try. I need this resolved right away. Let me know what you need from me. Case TK42267.,TK42267,HIGH,YES
MSG00817,(ref: TK87526) My login keeps failing after the update. I contacted support about this last week too. No rush at all. Let me know what you need from me.,TK87526,LOW,YES
MSG00818,Could you clarify something about my plan? This is the second time I've reached out about this. Appreciate your help. Reference number TK82552.,TK82552,HIGH,NO
MSG00819,my order still hasn't arrived. not time-sensitive. let me know what you need from me. ticket #tk46194.,TK46194,HIGH,YES
MSG00820,Reference number TK33370. It would be great if you added usage alerts. Let me know what you need from me.,TK33370,LOW,NO
MSG00821,Ticket #TK02561. Any chance bulk export could be supported? I contacted support about this last week too. Please treat this as high priority. Thanks.,TK02561,HIGH,NO
MSG00822,Have you considered bulk export? This is urgent. Let me know what you need from me. (ref: TK12130),TK12130,HIGH,YES
MSG00823,(ref: TK79667) The delivery is way later than promised. This is the second time I've reached out about this. Let me know what you need from me.,TK79667,LOW,NO
MSG00824,(ref: TK80191) Everything is offline on my end. I need this resolved right away.,TK80191,HIGH,YES
MSG00825,(ref: TK91725) The delivery is way later than promised.,TK91725,LOW,YES
MSG00826,I'm locked out of my account. Let me know what you need from me. Ticket #TK99285.,TK99285,LOW,NO
MSG00827,My order still hasn't arrived. This is the second time I've reached out about this. Thanks. Re: TK33498.,TK33498,LOW,YES
MSG00828,Any chance dark mode could be supported? Please treat this as high priority. Appreciate your help. Ticket #TK57531.,TK57531,LOW,NO
MSG00829,Tracking hasn't updated in days. No rush at all. Re: TK74148.,TK74148,MEDIUM,YES
MSG00830,Reference number TK93785. It would be great if you added dark mode. This is the second time I've reached out about this. Whenever you get a chance is fine. Let me know what you need from me.,TK93785,LOW,YES
MSG00831,The package showed up damaged. Thanks. (ref: TK47210),TK47210,HIGH,YES
MSG00832,(ref: TK54328) Everything is offline on my end. I've already emailed twice with no reply. Whenever you get a chance is fine. Appreciate your help.,TK54328,HIGH,YES
MSG00833,ticket #tk91418. there's a charge i don't recognize. whenever you get a chance is fine. thanks.,TK91418,HIGH,NO
MSG00834,any chance usage alerts could be supported? (ref: tk63638),TK63638,LOW,NO
MSG00835,My login keeps failing after the update. Appreciate your help. Ticket #TK46263.,TK46263,HIGH,YES
MSG00836,Re: TK30063. Tracking hasn't updated in days. Thanks.,TK30063,LOW,YES
MSG00837,Ticket #TK06953. My login keeps failing after the update. Appreciate your help.,TK06953,HIGH,YES
MSG00838,The item arrived broken. Thanks. (ref: TK04907),TK04907,LOW,NO
MSG00839,Tracking hasn't updated in days. Let me know what you need from me. Re: TK99723.,TK99723,LOW,YES
MSG00840,Ticket #TK56669. My order still hasn't arrived. Would appreciate a response soon. Let me know what you need from me.,TK56669,HIGH,NO
MSG00841,The item arrived broken. Thanks. Re: TK21789.,TK21789,LOW,YES
MSG00842,Reference number TK12218. My invoice doesn't match what I agreed to. Thanks.,TK12218,HIGH,NO
MSG00843,Reference number TK48637. Could you clarify something about my plan? Let me know what you need from me.,TK48637,HIGH,NO
MSG00844,(ref: TK68512) Have you considered a public API? This is urgent. Thanks.,TK68512,HIGH,NO
MSG00845,Re: TK31074. My login keeps failing after the update.,TK31074,LOW,YES
MSG00846,What I received doesn't work at all. (ref: TK45210),TK45210,HIGH,NO
MSG00847,Ticket #TK10732. The item arrived broken. Thanks.,TK10732,HIGH,YES
MSG00848,I'm locked out of my account. I contacted support about this last week too. Please treat this as high priority. (ref: TK81975),TK81975,HIGH,YES
MSG00849,(ref: TK87430) I was charged twice this month. Appreciate your help.,TK87430,HIGH,NO
MSG00850,i can't access the mobile app at all. reference number tk15405.,TK15405,HIGH,NO
MSG00851,Could you clarify something about my plan? Let me know when you can. Case TK83126.,TK83126,HIGH,YES
MSG00852,Any chance a public API could be supported? Let me know when you can. (ref: TK44727),TK44727,LOW,NO
MSG00853,I can't access my account at all. This is urgent. Appreciate your help. Reference number TK89092.,TK89092,HIGH,YES
MSG00854,the package showed up damaged. please treat this as high priority. thanks. reference number tk58410.,TK58410,HIGH,YES
MSG00855,Reference number TK10080. What I received doesn't work at all. I need this resolved right away. Appreciate your help.,TK10080,MEDIUM,YES
MSG00856,Just wondering how the API works. Let me know when you can. Case TK70635.,TK70635,LOW,NO
MSG00857,What I received doesn't work at all. No rush at all. Appreciate your help. (ref: TK38911),TK38911,HIGH,YES
MSG00858,i can't access the api at all. please treat this as high priority. let me know what you need from me. case tk09611.,TK09611,HIGH,NO
MSG00859,(ref: TK80491) The delivery is way later than promised. Hoping to hear back this week.,TK80491,LOW,YES
MSG00860,Could you clarify something about my plan? Let me know what you need from me. Re: TK95119.,TK95119,LOW,YES
MSG00861,Quick question about the dashboard. I contacted support about this last week too. Thanks. (ref: TK68479),TK68479,LOW,YES
MSG00862,I can't sign in no matter what I try. Not time-sensitive. Thanks. Case TK15878.,TK15878,LOW,YES
MSG00863,there's a charge i don't recognize. whenever you get a chance is fine. appreciate your help. re: tk65710.,TK65710,HIGH,NO
MSG00864,My invoice doesn't match what I agreed to. No rush at all. Appreciate your help. Case TK73902.,TK73902,LOW,NO
MSG00865,Case TK10145. My invoice doesn't match what I agreed to. No rush at all. Thanks.,TK10145,LOW,YES
MSG00866,it would be great if you added usage alerts. i've already emailed twice with no reply. thanks. re: tk83353.,TK83353,LOW,NO
MSG00867,I can't sign in no matter what I try. Not time-sensitive. Thanks. (ref: TK88807),TK88807,LOW,YES
MSG00868,Your service has been down since last night. Would appreciate a response soon. Appreciate your help. (ref: TK99743),TK99743,HIGH,NO
MSG00869,Ticket #TK16843. Have you considered bulk export? Let me know when you can. Let me know what you need from me.,TK16843,HIGH,NO
MSG00870,everything is offline on my end. whenever you get a chance is fine. thanks. ticket #tk58045.,TK58045,LOW,YES
MSG00871,The delivery is way later than promised. I contacted support about this last week too. Hoping to hear back this week. Let me know what you need from me. (ref: TK26783),TK26783,HIGH,NO
MSG00872,My invoice doesn't match what I agreed to. I've already emailed twice with no reply. This is urgent. Thanks. Case TK16989.,TK16989,HIGH,YES
MSG00873,Re: TK54572. Tracking hasn't updated in days. Appreciate your help.,TK54572,HIGH,YES
MSG00874,Quick question about my account. Let me know when you can. Let me know what you need from me. Reference number TK88623.,TK88623,HIGH,NO
MSG00875,(ref: TK92517) Have you considered a public API? I need this resolved right away. Appreciate your help.,TK92517,HIGH,YES
MSG00876,Quick question about my account. Re: TK15622.,TK15622,LOW,NO
MSG00877,Any chance a public API could be supported? Let me know when you can. Let me know what you need from me. Reference number TK97366.,TK97366,LOW,YES
MSG00878,could you clarify something about my plan? let me know what you need from me. re: tk63459.,TK63459,LOW,NO
MSG00879,I can't sign in no matter what I try. Whenever you get a chance is fine. Ticket #TK48106.,TK48106,HIGH,NO
MSG00880,Just wondering how the mobile app works. Not time-sensitive. Let me know what you need from me. Case TK67738.,TK67738,MEDIUM,NO
MSG00881,Your service has been down since last night. This is the second time I've reached out about this. Would appreciate a response soon. Appreciate your help. Re: TK11692.,TK11692,HIGH,NO
MSG00882,The package showed up damaged. Appreciate your help. Reference number TK46787.,TK46787,HIGH,YES
MSG00883,Ticket #TK07767. Have you considered a public API?,TK07767,HIGH,YES
MSG00884,i'm locked out of my account. would appreciate a response soon. appreciate your help. case tk20046.,TK20046,HIGH,YES
MSG00885,Case TK68048. Tracking hasn't updated in days. Whenever you get a chance is fine.,TK68048,HIGH,YES
MSG00886,The package showed up damaged. This is urgent. Appreciate your help. Reference number TK94538.,TK94538,LOW,NO
MSG00887,(ref: TK18623) I can't access the billing portal at all. Let me know when you can. Thanks.,TK18623,HIGH,NO
MSG00888,My invoice doesn't match what I agreed to. Please treat this as high priority. (ref: TK52367),TK52367,LOW,YES
MSG00889,Re: TK60879. What I received doesn't work at all. Would appreciate a response soon. Let me know what you need from me.,TK60879,HIGH,NO
MSG00890,Your service has been down since about an hour ago. I've already emailed twice with no reply. Not time-sensitive. Let me know what you need from me. Reference number TK15813.,TK15813,HIGH,YES
MSG00891,Reference number TK44310. I can't sign in no matter what I try.,TK44310,HIGH,YES
MSG00892,(ref: TK16552) It would be great if you added a public API. Whenever you get a chance is fine. Let me know what you need from me.,TK16552,HIGH,YES
MSG00893,There's a charge I don't recognize. Let me know when you can. Appreciate your help. (ref: TK38362),TK38362,LOW,YES
MSG00894,My login keeps failing after the update. Would appreciate a response soon. Thanks. Case TK17690.,TK17690,HIGH,YES
MSG00895,reference number tk79758. i'm locked out of my account. thanks.,TK79758,LOW,NO
MSG00896,(ref: TK44543) I'm locked out of my account.,TK44543,HIGH,NO
MSG00897,Case TK79034. The delivery is way later than promised. This is urgent.,TK79034,HIGH,YES
MSG00898,Case TK26567. My login keeps failing after the update. Hoping to hear back this week. Thanks.,TK26567,LOW,YES
MSG00899,ticket #tk10339. my login keeps failing after the update. i need this resolved right away. appreciate your help.,TK10339,HIGH,NO
MSG00900,re: tk03912. i was charged twice this month. hoping to hear back this week. thanks.,TK03912,HIGH,NO
MSG00901,Reference number TK49666. My order still hasn't arrived. This is the second time I've reached out about this. This is urgent. Thanks.,TK49666,HIGH,YES
MSG00902,I can't access the API at all. No rush at all. Appreciate your help. Re: TK00863.,TK00863,LOW,YES
MSG00903,i was charged twice this month. please treat this as high priority. let me know what you need from me. (ref: tk94716),TK94716,HIGH,YES
MSG00904,My order still hasn't arrived. Thanks. Case TK33763.,TK33763,LOW,YES
MSG00905,what i received doesn't work at all. let me know when you can. thanks. reference number tk49479.,TK49479,MEDIUM,YES
MSG00906,Ticket #TK06700. What I received doesn't work at all. Whenever you get a chance is fine. Thanks.,TK06700,LOW,YES
MSG00907,(ref: TK97012) Just wondering how the mobile app works. This is urgent. Thanks.,TK97012,HIGH,NO
MSG00908,(ref: TK40907) Just wondering how the dashboard works. Thanks.,TK40907,HIGH,NO
MSG00909,(ref: TK50927) The package showed up damaged. Appreciate your help.,TK50927,LOW,NO
MSG00910,ticket #tk81217. it would be great if you added dark mode. let me know what you need from me.,TK81217,LOW,NO
MSG00911,(ref: TK72126) Any chance dark mode could be supported? Whenever you get a chance is fine. Thanks.,TK72126,LOW,YES
MSG00912,I was charged twice this month. Let me know what you need from me. (ref: TK87420),TK87420,LOW,YES
MSG00913,The delivery is way later than promised. Whenever you get a chance is fine. Let me know what you need from me. Case TK86277.,TK86277,HIGH,NO
MSG00914,There's a charge I don't recognize. Appreciate your help. Ticket #TK72462.,TK72462,HIGH,NO
MSG00915,re: tk53519. there's a charge i don't recognize. i contacted support about this last week too. thanks.,TK53519,LOW,NO
MSG00916,I'm locked out of my account. I contacted support about this last week too. Whenever you get a chance is fine. (ref: TK94506),TK94506,LOW,NO
MSG00917,There's a charge I don't recognize. Please treat this as high priority. Appreciate your help. Ticket #TK27210.,TK27210,LOW,NO
MSG00918,(ref: TK49323) Quick question about my account. Whenever you get a chance is fine. Appreciate your help.,TK49323,HIGH,YES
MSG00919,Reference number TK38708. My invoice doesn't match what I agreed to. No rush at all. Thanks.,TK38708,HIGH,YES
MSG00920,I was charged twice this month. Let me know when you can. Appreciate your help. Ticket #TK71615.,TK71615,HIGH,YES
MSG00921,Reference number TK96648. I can't sign in no matter what I try. No rush at all. Thanks.,TK96648,HIGH,NO
MSG00922,Ticket #TK42188. I can't sign in no matter what I try. Whenever you get a chance is fine. Thanks.,TK42188,HIGH,YES
MSG00923,my order still hasn't arrived. not time-sensitive. let me know what you need from me. re: tk43197.,TK43197,HIGH,YES
MSG00924,Re: TK57376. The item arrived broken. This is the second time I've reached out about this. No rush at all. Thanks.,TK57376,HIGH,YES
MSG00925,Re: TK82822. Quick question about the dashboard. Thanks.,TK82822,HIGH,NO
MSG00926,The delivery is way later than promised. Please treat this as high priority. Appreciate your help. Ticket #TK23053.,TK23053,LOW,YES
MSG00927,Your service has been down since this morning. Thanks. (ref: TK54311),TK54311,HIGH,NO
MSG00928,Case TK53348. Have you considered bulk export? Whenever you get a chance is fine. Let me know what you need from me.,TK53348,LOW,NO
MSG00929,Tracking hasn't updated in days. I contacted support about this last week too. Let me know what you need from me. Re: TK29455.,TK29455,LOW,YES
MSG00930,Ticket #TK91690. Tracking hasn't updated in days.,TK91690,HIGH,NO
MSG00931,(ref: TK40385) What I received doesn't work at all. Would appreciate a response soon. Appreciate your help.,TK40385,LOW,NO
MSG00932,reference number tk46328. my order still hasn't arrived. i contacted support about this last week too. please treat this as high priority. appreciate your help.,TK46328,MEDIUM,YES
MSG00933,There's a charge I don't recognize. I've already emailed twice with no reply. No rush at all. Re: TK66053.,TK66053,MEDIUM,YES
MSG00934,Re: TK16578. The item arrived broken. I've already emailed twice with no reply. Let me know what you need from me.,TK16578,LOW,YES
MSG00935,My invoice doesn't match what I agreed to. Would appreciate a response soon. Thanks. Ticket #TK24618.,TK24618,LOW,NO
MSG00936,ticket #tk27221. my order still hasn't arrived. appreciate your help.,TK27221,HIGH,NO
MSG00937,reference number tk91160. the item arrived broken.,TK91160,HIGH,YES
MSG00938,Reference number TK23770. It would be great if you added SSO login. I contacted support about this last week too. Thanks.,TK23770,LOW,NO
MSG00939,Ticket #TK78370. I'm locked out of my account. Whenever you get a chance is fine.,TK78370,LOW,NO
MSG00940,Re: TK83761. My order still hasn't arrived. Appreciate your help.,TK83761,HIGH,YES
MSG00941,Reference number TK80499. Quick question about the dashboard. I've already emailed twice with no reply. This is urgent. Let me know what you need from me.,TK80499,LOW,NO
MSG00942,Any chance SSO login could be supported? No rush at all. Thanks. (ref: TK97847),TK97847,LOW,YES
MSG00943,Re: TK77058. My login keeps failing after the update. Appreciate your help.,TK77058,LOW,YES
MSG00944,Re: TK23645. Just wondering how the mobile app works. I need this resolved right away. Appreciate your help.,TK23645,LOW,YES
MSG00945,Ticket #TK81810. The package showed up damaged. I contacted support about this last week too. Not time-sensitive. Thanks.,TK81810,HIGH,NO
MSG00946,Have you considered dark mode? This is urgent. Ticket #TK65010.,TK65010,HIGH,NO
MSG00947,Have you considered SSO login? Appreciate your help. (ref: TK93923),TK93923,LOW,NO
MSG00948,ticket #tk73344. there's a charge i don't recognize. let me know when you can.,TK73344,LOW,NO
MSG00949,My order still hasn't arrived. Let me know what you need from me. Ticket #TK84875.,TK84875,HIGH,NO
MSG00950,case tk41254. what i received doesn't work at all. hoping to hear back this week. thanks.,TK41254,LOW,YES
MSG00951,I'm locked out of my account. This is urgent. Re: TK90123.,TK90123,HIGH,YES
MSG00952,Any chance SSO login could be supported? This is urgent. Ticket #TK13973.,TK13973,LOW,YES
MSG00953,My order still hasn't arrived. This is the second time I've reached out about this. Case TK28754.,TK28754,MEDIUM,YES
MSG00954,I can't sign in no matter what I try. This is urgent. Thanks. (ref: TK36049),TK36049,LOW,YES
MSG00955,What I received doesn't work at all. Hoping to hear back this week. Let me know what you need from me. (ref: TK47862),TK47862,HIGH,NO
MSG00956,My login keeps failing after the update. This is urgent. (ref: TK39128),TK39128,HIGH,YES
MSG00957,I was charged twice this month. Whenever you get a chance is fine. Appreciate your help. Case TK33303.,TK33303,HIGH,YES
MSG00958,Ticket #TK82332. My login keeps failing after the update. Not time-sensitive. Thanks.,TK82332,HIGH,NO
MSG00959,Re: TK62898. I was charged twice this month. I need this resolved right away. Let me know what you need from me.,TK62898,HIGH,YES
MSG00960,(ref: TK71267) It would be great if you added dark mode. Hoping to hear back this week. Thanks.,TK71267,HIGH,YES
MSG00961,The item arrived broken. This is the second time I've reached out about this. Case TK65601.,TK65601,HIGH,NO
MSG00962,My invoice doesn't match what I agreed to. Ticket #TK38851.,TK38851,HIGH,YES
MSG00963,Ticket #TK56689. Everything is offline on my end. Not time-sensitive. Thanks.,TK56689,HIGH,YES
MSG00964,Reference number TK21142. The delivery is way later than promised. Let me know what you need from me.,TK21142,LOW,NO
MSG00965,Any chance a public API could be supported? I've already emailed twice with no reply. Not time-sensitive. Re: TK15036.,TK15036,LOW,NO
MSG00966,Reference number TK96854. My invoice doesn't match what I agreed to. This is the second time I've reached out about this.,TK96854,HIGH,NO
MSG00967,Everything is offline on my end. Would appreciate a response soon. Thanks. Reference number TK14979.,TK14979,HIGH,YES
MSG00968,ticket #tk89602. i'm locked out of my account. not time-sensitive. thanks.,TK89602,HIGH,YES
MSG00969,reference number tk63273. i can't access the dashboard at all. whenever you get a chance is fine. appreciate your help.,TK63273,LOW,YES
MSG00970,case tk16933. your service has been down since this morning. i've already emailed twice with no reply. let me know when you can. let me know what you need from me.,TK16933,HIGH,YES
MSG00971,The item arrived broken. Let me know what you need from me. Case TK78528.,TK78528,LOW,NO
MSG00972,(ref: TK16574) Quick question about my account. Please treat this as high priority.,TK16574,HIGH,YES
MSG00973,i'm locked out of my account. (ref: tk52729),TK52729,LOW,YES
MSG00974,The delivery is way later than promised. This is the second time I've reached out about this. Hoping to hear back this week. Thanks. Re: TK84504.,TK84504,HIGH,NO
MSG00975,Reference number TK28876. I can't access the dashboard at all. This is urgent. Appreciate your help.,TK28876,HIGH,YES
MSG00976,Re: TK76452. My login keeps failing after the update. This is urgent. Thanks.,TK76452,HIGH,YES
MSG00977,Re: TK52381. I was charged twice this month. Thanks.,TK52381,LOW,YES
MSG00978,(ref: TK97923) What I received doesn't work at all. Let me know what you need from me.,TK97923,LOW,YES
MSG00979,My login keeps failing after the update. I contacted support about this last week too. Re: TK87913.,TK87913,HIGH,NO
MSG00980,Ticket #TK69450. Any chance usage alerts could be supported? This is urgent.,TK69450,MEDIUM,NO
MSG00981,Ticket #TK87750. Just wondering how the API works. Appreciate your help.,TK87750,LOW,NO
MSG00982,Re: TK95322. It would be great if you added dark mode. I contacted support about this last week too. Thanks.,TK95322,LOW,NO
MSG00983,The delivery is way later than promised. Appreciate your help. Re: TK13154.,TK13154,LOW,NO
MSG00984,I'm locked out of my account. Let me know when you can. Let me know what you need from me. Ticket #TK72174.,TK72174,LOW,YES
MSG00985,The package showed up damaged. Please treat this as high priority. Appreciate your help. (ref: TK71574),TK71574,HIGH,NO
MSG00986,the delivery is way later than promised. whenever you get a chance is fine. ticket #tk03448.,TK03448,MEDIUM,NO
MSG00987,Re: TK18736. I can't sign in no matter what I try. No rush at all. Appreciate your help.,TK18736,MEDIUM,YES
MSG00988,There's a charge I don't recognize. Whenever you get a chance is fine. Thanks. (ref: TK72074),TK72074,HIGH,NO
MSG00989,It would be great if you added dark mode. Not time-sensitive. Appreciate your help. Reference number TK58238.,TK58238,MEDIUM,NO
MSG00990,Tracking hasn't updated in days. No rush at all. Let me know what you need from me. (ref: TK70096),TK70096,HIGH,NO
MSG00991,ticket #tk44585. i can't sign in no matter what i try. let me know when you can. appreciate your help.,TK44585,MEDIUM,YES
MSG00992,re: tk63855. my order still hasn't arrived. appreciate your help.,TK63855,LOW,YES
MSG00993,Case TK16802. The item arrived broken. Not time-sensitive. Thanks.,TK16802,HIGH,NO
MSG00994,I can't sign in no matter what I try. Hoping to hear back this week. Appreciate your help. Reference number TK44203.,TK44203,LOW,YES
MSG00995,Your service has been down since this morning. I contacted support about this last week too. Please treat this as high priority. Thanks. Reference number TK46268.,TK46268,HIGH,YES
MSG00996,Reference number TK58952. The package showed up damaged. Would appreciate a response soon. Thanks.,TK58952,HIGH,NO
MSG00997,Any chance bulk export could be supported? I need this resolved right away. Thanks. Case TK72580.,TK72580,LOW,YES
MSG00998,(ref: tk19782) the item arrived broken. please treat this as high priority.,TK19782,HIGH,NO
MSG00999,Tracking hasn't updated in days. Let me know what you need from me. Re: TK71637.,TK71637,LOW,NO
MSG01000,What I received doesn't work at all. Would appreciate a response soon. Thanks. Case TK51246.,TK51246,HIGH,YES
MSG01001,I was charged twice this month. Let me know when you can. Let me know what you need from me. Ticket #TK79180.,TK79180,HIGH,YES
MSG01002,Ticket #TK01236. There's a charge I don't recognize. Appreciate your help.,TK01236,HIGH,YES
MSG01003,Quick question about my account. Let me know what you need from me. Ticket #TK23531.,TK23531,HIGH,YES
MSG01004,Re: TK88961. Could you clarify something about my plan? Let me know when you can. Let me know what you need from me.,TK88961,LOW,YES
MSG01005,quick question about my account. i contacted support about this last week too. please treat this as high priority. ticket #tk77284.,TK77284,HIGH,NO
MSG01006,Case TK35858. I can't access the dashboard at all. Let me know when you can. Let me know what you need from me.,TK35858,LOW,YES
MSG01007,the delivery is way later than promised. let me know when you can. appreciate your help. (ref: tk85352),TK85352,LOW,YES
MSG01008,The item arrived broken. Not time-sensitive. Let me know what you need from me. Reference number TK89964.,TK89964,LOW,NO
MSG01009,(ref: TK00889) I can't access the API at all. Would appreciate a response soon.,TK00889,LOW,YES
MSG01010,Have you considered SSO login? Whenever you get a chance is fine. Let me know what you need from me. Ticket #TK78784.,TK78784,LOW,NO
MSG01011,Re: TK53689. The package showed up damaged. Whenever you get a chance is fine. Appreciate your help.,TK53689,HIGH,NO
MSG01012,Your service has been down since last night. Appreciate your help. (ref: TK83259),TK83259,HIGH,YES
MSG01013,Your service has been down since yesterday. I need this resolved right away. Case TK58188.,TK58188,HIGH,NO
MSG01014,I can't sign in no matter what I try. I need this resolved right away. Appreciate your help. Case TK34880.,TK34880,HIGH,NO
MSG01015,Reference number TK85113. Have you considered dark mode? Please treat this as high priority. Let me know what you need from me.,TK85113,HIGH,YES
MSG01016,I can't access the dashboard at all. Let me know what you need from me. Ticket #TK05407.,TK05407,HIGH,NO
MSG01017,My order still hasn't arrived. I contacted support about this last week too. Would appreciate a response soon. Thanks. Re: TK95100.,TK95100,HIGH,YES
MSG01018,My login keeps failing after the update. Would appreciate a response soon. Appreciate your help. Reference number TK23034.,TK23034,LOW,NO
MSG01019,There's a charge I don't recognize. This is the second time I've reached out about this. (ref: TK90346),TK90346,LOW,NO
MSG01020,The item arrived broken. Let me know what you need from me. Ticket #TK19764.,TK19764,MEDIUM,YES
MSG01021,My order still hasn't arrived. Case TK95047.,TK95047,MEDIUM,YES
MSG01022,I'm locked out of my account. I need this resolved right away. Ticket #TK68094.,TK68094,LOW,YES
MSG01023,There's a charge I don't recognize. Not time-sensitive. Appreciate your help. Re: TK92691.,TK92691,LOW,NO
MSG01024,I can't access my account at all. Thanks. Re: TK99431.,TK99431,LOW,NO
MSG01025,Have you considered dark mode? Let me know what you need from me. Reference number TK41241.,TK41241,HIGH,YES
MSG01026,My login keeps failing after the update. Please treat this as high priority. Let me know what you need from me. Ticket #TK09758.,TK09758,LOW,YES
MSG01027,Just wondering how the billing portal works. I've already emailed twice with no reply. Whenever you get a chance is fine. Thanks. (ref: TK63832),TK63832,LOW,NO
MSG01028,Re: TK50538. I can't access the dashboard at all. Appreciate your help.,TK50538,HIGH,NO
MSG01029,Just wondering how the billing portal works. Not time-sensitive. Thanks. Case TK30749.,TK30749,LOW,YES
MSG01030,Tracking hasn't updated in days. Appreciate your help. Re: TK36334.,TK36334,HIGH,NO
MSG01031,Quick question about the billing portal. Re: TK28944.,TK28944,HIGH,NO
MSG01032,Reference number TK38987. What I received doesn't work at all. This is urgent. Appreciate your help.,TK38987,HIGH,YES
MSG01033,Re: TK54200. Any chance a public API could be supported? Please treat this as high priority. Thanks.,TK54200,LOW,YES
MSG01034,My login keeps failing after the update. Please treat this as high priority. Case TK24004.,TK24004,HIGH,YES
MSG01035,There's a charge I don't recognize. I contacted support about this last week too. Let me know when you can. Appreciate your help. Ticket #TK59977.,TK59977,HIGH,YES
MSG01036,(ref: TK10044) I can't sign in no matter what I try. I need this resolved right away.,TK10044,HIGH,NO
MSG01037,Re: TK82861. The item arrived broken. Thanks.,TK82861,LOW,YES
MSG01038,(ref: TK61127) I'm locked out of my account. I need this resolved right away. Thanks.,TK61127,HIGH,YES
MSG01039,the item arrived broken. this is the second time i've reached out about this. whenever you get a chance is fine. appreciate your help. re: tk02478.,TK02478,HIGH,NO
MSG01040,(ref: TK73412) I can't sign in no matter what I try. I've already emailed twice with no reply. Would appreciate a response soon.,TK73412,HIGH,YES
MSG01041,The package showed up damaged. This is the second time I've reached out about this. Thanks. Case TK42091.,TK42091,HIGH,YES
MSG01042,Case TK53414. My login keeps failing after the update. Whenever you get a chance is fine. Let me know what you need from me.,TK53414,HIGH,YES
MSG01043,any chance a public api could be supported? whenever you get a chance is fine. thanks. re: tk99612.,TK99612,LOW,NO
MSG01044,Ticket #TK21754. The delivery is way later than promised. Would appreciate a response soon. Thanks.,TK21754,LOW,YES
MSG01045,My order still hasn't arrived. Would appreciate a response soon. Thanks. Case TK11886.,TK11886,HIGH,YES
MSG01046,Case TK66195. I'm locked out of my account. Appreciate your help.,TK66195,LOW,YES
MSG01047,Case TK64437. Your service has been down since yesterday. Please treat this as high priority.,TK64437,LOW,YES
MSG01048,My order still hasn't arrived. This is the second time I've reached out about this. Would appreciate a response soon. Appreciate your help. Reference number TK77927.,TK77927,LOW,YES
MSG01049,(ref: TK11230) Could you clarify something about my plan? Appreciate your help.,TK11230,LOW,NO
MSG01050,Re: TK48728. I'm locked out of my account.,TK48728,HIGH,NO
MSG01051,I can't sign in no matter what I try. Not time-sensitive. Case TK38359.,TK38359,MEDIUM,YES
MSG01052,Ticket #TK00402. Have you considered bulk export? Let me know what you need from me.,TK00402,LOW,YES
MSG01053,Case TK90894. I was charged twice this month. Not time-sensitive. Let me know what you need from me.,TK90894,HIGH,NO
MSG01054,Quick question about the mobile app. This is the second time I've reached out about this. Let me know when you can. (ref: TK21263),TK21263,MEDIUM,NO
MSG01055,The delivery is way later than promised. This is the second time I've reached out about this. Not time-sensitive. Thanks. Reference number TK97452.,TK97452,LOW,NO
MSG01056,My order still hasn't arrived. I need this resolved right away. Case TK77421.,TK77421,MEDIUM,YES
MSG01057,Tracking hasn't updated in days. I've already emailed twice with no reply. Whenever you get a chance is fine. Appreciate your help. (ref: TK35390),TK35390,HIGH,YES
MSG01058,My order still hasn't arrived. Reference number TK28425.,TK28425,LOW,NO
MSG01059,I was charged twice this month. Let me know what you need from me. Reference number TK98433.,TK98433,MEDIUM,NO
MSG01060,Just wondering how my account works. Thanks. Ticket #TK24293.,TK24293,HIGH,NO
MSG01061,Case TK62939. I'm locked out of my account. I contacted support about this last week too. Let me know what you need from me.,TK62939,HIGH,NO
MSG01062,Just wondering how my account works. Whenever you get a chance is fine. Thanks. Case TK11465.,TK11465,LOW,YES
MSG01063,Re: TK88786. Quick question about the dashboard. Whenever you get a chance is fine. Thanks.,TK88786,LOW,YES
MSG01064,Ticket #TK20727. My order still hasn't arrived. I need this resolved right away.,TK20727,LOW,YES
MSG01065,my order still hasn't arrived. i've already emailed twice with no reply. i need this resolved right away. case tk89237.,TK89237,HIGH,YES
MSG01066,Have you considered a public API? Thanks. Case TK53862.,TK53862,HIGH,NO
MSG01067,(ref: TK33304) Your service has been down since this morning. Let me know when you can. Let me know what you need from me.,TK33304,LOW,YES
MSG01068,Reference number TK53335. I'm locked out of my account. Thanks.,TK53335,MEDIUM,YES
MSG01069,Ticket #TK59970. Quick question about the billing portal. This is the second time I've reached out about this. Let me know when you can. Appreciate your help.,TK59970,LOW,YES
MSG01070,Re: TK68537. Tracking hasn't updated in days. No rush at all.,TK68537,HIGH,YES
MSG01071,Reference number TK64465. Quick question about the API. I need this resolved right away. Let me know what you need from me.,TK64465,LOW,YES
MSG01072,(ref: TK90757) Have you considered a public API? Not time-sensitive. Appreciate your help.,TK90757,LOW,NO
MSG01073,My login keeps failing after the update. Whenever you get a chance is fine. Thanks. Ticket #TK96064.,TK96064,HIGH,YES
MSG01074,What I received doesn't work at all. Not time-sensitive. Thanks. Re: TK28229.,TK28229,MEDIUM,NO
MSG01075,Re: TK03284. My login keeps failing after the update. Let me know what you need from me.,TK03284,LOW,YES
MSG01076,Case TK79153. I'm locked out of my account. Thanks.,TK79153,HIGH,YES
MSG01077,Reference number TK49090. I can't access the dashboard at all. Not time-sensitive.,TK49090,HIGH,YES
MSG01078,Tracking hasn't updated in days. Reference number TK05877.,TK05877,LOW,NO
MSG01079,I'm locked out of my account. Hoping to hear back this week. Ticket #TK42315.,TK42315,HIGH,YES
MSG01080,There's a charge I don't recognize. I contacted support about this last week too. Would appreciate a response soon. Thanks. Reference number TK67233.,TK67233,LOW,NO
MSG01081,Re: TK32004. Just wondering how the billing portal works. This is the second time I've reached out about this. No rush at all.,TK32004,HIGH,NO
MSG01082,Reference number TK95039. Everything is offline on my end. Let me know what you need from me.,TK95039,HIGH,NO
MSG01083,reference number tk22747. everything is offline on my end. i need this resolved right away.,TK22747,HIGH,NO
MSG01084,Any chance bulk export could be supported? I need this resolved right away. Appreciate your help. Reference number TK55252.,TK55252,HIGH,NO
MSG01085,The delivery is way later than promised. I've already emailed twice with no reply. Hoping to hear back this week. Thanks. Case TK68055.,TK68055,HIGH,NO
MSG01086,(ref: TK78724) Just wondering how the API works.,TK78724,LOW,YES
MSG01087,Ticket #TK17772. I was charged twice this month. Please treat this as high priority. Thanks.,TK17772,HIGH,YES
MSG01088,Ticket #TK99096. The item arrived broken. Would appreciate a response soon.,TK99096,LOW,NO
MSG01089,Any chance usage alerts could be supported? Hoping to hear back this week. Thanks. (ref: TK33004),TK33004,MEDIUM,NO
MSG01090,The item arrived broken. This is urgent. Case TK10457.,TK10457,LOW,YES
MSG01091,Re: TK65482. It would be great if you added usage alerts. Let me know what you need from me.,TK65482,HIGH,NO
MSG01092,The package showed up damaged. Not time-sensitive. Reference number TK46341.,TK46341,HIGH,YES
MSG01093,I can't access the dashboard at all. This is the second time I've reached out about this. This is urgent. Appreciate your help. Re: TK99357.,TK99357,HIGH,YES
MSG01094,Re: TK82863. Tracking hasn't updated in days. I contacted support about this last week too. Thanks.,TK82863,MEDIUM,YES
MSG01095,I'm locked out of my account. Please treat this as high priority. Let me know what you need from me. Reference number TK98798.,TK98798,HIGH,NO
MSG01096,My login keeps failing after the update. This is the second time I've reached out about this. No rush at all. Appreciate your help. (ref: TK94793),TK94793,LOW,YES
MSG01097,Case TK92577. My login keeps failing after the update. I contacted support about this last week too. Whenever you get a chance is fine. Appreciate your help.,TK92577,LOW,YES
MSG01098,Any chance a public API could be supported? Would appreciate a response soon. (ref: TK46885),TK46885,LOW,NO
MSG01099,Ticket #TK84285. Quick question about the mobile app. I've already emailed twice with no reply. Appreciate your help.,TK84285,HIGH,NO
MSG01100,The delivery is way later than promised. Whenever you get a chance is fine. Thanks. Re: TK02920.,TK02920,HIGH,NO
MSG01101,I was charged twice this month. Not time-sensitive. Let me know what you need from me. Ticket #TK64830.,TK64830,LOW,NO
MSG01102,My login keeps failing after the update. I need this resolved right away. Let me know what you need from me. Case TK52062.,TK52062,HIGH,YES
MSG01103,(ref: tk61340) everything is offline on my end. appreciate your help.,TK61340,HIGH,YES
MSG01104,Everything is offline on my end. This is the second time I've reached out about this. Appreciate your help. Reference number TK24271.,TK24271,HIGH,YES
MSG01105,It would be great if you added dark mode. I contacted support about this last week too. No rush at all. Let me know what you need from me. Reference number TK64006.,TK64006,HIGH,YES
MSG01106,the item arrived broken. ticket #tk76641.,TK76641,HIGH,NO
MSG01107,I can't sign in no matter what I try. No rush at all. Thanks. Re: TK93420.,TK93420,LOW,YES
MSG01108,my login keeps failing after the update. case tk36651.,TK36651,LOW,YES
MSG01109,Ticket #TK05829. My login keeps failing after the update. Would appreciate a response soon. Thanks.,TK05829,HIGH,YES
MSG01110,The delivery is way later than promised. I need this resolved right away. Appreciate your help. (ref: TK72046),TK72046,LOW,YES
MSG01111,(ref: TK48765) What I received doesn't work at all. Let me know when you can. Thanks.,TK48765,MEDIUM,NO
MSG01112,Ticket #TK43532. I can't sign in no matter what I try. I contacted support about this last week too. Appreciate your help.,TK43532,HIGH,YES
MSG01113,re: tk45608. the item arrived broken. thanks.,TK45608,HIGH,YES
MSG01114,Re: TK78817. Just wondering how my account works. Appreciate your help.,TK78817,LOW,NO
MSG01115,Case TK72455. There's a charge I don't recognize.,TK72455,LOW,YES
MSG01116,I'm locked out of my account. Thanks. Reference number TK67372.,TK67372,HIGH,YES
MSG01117,Any chance bulk export could be supported? Appreciate your help. (ref: TK67013),TK67013,HIGH,NO
MSG01118,Your service has been down since this morning. Let me know when you can. Thanks. (ref: TK19994),TK19994,HIGH,NO
MSG01119,Ticket #TK00827. The item arrived broken. Not time-sensitive.,TK00827,HIGH,NO
MSG01120,Any chance a public API could be supported? Reference number TK43111.,TK43111,HIGH,NO
MSG01121,I can't access my account at all. No rush at all. Thanks. (ref: TK31930),TK31930,HIGH,NO
MSG01122,Re: TK31614. There's a charge I don't recognize. This is urgent. Appreciate your help.,TK31614,HIGH,NO
MSG01123,The delivery is way later than promised. Would appreciate a response soon. Thanks. Case TK88906.,TK88906,LOW,YES
MSG01124,I can't sign in no matter what I try. Appreciate your help. Re: TK07671.,TK07671,LOW,NO
MSG01125,case tk09607. there's a charge i don't recognize. not time-sensitive. let me know what you need from me.,TK09607,HIGH,YES
MSG01126,Have you considered dark mode? No rush at all. Thanks. Re: TK68654.,TK68654,HIGH,NO
MSG01127,Your service has been down since last night. Would appreciate a response soon. Appreciate your help. Case TK68666.,TK68666,HIGH,NO
MSG01128,(ref: TK95473) I can't sign in no matter what I try. I've already emailed twice with no reply. Let me know when you can. Let me know what you need from me.,TK95473,HIGH,YES
MSG01129,(ref: TK69938) The delivery is way later than promised.,TK69938,LOW,NO
MSG01130,Ticket #TK46504. It would be great if you added a public API.,TK46504,LOW,YES
MSG01131,tracking hasn't updated in days. not time-sensitive. (ref: tk22999),TK22999,LOW,YES
MSG01132,Could you clarify something about my plan? Case TK31368.,TK31368,LOW,NO
MSG01133,The item arrived broken. Would appreciate a response soon. Thanks. Ticket #TK40421.,TK40421,HIGH,NO
MSG01134,(ref: TK15274) Could you clarify something about my plan? I need this resolved right away. Appreciate your help.,TK15274,MEDIUM,NO
MSG01135,Tracking hasn't updated in days. Appreciate your help. Re: TK69961.,TK69961,HIGH,NO
MSG01136,Re: TK20476. What I received doesn't work at all. I need this resolved right away.,TK20476,LOW,NO
MSG01137,Case TK60355. Could you clarify something about my plan? Let me know what you need from me.,TK60355,LOW,NO
MSG01138,(ref: TK79765) Any chance bulk export could be supported? Please treat this as high priority. Let me know what you need from me.,TK79765,HIGH,NO
MSG01139,What I received doesn't work at all. Please treat this as high priority. Let me know what you need from me. Ticket #TK13516.,TK13516,LOW,YES
MSG01140,Tracking hasn't updated in days. Whenever you get a chance is fine. (ref: TK47280),TK47280,HIGH,NO
MSG01141,Reference number TK20720. Have you considered dark mode? This is the second time I've reached out about this. Not time-sensitive.,TK20720,LOW,NO
MSG01142,Ticket #TK06538. There's a charge I don't recognize. Hoping to hear back this week. Let me know what you need from me.,TK06538,LOW,YES
MSG01143,Re: TK94987. Just wondering how the dashboard works. Not time-sensitive. Thanks.,TK94987,HIGH,YES
MSG01144,I'm locked out of my account. Appreciate your help. (ref: TK93231),TK93231,LOW,YES
MSG01145,I'm locked out of my account. Not time-sensitive. Re: TK03431.,TK03431,LOW,YES
MSG01146,Quick question about the mobile app. Let me know what you need from me. Ticket #TK44432.,TK44432,MEDIUM,YES
MSG01147,The package showed up damaged. No rush at all. Let me know what you need from me. Reference number TK56088.,TK56088,HIGH,NO
MSG01148,Re: TK99773. Your service has been down since last night. I need this resolved right away. Thanks.,TK99773,HIGH,NO
MSG01149,Any chance usage alerts could be supported? Thanks. Reference number TK29663.,TK29663,LOW,NO
MSG01150,Case TK76255. The item arrived broken. Appreciate your help.,TK76255,MEDIUM,YES
MSG01151,Your service has been down since this morning. Reference number TK91949.,TK91949,LOW,YES
MSG01152,Ticket #TK97066. Quick question about the mobile app. Let me know what you need from me.,TK97066,HIGH,YES
MSG01153,(ref: TK36811) The item arrived broken. Whenever you get a chance is fine. Let me know what you need from me.,TK36811,LOW,YES
MSG01154,Re: TK67222. The delivery is way later than promised. Thanks.,TK67222,HIGH,YES
MSG01155,(ref: tk05773) my order still hasn't arrived. this is the second time i've reached out about this. thanks.,TK05773,LOW,NO
MSG01156,Re: TK20501. I was charged twice this month. Let me know what you need from me.,TK20501,LOW,YES
MSG01157,Re: TK85255. Quick question about the billing portal. Please treat this as high priority.,TK85255,LOW,NO
MSG01158,I was charged twice this month. This is urgent. Let me know what you need from me. Ticket #TK73514.,TK73514,HIGH,NO
MSG01159,(ref: TK74697) Quick question about my account. This is urgent. Thanks.,TK74697,HIGH,YES
MSG01160,Have you considered dark mode? No rush at all. Ticket #TK64101.,TK64101,HIGH,YES
MSG01161,Tracking hasn't updated in days. Thanks. Reference number TK85313.,TK85313,LOW,NO
MSG01162,Everything is offline on my end. This is the second time I've reached out about this. Not time-sensitive. Case TK64150.,TK64150,LOW,NO
MSG01163,I can't sign in no matter what I try. Reference number TK46387.,TK46387,LOW,NO
MSG01164,i was charged twice this month. please treat this as high priority. let me know what you need from me. (ref: tk34174),TK34174,LOW,YES
MSG01165,Case TK06560. I'm locked out of my account. I've already emailed twice with no reply. Not time-sensitive. Thanks.,TK06560,LOW,NO
MSG01166,Case TK23194. There's a charge I don't recognize. Let me know when you can. Let me know what you need from me.,TK23194,LOW,NO
MSG01167,I was charged twice this month. Let me know when you can. Thanks. Case TK62600.,TK62600,LOW,NO
MSG01168,Ticket #TK95016. It would be great if you added dark mode. Thanks.,TK95016,HIGH,YES
MSG01169,I'm locked out of my account. This is urgent. Ticket #TK90869.,TK90869,LOW,NO
MSG01170,Re: TK32041. The delivery is way later than promised. This is the second time I've reached out about this. Let me know when you can.,TK32041,MEDIUM,NO
MSG01171,(ref: TK10060) What I received doesn't work at all. Let me know when you can. Appreciate your help.,TK10060,LOW,YES
MSG01172,Have you considered bulk export? (ref: TK26281),TK26281,HIGH,NO
MSG01173,Reference number TK64639. My login keeps failing after the update.,TK64639,HIGH,YES
MSG01174,(ref: TK44951) The delivery is way later than promised. This is the second time I've reached out about this. Whenever you get a chance is fine.,TK44951,HIGH,YES
MSG01175,My invoice doesn't match what I agreed to. I contacted support about this last week too. Case TK23700.,TK23700,LOW,YES
MSG01176,I was charged twice this month. Hoping to hear back this week. Let me know what you need from me. (ref: TK06945),TK06945,LOW,NO
MSG01177,The delivery is way later than promised. Not time-sensitive. Ticket #TK39940.,TK39940,MEDIUM,YES
MSG01178,reference number tk07841. i'm locked out of my account. thanks.,TK07841,HIGH,YES
MSG01179,Quick question about the dashboard. I've already emailed twice with no reply. Re: TK24788.,TK24788,LOW,YES
MSG01180,The delivery is way later than promised. Thanks. Ticket #TK91668.,TK91668,HIGH,YES
MSG01181,Any chance dark mode could be supported? This is urgent. Reference number TK24190.,TK24190,HIGH,YES
MSG01182,Re: TK98850. What I received doesn't work at all.,TK98850,LOW,NO
MSG01183,Reference number TK97524. I'm locked out of my account. Thanks.,TK97524,HIGH,YES
MSG01184,Reference number TK98298. Tracking hasn't updated in days. Whenever you get a chance is fine.,TK98298,HIGH,YES
MSG01185,(ref: TK08718) Your service has been down since about an hour ago. Would appreciate a response soon.,TK08718,HIGH,YES
MSG01186,Re: TK86681. Everything is offline on my end. I need this resolved right away.,TK86681,LOW,YES
MSG01187,(ref: TK81980) My order still hasn't arrived. Let me know when you can. Let me know what you need from me.,TK81980,MEDIUM,YES
MSG01188,Quick question about the API. I need this resolved right away. Case TK53724.,TK53724,MEDIUM,YES
MSG01189,could you clarify something about my plan? no rush at all. let me know what you need from me. reference number tk24172.,TK24172,HIGH,NO
MSG01190,Reference number TK53831. The delivery is way later than promised. This is the second time I've reached out about this. Hoping to hear back this week. Let me know what you need from me.,TK53831,HIGH,YES
MSG01191,I can't sign in no matter what I try. Appreciate your help. Case TK27772.,TK27772,LOW,NO
MSG01192,The item arrived broken. No rush at all. Ticket #TK75334.,TK75334,HIGH,NO
MSG01193,Case TK98629. I'm locked out of my account. I've already emailed twice with no reply. Let me know what you need from me.,TK98629,HIGH,YES
MSG01194,my order still hasn't arrived. i need this resolved right away. let me know what you need from me. case tk36865.,TK36865,LOW,NO
MSG01195,Quick question about the dashboard. Thanks. Case TK50620.,TK50620,HIGH,NO
MSG01196,Re: TK93305. I can't access my account at all. I contacted support about this last week too. This is urgent.,TK93305,HIGH,NO
MSG01197,My order still hasn't arrived. Ticket #TK50837.,TK50837,MEDIUM,NO
MSG01198,Could you clarify something about my plan? Appreciate your help. Re: TK95098.,TK95098,HIGH,NO
MSG01199,Re: TK73152. I'm locked out of my account. No rush at all. Let me know what you need from me.,TK73152,LOW,YES
MSG01200,i'm locked out of my account. please treat this as high priority. (ref: tk21936),TK21936,LOW,NO
MSG01201,My login keeps failing after the update. I've already emailed twice with no reply. Thanks. Reference number TK47686.,TK47686,HIGH,NO
MSG01202,Case TK06364. There's a charge I don't recognize. Would appreciate a response soon.,TK06364,HIGH,NO
MSG01203,The delivery is way later than promised. No rush at all. Thanks. (ref: TK12950),TK12950,LOW,NO
MSG01204,Could you clarify something about my plan? Let me know when you can. Ticket #TK18433.,TK18433,HIGH,NO
MSG01205,Just wondering how the billing portal works. Whenever you get a chance is fine. (ref: TK02128),TK02128,LOW,NO
MSG01206,(ref: TK23343) It would be great if you added SSO login. I contacted support about this last week too. Would appreciate a response soon. Let me know what you need from me.,TK23343,LOW,NO
MSG01207,Ticket #TK65047. Quick question about the billing portal. I contacted support about this last week too. Thanks.,TK65047,LOW,YES
MSG01208,The delivery is way later than promised. This is the second time I've reached out about this. Thanks. Re: TK18488.,TK18488,HIGH,NO
MSG01209,Could you clarify something about my plan? Thanks. Ticket #TK81844.,TK81844,MEDIUM,NO
MSG01210,Re: TK76910. My invoice doesn't match what I agreed to. I've already emailed twice with no reply. Appreciate your help.,TK76910,LOW,YES
MSG01211,Re: TK75842. There's a charge I don't recognize. I need this resolved right away. Appreciate your help.,TK75842,HIGH,YES
MSG01212,Ticket #TK52639. Have you considered usage alerts? I contacted support about this last week too. Hoping to hear back this week. Thanks.,TK52639,MEDIUM,YES
MSG01213,just wondering how my account works. thanks. reference number tk91148.,TK91148,LOW,NO
MSG01214,Have you considered dark mode? Appreciate your help. (ref: TK82399),TK82399,HIGH,NO
MSG01215,tracking hasn't updated in days. no rush at all. appreciate your help. ticket #tk20035.,TK20035,LOW,NO
MSG01216,The package showed up damaged. I've already emailed twice with no reply. I need this resolved right away. Let me know what you need from me. Case TK39991.,TK39991,HIGH,YES
MSG01217,What I received doesn't work at all. Please treat this as high priority. Let me know what you need from me. Reference number TK03185.,TK03185,LOW,YES
MSG01218,Quick question about the billing portal. Would appreciate a response soon. Let me know what you need from me. Case TK80050.,TK80050,LOW,NO
MSG01219,(ref: TK20342) I can't access the mobile app at all. No rush at all. Let me know what you need from me.,TK20342,HIGH,YES
MSG01220,Reference number TK63388. My invoice doesn't match what I agreed to. Hoping to hear back this week. Let me know what you need from me.,TK63388,LOW,NO
MSG01221,(ref: TK44450) I'm locked out of my account. Thanks.,TK44450,LOW,NO
MSG01222,There's a charge I don't recognize. Appreciate your help. Ticket #TK30371.,TK30371,MEDIUM,NO
MSG01223,Case TK81258. I can't sign in no matter what I try. I've already emailed twice with no reply. Hoping to hear back this week. Thanks.,TK81258,HIGH,YES
MSG01224,my invoice doesn't match what i agreed to. hoping to hear back this week. let me know what you need from me. ticket #tk25398.,TK25398,LOW,NO
MSG01225,there's a charge i don't recognize. please treat this as high priority. appreciate your help. re: tk06912.,TK06912,HIGH,NO
MSG01226,My login keeps failing after the update. No rush at all. Thanks. Case TK42589.,TK42589,MEDIUM,NO
MSG01227,Re: TK47901. I was charged twice this month. Whenever you get a chance is fine. Thanks.,TK47901,HIGH,NO
MSG01228,Ticket #TK63202. I can't access the API at all. Hoping to hear back this week.,TK63202,MEDIUM,YES
MSG01229,What I received doesn't work at all. Whenever you get a chance is fine. Appreciate your help. Case TK84348.,TK84348,LOW,YES
MSG01230,Tracking hasn't updated in days. Hoping to hear back this week. Re: TK90997.,TK90997,LOW,NO
MSG01231,i can't access the api at all. this is urgent. reference number tk30465.,TK30465,LOW,NO
MSG01232,Ticket #TK05955. The package showed up damaged. This is urgent.,TK05955,MEDIUM,YES
MSG01233,Reference number TK14236. I was charged twice this month. I need this resolved right away.,TK14236,HIGH,YES
MSG01234,Reference number TK03009. Quick question about the mobile app. This is urgent. Thanks.,TK03009,LOW,NO
MSG01235,I'm locked out of my account. This is the second time I've reached out about this. Would appreciate a response soon. Let me know what you need from me. Case TK19135.,TK19135,HIGH,YES
MSG01236,My order still hasn't arrived. I need this resolved right away. Let me know what you need from me. Ticket #TK19112.,TK19112,HIGH,YES
MSG01237,Ticket #TK90780. I was charged twice this month. Hoping to hear back this week.,TK90780,MEDIUM,YES
MSG01238,Ticket #TK83020. There's a charge I don't recognize. Not time-sensitive.,TK83020,LOW,YES
MSG01239,Re: TK39093. What I received doesn't work at all. No rush at all.,TK39093,HIGH,YES
MSG01240,Any chance usage alerts could be supported? I need this resolved right away. Appreciate your help. Case TK98643.,TK98643,MEDIUM,YES
MSG01241,(ref: TK39158) Any chance a public API could be supported? Whenever you get a chance is fine. Thanks.,TK39158,LOW,NO
MSG01242,(ref: TK29098) I can't access the billing portal at all. Not time-sensitive. Appreciate your help.,TK29098,HIGH,NO
MSG01243,Ticket #TK56197. Could you clarify something about my plan? Let me know what you need from me.,TK56197,MEDIUM,NO
MSG01244,My login keeps failing after the update. No rush at all. Thanks. Re: TK14512.,TK14512,HIGH,YES
MSG01245,There's a charge I don't recognize. Appreciate your help. Reference number TK71334.,TK71334,HIGH,YES
MSG01246,Reference number TK48613. Any chance dark mode could be supported? This is the second time I've reached out about this. Please treat this as high priority. Let me know what you need from me.,TK48613,LOW,YES
MSG01247,Just wondering how my account works. This is urgent. Let me know what you need from me. Case TK72773.,TK72773,HIGH,NO
MSG01248,The package showed up damaged. Whenever you get a chance is fine. Let me know what you need from me. Re: TK04988.,TK04988,LOW,YES
MSG01249,Could you clarify something about my plan? This is urgent. Thanks. Case TK42689.,TK42689,LOW,YES
MSG01250,Everything is offline on my end. Appreciate your help. Ticket #TK61074.,TK61074,HIGH,NO
MSG01251,Ticket #TK11757. My order still hasn't arrived.,TK11757,HIGH,NO
MSG01252,My login keeps failing after the update. I need this resolved right away. Re: TK97660.,TK97660,HIGH,YES
MSG01253,Re: TK05661. The delivery is way later than promised. Whenever you get a chance is fine. Let me know what you need from me.,TK05661,HIGH,YES
MSG01254,Just wondering how the API works. Would appreciate a response soon. Appreciate your help. Reference number TK62976.,TK62976,LOW,NO
MSG01255,Tracking hasn't updated in days. This is urgent. (ref: TK05084),TK05084,LOW,NO
MSG01256,Re: TK17582. My login keeps failing after the update. I've already emailed twice with no reply. Whenever you get a chance is fine. Let me know what you need from me.,TK17582,HIGH,NO
MSG01257,I'm locked out of my account. I've already emailed twice with no reply. This is urgent. Thanks. Re: TK05139.,TK05139,HIGH,YES
MSG01258,Reference number TK20549. Your service has been down since yesterday. I need this resolved right away. Appreciate your help.,TK20549,HIGH,YES
MSG01259,Reference number TK52564. Everything is offline on my end.,TK52564,HIGH,YES
MSG01260,I'm locked out of my account. This is the second time I've reached out about this. Appreciate your help. Reference number TK76470.,TK76470,LOW,NO
MSG01261,Case TK78156. The package showed up damaged. I've already emailed twice with no reply. Thanks.,TK78156,HIGH,NO
MSG01262,Everything is offline on my end. Let me know what you need from me. Case TK76820.,TK76820,HIGH,YES
MSG01263,Ticket #TK48683. The item arrived broken. This is urgent. Thanks.,TK48683,MEDIUM,NO
MSG01264,(ref: TK24823) Tracking hasn't updated in days. Whenever you get a chance is fine. Thanks.,TK24823,LOW,YES
MSG01265,it would be great if you added dark mode. this is the second time i've reached out about this. this is urgent. let me know what you need from me. (ref: tk31275),TK31275,LOW,NO
MSG01266,Tracking hasn't updated in days. This is urgent. Let me know what you need from me. (ref: TK92477),TK92477,HIGH,NO
MSG01267,Re: TK82923. The delivery is way later than promised. I need this resolved right away. Let me know what you need from me.,TK82923,HIGH,YES
MSG01268,Re: TK56743. My invoice doesn't match what I agreed to. No rush at all. Appreciate your help.,TK56743,LOW,NO
MSG01269,I can't sign in no matter what I try. Thanks. Ticket #TK37193.,TK37193,LOW,YES
MSG01270,My invoice doesn't match what I agreed to. Ticket #TK61124.,TK61124,HIGH,YES
MSG01271,tracking hasn't updated in days. this is the second time i've reached out about this. whenever you get a chance is fine. appreciate your help. (ref: tk49041),TK49041,HIGH,YES
MSG01272,My order still hasn't arrived. No rush at all. Thanks. Reference number TK67853.,TK67853,HIGH,YES
MSG01273,Case TK96828. Tracking hasn't updated in days. This is urgent. Let me know what you need from me.,TK96828,HIGH,NO
MSG01274,I can't sign in no matter what I try. Please treat this as high priority. Appreciate your help. Reference number TK37125.,TK37125,HIGH,YES
MSG01275,the item arrived broken. (ref: tk29700),TK29700,HIGH,YES
MSG01276,case tk09858. there's a charge i don't recognize. this is urgent. appreciate your help.,TK09858,HIGH,YES
MSG01277,reference number tk29630. your service has been down since this morning. let me know what you need from me.,TK29630,LOW,NO
MSG01278,Re: TK03023. Your service has been down since about an hour ago. Please treat this as high priority. Thanks.,TK03023,LOW,YES
MSG01279,Just wondering how the dashboard works. Hoping to hear back this week. Appreciate your help. Re: TK09958.,TK09958,LOW,YES
MSG01280,(ref: TK22043) My invoice doesn't match what I agreed to. Let me know what you need from me.,TK22043,LOW,NO
MSG01281,Case TK09018. Any chance a public API could be supported? Hoping to hear back this week.,TK09018,LOW,YES
MSG01282,Ticket #TK01928. Just wondering how the mobile app works. This is urgent. Let me know what you need from me.,TK01928,HIGH,YES
MSG01283,just wondering how my account works. let me know what you need from me. reference number tk98665.,TK98665,LOW,YES
MSG01284,I can't access the mobile app at all. Let me know when you can. Thanks. Case TK28135.,TK28135,LOW,YES
MSG01285,Case TK63490. My invoice doesn't match what I agreed to. Whenever you get a chance is fine. Appreciate your help.,TK63490,HIGH,YES
MSG01286,case tk91332. my invoice doesn't match what i agreed to. whenever you get a chance is fine. thanks.,TK91332,MEDIUM,YES
MSG01287,My login keeps failing after the update. This is urgent. Appreciate your help. Re: TK51781.,TK51781,HIGH,NO
MSG01288,Quick question about the API. I need this resolved right away. Thanks. (ref: TK50995),TK50995,HIGH,YES
MSG01289,It would be great if you added bulk export. Not time-sensitive. Appreciate your help. Case TK57112.,TK57112,HIGH,NO
MSG01290,(ref: TK29738) Could you clarify something about my plan?,TK29738,LOW,YES
MSG01291,Reference number TK62918. Any chance bulk export could be supported? No rush at all. Appreciate your help.,TK62918,LOW,YES
MSG01292,Case TK26679. The package showed up damaged.,TK26679,HIGH,NO
MSG01293,the item arrived broken. re: tk97268.,TK97268,HIGH,YES
MSG01294,Case TK54657. It would be great if you added SSO login. I've already emailed twice with no reply. This is urgent. Appreciate your help.,TK54657,LOW,NO
MSG01295,the delivery is way later than promised. appreciate your help. (ref: tk41296),TK41296,LOW,YES
MSG01296,The item arrived broken. Please treat this as high priority. Let me know what you need from me. Re: TK88106.,TK88106,LOW,YES
MSG01297,Reference number TK79685. I'm locked out of my account. Thanks.,TK79685,HIGH,YES
MSG01298,Case TK91030. I was charged twice this month. Let me know what you need from me.,TK91030,HIGH,NO
MSG01299,The item arrived broken. No rush at all. Thanks. Re: TK25773.,TK25773,HIGH,NO
MSG01300,My order still hasn't arrived. Please treat this as high priority. Appreciate your help. Re: TK92715.,TK92715,LOW,NO
MSG01301,could you clarify something about my plan? whenever you get a chance is fine. let me know what you need from me. ticket #tk98994.,TK98994,HIGH,NO
MSG01302,ticket #tk18635. have you considered a public api? thanks.,TK18635,LOW,YES
MSG01303,The package showed up damaged. I contacted support about this last week too. No rush at all. (ref: TK92506),TK92506,LOW,YES
MSG01304,Everything is offline on my end. Please treat this as high priority. Let me know what you need from me. Case TK20224.,TK20224,HIGH,NO
MSG01305,Ticket #TK91415. Any chance bulk export could be supported? I contacted support about this last week too. Thanks.,TK91415,HIGH,NO
MSG01306,ticket #tk11972. have you considered a public api? appreciate your help.,TK11972,LOW,YES
MSG01307,Reference number TK49092. My invoice doesn't match what I agreed to. I contacted support about this last week too. Let me know what you need from me.,TK49092,LOW,NO
MSG01308,Ticket #TK52216. The package showed up damaged. Appreciate your help.,TK52216,HIGH,NO
MSG01309,Re: TK45068. Everything is offline on my end.,TK45068,MEDIUM,YES
MSG01310,Case TK93624. I can't sign in no matter what I try. No rush at all. Let me know what you need from me.,TK93624,LOW,YES
MSG01311,My invoice doesn't match what I agreed to. Would appreciate a response soon. Let me know what you need from me. (ref: TK00981),TK00981,LOW,YES
MSG01312,Re: TK85649. It would be great if you added SSO login.,TK85649,LOW,NO
MSG01313,Ticket #TK99130. Just wondering how the API works. Would appreciate a response soon. Appreciate your help.,TK99130,LOW,YES
MSG01314,The package showed up damaged. No rush at all. Thanks. Reference number TK06718.,TK06718,HIGH,NO
MSG01315,(ref: TK13221) Tracking hasn't updated in days. Not time-sensitive. Thanks.,TK13221,LOW,YES
MSG01316,The package showed up damaged. Whenever you get a chance is fine. Thanks. Case TK98742.,TK98742,LOW,YES
MSG01317,case tk42873. everything is offline on my end. i need this resolved right away. thanks.,TK42873,HIGH,YES
MSG01318,My login keeps failing after the update. This is the second time I've reached out about this. Reference number TK14769.,TK14769,HIGH,YES
MSG01319,Re: TK08504. What I received doesn't work at all. Let me know when you can. Thanks.,TK08504,MEDIUM,YES
MSG01320,Everything is offline on my end. Not time-sensitive. Appreciate your help. Reference number TK49383.,TK49383,HIGH,YES
MSG01321,(ref: TK35048) The item arrived broken. Would appreciate a response soon. Thanks.,TK35048,LOW,YES
MSG01322,Case TK35230. Your service has been down since about an hour ago.,TK35230,LOW,NO
MSG01323,Re: TK15058. Everything is offline on my end. Thanks.,TK15058,LOW,NO
MSG01324,(ref: TK95426) I'm locked out of my account.,TK95426,LOW,NO
MSG01325,Have you considered a public API? This is the second time I've reached out about this. Not time-sensitive. Thanks. Reference number TK16314.,TK16314,HIGH,YES
MSG01326,The item arrived broken. Appreciate your help. (ref: TK53000),TK53000,HIGH,YES
MSG01327,case tk33106. everything is offline on my end. no rush at all.,TK33106,HIGH,YES
MSG01328,Reference number TK61784. The package showed up damaged. I need this resolved right away. Appreciate your help.,TK61784,LOW,YES
MSG01329,reference number tk25847. my login keeps failing after the update. this is urgent. let me know what you need from me.,TK25847,HIGH,YES
MSG01330,i'm locked out of my account. i've already emailed twice with no reply. would appreciate a response soon. appreciate your help. case tk73757.,TK73757,HIGH,YES
MSG01331,tracking hasn't updated in days. hoping to hear back this week. thanks. reference number tk66092.,TK66092,HIGH,YES
MSG01332,The package showed up damaged. This is urgent. Let me know what you need from me. Case TK20284.,TK20284,HIGH,YES
MSG01333,There's a charge I don't recognize. No rush at all. Let me know what you need from me. Ticket #TK89213.,TK89213,HIGH,YES
MSG01334,Re: TK28141. It would be great if you added usage alerts. Whenever you get a chance is fine. Let me know what you need from me.,TK28141,LOW,NO
MSG01335,What I received doesn't work at all. Ticket #TK24814.,TK24814,HIGH,NO
MSG01336,i was charged twice this month. i've already emailed twice with no reply. ticket #tk51926.,TK51926,HIGH,NO
MSG01337,The delivery is way later than promised. No rush at all. Thanks. Case TK79843.,TK79843,LOW,NO
MSG01338,Just wondering how the mobile app works. This is the second time I've reached out about this. No rush at all. Thanks. (ref: TK08528),TK08528,LOW,YES
MSG01339,Ticket #TK38689. There's a charge I don't recognize. Would appreciate a response soon.,TK38689,HIGH,NO
MSG01340,Could you clarify something about my plan? Not time-sensitive. Let me know what you need from me. Reference number TK87891.,TK87891,LOW,YES
MSG01341,Reference number TK02973. I'm locked out of my account. Appreciate your help.,TK02973,LOW,YES
MSG01342,Ticket #TK93859. The item arrived broken.,TK93859,HIGH,YES
MSG01343,Reference number TK39594. There's a charge I don't recognize. Hoping to hear back this week. Thanks.,TK39594,LOW,YES
MSG01344,Re: TK11126. I can't access the API at all. Let me know when you can. Thanks.,TK11126,HIGH,YES
MSG01345,I can't access the dashboard at all. Thanks. Case TK86313.,TK86313,HIGH,NO
MSG01346,Quick question about the dashboard. Would appreciate a response soon. Reference number TK58703.,TK58703,HIGH,NO
MSG01347,(ref: TK77316) Could you clarify something about my plan? Thanks.,TK77316,LOW,YES
MSG01348,There's a charge I don't recognize. I need this resolved right away. Thanks. Re: TK90949.,TK90949,HIGH,NO
MSG01349,Ticket #TK12524. I can't sign in no matter what I try. I contacted support about this last week too. Appreciate your help.,TK12524,HIGH,YES
MSG01350,(ref: TK67569) Any chance a public API could be supported? I contacted support about this last week too. This is urgent. Let me know what you need from me.,TK67569,LOW,NO
MSG01351,Ticket #TK85604. My order still hasn't arrived. Thanks.,TK85604,LOW,NO
MSG01352,It would be great if you added bulk export. This is urgent. Appreciate your help. Ticket #TK16634.,TK16634,HIGH,NO
MSG01353,Could you clarify something about my plan? Not time-sensitive. Appreciate your help. Ticket #TK18652.,TK18652,HIGH,NO
MSG01354,my login keeps failing after the update. whenever you get a chance is fine. thanks. case tk59509.,TK59509,MEDIUM,NO
MSG01355,your service has been down since about an hour ago. i've already emailed twice with no reply. whenever you get a chance is fine. case tk53340.,TK53340,HIGH,YES
MSG01356,I was charged twice this month. This is the second time I've reached out about this. Thanks. (ref: TK04780),TK04780,MEDIUM,YES
MSG01357,Tracking hasn't updated in days. This is urgent. Thanks. Reference number TK85136.,TK85136,HIGH,YES
MSG01358,What I received doesn't work at all. (ref: TK10936),TK10936,HIGH,YES
MSG01359,(ref: TK58900) The delivery is way later than promised. Appreciate your help.,TK58900,LOW,YES
MSG01360,(ref: TK17504) The package showed up damaged. I need this resolved right away.,TK17504,HIGH,YES
MSG01361,Reference number TK15195. The item arrived broken. Hoping to hear back this week. Appreciate your help.,TK15195,LOW,YES
MSG01362,Tracking hasn't updated in days. This is urgent. Let me know what you need from me. Re: TK07080.,TK07080,LOW,NO
MSG01363,Re: TK82767. Tracking hasn't updated in days. I need this resolved right away. Thanks.,TK82767,HIGH,YES
MSG01364,any chance bulk export could be supported? please treat this as high priority. appreciate your help. (ref: tk07516),TK07516,HIGH,YES
MSG01365,Have you considered dark mode? Appreciate your help. Reference number TK92532.,TK92532,LOW,YES
MSG01366,Reference number TK67551. Any chance SSO login could be supported? Appreciate your help.,TK67551,LOW,YES
MSG01367,Just wondering how my account works. Appreciate your help. Ticket #TK95430.,TK95430,HIGH,NO
MSG01368,Ticket #TK61715. I was charged twice this month.,TK61715,MEDIUM,NO
MSG01369,Any chance dark mode could be supported? Let me know what you need from me. Re: TK62554.,TK62554,LOW,YES
MSG01370,ticket #tk60314. could you clarify something about my plan? hoping to hear back this week. let me know what you need from me.,TK60314,MEDIUM,YES
MSG01371,there's a charge i don't recognize. this is the second time i've reached out about this. whenever you get a chance is fine. appreciate your help. (ref: tk31762),TK31762,HIGH,YES
MSG01372,the delivery is way later than promised. i contacted support about this last week too. i need this resolved right away. case tk82084.,TK82084,HIGH,NO
MSG01373,My invoice doesn't match what I agreed to. Let me know when you can. Thanks. Reference number TK53307.,TK53307,LOW,NO
MSG01374,Ticket #TK81737. I'm locked out of my account. Thanks.,TK81737,HIGH,YES
MSG01375,(ref: tk56909) any chance bulk export could be supported? i contacted support about this last week too. hoping to hear back this week. thanks.,TK56909,MEDIUM,YES
MSG01376,my invoice doesn't match what i agreed to. would appreciate a response soon. let me know what you need from me. re: tk41125.,TK41125,HIGH,YES
MSG01377,Case TK95477. I can't access the dashboard at all. Let me know what you need from me.,TK95477,HIGH,NO
MSG01378,I can't access the API at all. Thanks. Re: TK74616.,TK74616,MEDIUM,NO
MSG01379,The delivery is way later than promised. Would appreciate a response soon. Thanks. Ticket #TK22359.,TK22359,LOW,YES
MSG01380,I can't sign in no matter what I try. Hoping to hear back this week. Thanks. (ref: TK59494),TK59494,HIGH,YES
MSG01381,any chance usage alerts could be supported? ticket #tk57361.,TK57361,LOW,YES
MSG01382,Re: TK13178. What I received doesn't work at all. Not time-sensitive. Thanks.,TK13178,HIGH,YES
MSG01383,Re: TK58177. I was charged twice this month. Thanks.,TK58177,MEDIUM,YES
MSG01384,(ref: TK43061) There's a charge I don't recognize. Let me know when you can. Let me know what you need from me.,TK43061,LOW,NO
MSG01385,Quick question about the dashboard. Thanks. (ref: TK37164),TK37164,LOW,NO
MSG01386,Quick question about the billing portal. Hoping to hear back this week. Thanks. Case TK11754.,TK11754,LOW,NO
MSG01387,I'm locked out of my account. No rush at all. Appreciate your help. Reference number TK59307.,TK59307,HIGH,YES
MSG01388,Re: TK34751. The item arrived broken. Whenever you get a chance is fine. Thanks.,TK34751,LOW,YES
MSG01389,Reference number TK11842. I'm locked out of my account. I contacted support about this last week too. Let me know when you can.,TK11842,LOW,YES
MSG01390,my invoice doesn't match what i agreed to. i need this resolved right away. thanks. ticket #tk68711.,TK68711,LOW,YES
MSG01391,Reference number TK21139. The package showed up damaged. Appreciate your help.,TK21139,HIGH,YES
MSG01392,Could you clarify something about my plan? Thanks. Case TK91999.,TK91999,LOW,YES
MSG01393,Reference number TK39353. Quick question about the mobile app. Not time-sensitive. Let me know what you need from me.,TK39353,LOW,NO
MSG01394,Re: TK24958. Everything is offline on my end. I need this resolved right away. Appreciate your help.,TK24958,HIGH,YES
MSG01395,There's a charge I don't recognize. Let me know what you need from me. Re: TK47596.,TK47596,LOW,YES
MSG01396,Any chance usage alerts could be supported? Let me know what you need from me. Re: TK48302.,TK48302,HIGH,NO
MSG01397,Re: TK60234. Everything is offline on my end. Not time-sensitive. Appreciate your help.,TK60234,LOW,NO
MSG01398,(ref: TK35132) My login keeps failing after the update. Would appreciate a response soon. Appreciate your help.,TK35132,HIGH,NO
MSG01399,My login keeps failing after the update. I've already emailed twice with no reply. Let me know when you can. Thanks. Ticket #TK94029.,TK94029,HIGH,YES
MSG01400,(ref: TK24954) What I received doesn't work at all. Let me know when you can. Let me know what you need from me.,TK24954,HIGH,YES
MSG01401,Re: TK29569. The package showed up damaged. Let me know when you can. Appreciate your help.,TK29569,HIGH,YES
MSG01402,My invoice doesn't match what I agreed to. (ref: TK52553),TK52553,HIGH,NO
MSG01403,(ref: TK95811) The delivery is way later than promised. Thanks.,TK95811,LOW,YES
MSG01404,Reference number TK24469. My invoice doesn't match what I agreed to. Appreciate your help.,TK24469,HIGH,NO
MSG01405,Re: TK09384. The item arrived broken. This is the second time I've reached out about this. No rush at all.,TK09384,LOW,NO
MSG01406,Everything is offline on my end. Would appreciate a response soon. Case TK81449.,TK81449,HIGH,YES
MSG01407,What I received doesn't work at all. No rush at all. Appreciate your help. Reference number TK27726.,TK27726,MEDIUM,YES
MSG01408,Ticket #TK07941. I was charged twice this month. Let me know what you need from me.,TK07941,LOW,NO
MSG01409,(ref: TK67976) Any chance usage alerts could be supported? I've already emailed twice with no reply. I need this resolved right away. Let me know what you need from me.,TK67976,MEDIUM,YES
MSG01410,Ticket #TK28678. I'm locked out of my account. Let me know when you can. Let me know what you need from me.,TK28678,LOW,YES
MSG01411,I can't sign in no matter what I try. No rush at all. Let me know what you need from me. Re: TK58296.,TK58296,HIGH,YES
MSG01412,Just wondering how the dashboard works. Whenever you get a chance is fine. Appreciate your help. Re: TK74092.,TK74092,HIGH,YES
MSG01413,just wondering how the dashboard works. appreciate your help. ticket #tk10121.,TK10121,LOW,YES
MSG01414,My order still hasn't arrived. This is the second time I've reached out about this. No rush at all. Appreciate your help. Case TK91983.,TK91983,HIGH,YES
MSG01415,Reference number TK56062. The item arrived broken. This is urgent. Let me know what you need from me.,TK56062,HIGH,NO
MSG01416,(ref: TK77595) I can't sign in no matter what I try.,TK77595,HIGH,NO
MSG01417,My login keeps failing after the update. Please treat this as high priority. Let me know what you need from me. Ticket #TK81393.,TK81393,HIGH,YES
MSG01418,Ticket #TK53338. My order still hasn't arrived. Thanks.,TK53338,HIGH,YES
MSG01419,case tk21269. there's a charge i don't recognize. no rush at all.,TK21269,HIGH,YES
MSG01420,Your service has been down since last night. Not time-sensitive. Appreciate your help. Ticket #TK75777.,TK75777,LOW,YES
MSG01421,(ref: TK73518) My login keeps failing after the update. I contacted support about this last week too. This is urgent. Appreciate your help.,TK73518,MEDIUM,YES
MSG01422,Tracking hasn't updated in days. I've already emailed twice with no reply. This is urgent. Thanks. Reference number TK90327.,TK90327,HIGH,YES
MSG01423,(ref: TK68749) The package showed up damaged. Hoping to hear back this week. Thanks.,TK68749,LOW,YES
MSG01424,(ref: TK97979) Tracking hasn't updated in days. This is urgent. Let me know what you need from me.,TK97979,HIGH,YES
MSG01425,Could you clarify something about my plan? This is urgent. Let me know what you need from me. Ticket #TK28007.,TK28007,LOW,YES
MSG01426,Ticket #TK28705. I can't access my account at all. Thanks.,TK28705,MEDIUM,YES
MSG01427,Reference number TK96745. My login keeps failing after the update. Appreciate your help.,TK96745,HIGH,NO
MSG01428,(ref: TK34285) Quick question about my account. No rush at all. Thanks.,TK34285,LOW,NO
MSG01429,It would be great if you added a public API. Let me know what you need from me. Reference number TK84779.,TK84779,LOW,NO
MSG01430,Ticket #TK39184. Your service has been down since this morning. No rush at all. Appreciate your help.,TK39184,HIGH,NO
MSG01431,Tracking hasn't updated in days. I contacted support about this last week too. Please treat this as high priority. Ticket #TK24888.,TK24888,HIGH,NO
MSG01432,(ref: TK14944) There's a charge I don't recognize. Let me know when you can. Appreciate your help.,TK14944,HIGH,YES
MSG01433,It would be great if you added usage alerts. Let me know what you need from me. (ref: TK98779),TK98779,LOW,YES
MSG01434,Have you considered SSO login? I've already emailed twice with no reply. Appreciate your help. Reference number TK75586.,TK75586,LOW,YES
MSG01435,The delivery is way later than promised. Let me know what you need from me. (ref: TK19486),TK19486,MEDIUM,NO
MSG01436,any chance usage alerts could be supported? this is urgent. let me know what you need from me. ticket #tk21613.,TK21613,HIGH,NO
MSG01437,There's a charge I don't recognize. Thanks. Reference number TK33270.,TK33270,HIGH,NO
MSG01438,Reference number TK89212. My login keeps failing after the update. Whenever you get a chance is fine. Thanks.,TK89212,HIGH,NO
MSG01439,Quick question about the mobile app. Appreciate your help. Case TK23147.,TK23147,LOW,NO
MSG01440,Have you considered a public API? Please treat this as high priority. Thanks. (ref: TK55201),TK55201,LOW,YES
MSG01441,Reference number TK83576. Tracking hasn't updated in days. Hoping to hear back this week. Thanks.,TK83576,HIGH,NO
MSG01442,re: tk47074. have you considered bulk export? i've already emailed twice with no reply. appreciate your help.,TK47074,LOW,YES
MSG01443,(ref: TK07122) It would be great if you added usage alerts. I contacted support about this last week too. Thanks.,TK07122,HIGH,NO
MSG01444,My order still hasn't arrived. Hoping to hear back this week. Appreciate your help. Re: TK58761.,TK58761,HIGH,NO
MSG01445,The item arrived broken. This is urgent. Re: TK99509.,TK99509,LOW,YES
MSG01446,There's a charge I don't recognize. Ticket #TK54129.,TK54129,HIGH,NO
MSG01447,Reference number TK08601. The item arrived broken. Hoping to hear back this week.,TK08601,LOW,NO
MSG01448,There's a charge I don't recognize. This is urgent. Re: TK70542.,TK70542,HIGH,NO
MSG01449,(ref: TK59544) Just wondering how my account works. I contacted support about this last week too. Hoping to hear back this week. Let me know what you need from me.,TK59544,LOW,YES
MSG01450,Ticket #TK94395. Tracking hasn't updated in days. Let me know when you can. Appreciate your help.,TK94395,HIGH,NO
MSG01451,I can't sign in no matter what I try. This is urgent. Thanks. Re: TK85937.,TK85937,HIGH,YES
MSG01452,My order still hasn't arrived. Thanks. Case TK72064.,TK72064,HIGH,NO
MSG01453,The delivery is way later than promised. Thanks. Case TK89631.,TK89631,HIGH,NO
MSG01454,Ticket #TK13530. It would be great if you added SSO login. Let me know when you can.,TK13530,LOW,YES
MSG01455,The package showed up damaged. This is urgent. Re: TK97374.,TK97374,HIGH,YES
MSG01456,(ref: TK04090) My invoice doesn't match what I agreed to. Not time-sensitive. Let me know what you need from me.,TK04090,LOW,YES
MSG01457,it would be great if you added usage alerts. please treat this as high priority. let me know what you need from me. case tk96548.,TK96548,HIGH,YES
MSG01458,the delivery is way later than promised. i need this resolved right away. appreciate your help. ticket #tk68126.,TK68126,LOW,YES
MSG01459,Reference number TK08681. I can't access the dashboard at all. Please treat this as high priority. Let me know what you need from me.,TK08681,LOW,YES
MSG01460,it would be great if you added bulk export. thanks. re: tk85329.,TK85329,HIGH,NO
MSG01461,Tracking hasn't updated in days. I've already emailed twice with no reply. Appreciate your help. (ref: TK40150),TK40150,HIGH,YES
MSG01462,I was charged twice this month. Would appreciate a response soon. Let me know what you need from me. Reference number TK83654.,TK83654,HIGH,YES
MSG01463,My order still hasn't arrived. Whenever you get a chance is fine. Appreciate your help. Re: TK75288.,TK75288,LOW,YES
MSG01464,Ticket #TK02615. Your service has been down since about an hour ago. I need this resolved right away. Thanks.,TK02615,HIGH,YES
MSG01465,Ticket #TK11155. My invoice doesn't match what I agreed to. This is the second time I've reached out about this. Not time-sensitive.,TK11155,HIGH,YES
MSG01466,(ref: TK60165) Tracking hasn't updated in days. This is urgent.,TK60165,MEDIUM,YES
MSG01467,Re: TK20344. Tracking hasn't updated in days. Whenever you get a chance is fine. Appreciate your help.,TK20344,HIGH,NO
MSG01468,Case TK52803. I was charged twice this month. I've already emailed twice with no reply. Let me know what you need from me.,TK52803,HIGH,YES
MSG01469,(ref: TK26548) My order still hasn't arrived. No rush at all. Let me know what you need from me.,TK26548,LOW,NO
MSG01470,My order still hasn't arrived. This is urgent. Let me know what you need from me. Ticket #TK74239.,TK74239,LOW,NO
MSG01471,My invoice doesn't match what I agreed to. Whenever you get a chance is fine. Appreciate your help. Ticket #TK98957.,TK98957,LOW,NO
MSG01472,Everything is offline on my end. Whenever you get a chance is fine. Appreciate your help. (ref: TK58496),TK58496,HIGH,YES
MSG01473,Just wondering how the billing portal works. I've already emailed twice with no reply. Would appreciate a response soon. Case TK57700.,TK57700,LOW,YES
MSG01474,I was charged twice this month. Not time-sensitive. Case TK69932.,TK69932,HIGH,YES
MSG01475,What I received doesn't work at all. Thanks. Ticket #TK36538.,TK36538,MEDIUM,YES
MSG01476,case tk95031. my order still hasn't arrived.,TK95031,HIGH,NO
MSG01477,Re: TK64096. Just wondering how the dashboard works. Appreciate your help.,TK64096,LOW,YES
MSG01478,everything is offline on my end. appreciate your help. ticket #tk11877.,TK11877,HIGH,NO
MSG01479,(ref: TK37772) The item arrived broken. I contacted support about this last week too. Let me know when you can.,TK37772,MEDIUM,YES
MSG01480,Ticket #TK68691. Just wondering how the API works. I've already emailed twice with no reply. Whenever you get a chance is fine. Let me know what you need from me.,TK68691,LOW,NO
MSG01481,What I received doesn't work at all. No rush at all. Appreciate your help. Case TK43122.,TK43122,HIGH,YES
MSG01482,Ticket #TK22649. Tracking hasn't updated in days. Let me know what you need from me.,TK22649,LOW,YES
MSG01483,Reference number TK56868. Quick question about the billing portal. Hoping to hear back this week.,TK56868,HIGH,YES
MSG01484,Quick question about the billing portal. I contacted support about this last week too. Not time-sensitive. Thanks. Case TK99494.,TK99494,LOW,YES
MSG01485,Reference number TK22730. My login keeps failing after the update. This is the second time I've reached out about this.,TK22730,HIGH,YES
MSG01486,It would be great if you added bulk export. I've already emailed twice with no reply. Not time-sensitive. Appreciate your help. Ticket #TK38989.,TK38989,LOW,NO
MSG01487,My login keeps failing after the update. Please treat this as high priority. Re: TK24194.,TK24194,LOW,YES
MSG01488,Reference number TK51271. What I received doesn't work at all. Let me know what you need from me.,TK51271,HIGH,YES
MSG01489,Re: TK30935. It would be great if you added usage alerts. Please treat this as high priority. Let me know what you need from me.,TK30935,LOW,YES
MSG01490,what i received doesn't work at all. i need this resolved right away. let me know what you need from me. reference number tk20636.,TK20636,MEDIUM,YES
MSG01491,My invoice doesn't match what I agreed to. Ticket #TK97401.,TK97401,HIGH,NO
MSG01492,Have you considered a public API? Thanks. Re: TK23564.,TK23564,HIGH,YES
MSG01493,Just wondering how my account works. Appreciate your help. (ref: TK26512),TK26512,LOW,NO
MSG01494,My order still hasn't arrived. Thanks. Re: TK70636.,TK70636,MEDIUM,NO
MSG01495,Any chance dark mode could be supported? I've already emailed twice with no reply. Would appreciate a response soon. Thanks. Ticket #TK51337.,TK51337,LOW,YES
MSG01496,Re: TK80833. Just wondering how the dashboard works. I've already emailed twice with no reply. Not time-sensitive. Thanks.,TK80833,HIGH,NO
MSG01497,Any chance bulk export could be supported? Case TK45975.,TK45975,LOW,NO
MSG01498,Quick question about the API. Please treat this as high priority. Thanks. Re: TK06927.,TK06927,HIGH,NO
MSG01499,What I received doesn't work at all. I contacted support about this last week too. Let me know what you need from me. Re: TK17160.,TK17160,HIGH,NO
MSG01500,Tracking hasn't updated in days. This is the second time I've reached out about this. Appreciate your help. (ref: TK66799),TK66799,HIGH,YES
MSG01501,Reference number TK60121. I was charged twice this month. Thanks.,TK60121,HIGH,NO
MSG01502,What I received doesn't work at all. Let me know what you need from me. (ref: TK14617),TK14617,HIGH,NO
MSG01503,Re: TK50632. Your service has been down since last night. Appreciate your help.,TK50632,LOW,YES
MSG01504,Any chance usage alerts could be supported? Not time-sensitive. Thanks. Case TK40875.,TK40875,LOW,NO
MSG01505,Case TK35964. Your service has been down since this morning. Not time-sensitive.,TK35964,HIGH,YES
MSG01506,Could you clarify something about my plan? I need this resolved right away. Appreciate your help. (ref: TK48183),TK48183,HIGH,NO
MSG01507,Reference number TK95404. Just wondering how the mobile app works. No rush at all.,TK95404,LOW,YES
MSG01508,reference number tk93411. there's a charge i don't recognize. i contacted support about this last week too. thanks.,TK93411,LOW,YES
MSG01509,Your service has been down since this morning. Case TK61448.,TK61448,LOW,NO
MSG01510,(ref: TK45476) The delivery is way later than promised. Not time-sensitive. Thanks.,TK45476,HIGH,YES
MSG01511,(ref: TK17514) Quick question about the dashboard. I've already emailed twice with no reply. This is urgent.,TK17514,MEDIUM,NO
MSG01512,Case TK63927. My order still hasn't arrived. Hoping to hear back this week. Appreciate your help.,TK63927,HIGH,NO
MSG01513,(ref: tk67782) i can't access the mobile app at all. whenever you get a chance is fine. let me know what you need from me.,TK67782,HIGH,YES
MSG01514,Any chance dark mode could be supported? Thanks. (ref: TK78691),TK78691,LOW,YES
MSG01515,Could you clarify something about my plan? No rush at all. Let me know what you need from me. Case TK01591.,TK01591,LOW,YES
MSG01516,Ticket #TK36132. The item arrived broken. Not time-sensitive. Appreciate your help.,TK36132,LOW,YES
MSG01517,Case TK33047. I can't access the API at all. Let me know when you can. Let me know what you need from me.,TK33047,MEDIUM,YES
MSG01518,The delivery is way later than promised. Hoping to hear back this week. Appreciate your help. Case TK63565.,TK63565,HIGH,YES
MSG01519,Re: TK99838. I can't sign in no matter what I try. Hoping to hear back this week. Thanks.,TK99838,LOW,YES
MSG01520,There's a charge I don't recognize. Would appreciate a response soon. Let me know what you need from me. Case TK53362.,TK53362,LOW,YES
MSG01521,Ticket #TK15097. Quick question about the mobile app. This is urgent.,TK15097,MEDIUM,YES
MSG01522,Any chance a public API could be supported? This is the second time I've reached out about this. Appreciate your help. Case TK89042.,TK89042,HIGH,NO
MSG01523,Reference number TK42305. What I received doesn't work at all. I contacted support about this last week too. Not time-sensitive.,TK42305,LOW,YES
MSG01524,everything is offline on my end. thanks. case tk39141.,TK39141,HIGH,YES
MSG01525,Just wondering how the API works. Whenever you get a chance is fine. Appreciate your help. Re: TK19865.,TK19865,LOW,YES
MSG01526,Reference number TK95766. The item arrived broken. I've already emailed twice with no reply. I need this resolved right away.,TK95766,LOW,NO
MSG01527,(ref: TK01896) It would be great if you added SSO login.,TK01896,HIGH,NO
MSG01528,Could you clarify something about my plan? I need this resolved right away. Re: TK09530.,TK09530,HIGH,NO
MSG01529,What I received doesn't work at all. I contacted support about this last week too. Reference number TK26193.,TK26193,HIGH,NO
MSG01530,Case TK08674. My invoice doesn't match what I agreed to. Whenever you get a chance is fine.,TK08674,HIGH,NO
MSG01531,Reference number TK86287. The delivery is way later than promised. Thanks.,TK86287,HIGH,YES
MSG01532,Reference number TK72471. Tracking hasn't updated in days. Would appreciate a response soon. Thanks.,TK72471,HIGH,YES
MSG01533,My login keeps failing after the update. Whenever you get a chance is fine. Let me know what you need from me. Re: TK97143.,TK97143,LOW,YES
MSG01534,Case TK39686. There's a charge I don't recognize. I contacted support about this last week too. Please treat this as high priority. Let me know what you need from me.,TK39686,HIGH,NO
MSG01535,Reference number TK41383. My invoice doesn't match what I agreed to. I need this resolved right away. Thanks.,TK41383,HIGH,NO
MSG01536,my login keeps failing after the update. thanks. case tk34978.,TK34978,LOW,YES
MSG01537,The package showed up damaged. No rush at all. Thanks. (ref: TK21378),TK21378,LOW,NO
MSG01538,any chance dark mode could be supported? hoping to hear back this week. thanks. case tk55712.,TK55712,HIGH,YES
MSG01539,(ref: tk01293) any chance usage alerts could be supported? no rush at all. let me know what you need from me.,TK01293,LOW,YES
MSG01540,Ticket #TK71968. My invoice doesn't match what I agreed to. Let me know what you need from me.,TK71968,HIGH,NO
MSG01541,Re: TK39821. There's a charge I don't recognize. Please treat this as high priority. Let me know what you need from me.,TK39821,LOW,YES
MSG01542,(ref: TK73814) I'm locked out of my account. This is the second time I've reached out about this. Hoping to hear back this week. Let me know what you need from me.,TK73814,LOW,NO
MSG01543,My invoice doesn't match what I agreed to. Thanks. Re: TK14678.,TK14678,LOW,NO
MSG01544,Case TK98193. I was charged twice this month.,TK98193,HIGH,NO
MSG01545,Any chance a public API could be supported? Appreciate your help. Ticket #TK12849.,TK12849,LOW,NO
MSG01546,It would be great if you added a public API. No rush at all. Let me know what you need from me. Re: TK49686.,TK49686,LOW,NO
MSG01547,(ref: TK29284) I can't sign in no matter what I try. Let me know what you need from me.,TK29284,HIGH,YES
MSG01548,I'm locked out of my account. Not time-sensitive. Appreciate your help. Case TK39848.,TK39848,LOW,NO
MSG01549,Ticket #TK36173. Just wondering how the API works. Thanks.,TK36173,MEDIUM,YES
MSG01550,Case TK84777. Your service has been down since about an hour ago. I contacted support about this last week too. Whenever you get a chance is fine.,TK84777,MEDIUM,NO
MSG01551,My invoice doesn't match what I agreed to. Appreciate your help. Reference number TK30643.,TK30643,MEDIUM,YES
MSG01552,Just wondering how the API works. I've already emailed twice with no reply. Whenever you get a chance is fine. Let me know what you need from me. Case TK82072.,TK82072,LOW,NO
MSG01553,(ref: tk58997) my invoice doesn't match what i agreed to. thanks.,TK58997,LOW,YES
MSG01554,(ref: TK36142) Your service has been down since about an hour ago. I need this resolved right away. Let me know what you need from me.,TK36142,HIGH,YES
MSG01555,Reference number TK84095. Your service has been down since about an hour ago. Please treat this as high priority. Thanks.,TK84095,HIGH,YES
MSG01556,Could you clarify something about my plan? Whenever you get a chance is fine. (ref: TK98548),TK98548,HIGH,YES
MSG01557,Could you clarify something about my plan? No rush at all. Appreciate your help. Re: TK15228.,TK15228,HIGH,NO
MSG01558,The delivery is way later than promised. Please treat this as high priority. (ref: TK88742),TK88742,MEDIUM,YES
MSG01559,Case TK33053. My login keeps failing after the update. Appreciate your help.,TK33053,LOW,NO
MSG01560,I can't sign in no matter what I try. Would appreciate a response soon. Thanks. Case TK00611.,TK00611,LOW,NO
MSG01561,Reference number TK79391. I was charged twice this month. Thanks.,TK79391,LOW,YES
MSG01562,reference number tk12215. there's a charge i don't recognize. please treat this as high priority. thanks.,TK12215,LOW,NO
MSG01563,(ref: TK28653) My invoice doesn't match what I agreed to. Let me know when you can. Let me know what you need from me.,TK28653,LOW,NO
MSG01564,Case TK38419. Any chance usage alerts could be supported? Not time-sensitive.,TK38419,LOW,YES
MSG01565,(ref: TK99082) Have you considered a public API? Hoping to hear back this week. Appreciate your help.,TK99082,MEDIUM,YES
MSG01566,Have you considered usage alerts? Would appreciate a response soon. Ticket #TK12419.,TK12419,LOW,YES
MSG01567,Ticket #TK71362. I'm locked out of my account. Let me know what you need from me.,TK71362,HIGH,NO
MSG01568,Re: TK06513. It would be great if you added SSO login. Hoping to hear back this week. Let me know what you need from me.,TK06513,LOW,YES
MSG01569,I can't access my account at all. Appreciate your help. Case TK58950.,TK58950,LOW,YES
MSG01570,The delivery is way later than promised. Appreciate your help. Reference number TK18137.,TK18137,HIGH,NO
MSG01571,What I received doesn't work at all. I've already emailed twice with no reply. Whenever you get a chance is fine. Thanks. Reference number TK84895.,TK84895,LOW,NO
MSG01572,Reference number TK83391. What I received doesn't work at all.,TK83391,LOW,NO
MSG01573,Re: TK65106. My invoice doesn't match what I agreed to. Thanks.,TK65106,HIGH,YES
MSG01574,(ref: TK88347) What I received doesn't work at all. Not time-sensitive. Appreciate your help.,TK88347,LOW,YES
MSG01575,Ticket #TK40490. I'm locked out of my account. Not time-sensitive. Thanks.,TK40490,HIGH,NO
MSG01576,ticket #tk24249. i was charged twice this month. appreciate your help.,TK24249,MEDIUM,YES
MSG01577,Case TK86181. Could you clarify something about my plan? Appreciate your help.,TK86181,MEDIUM,NO
MSG01578,Everything is offline on my end. Appreciate your help. Ticket #TK69907.,TK69907,HIGH,YES
MSG01579,My invoice doesn't match what I agreed to. I need this resolved right away. Let me know what you need from me. Reference number TK24425.,TK24425,HIGH,NO
MSG01580,Just wondering how my account works. This is the second time I've reached out about this. Reference number TK46369.,TK46369,MEDIUM,NO
MSG01581,there's a charge i don't recognize. appreciate your help. case tk88596.,TK88596,LOW,NO
MSG01582,tracking hasn't updated in days. i contacted support about this last week too. please treat this as high priority. appreciate your help. case tk12720.,TK12720,MEDIUM,NO
MSG01583,My order still hasn't arrived. Let me know what you need from me. Re: TK50552.,TK50552,MEDIUM,NO
MSG01584,My invoice doesn't match what I agreed to. Whenever you get a chance is fine. Thanks. Case TK01436.,TK01436,LOW,YES
MSG01585,Re: TK78185. Any chance usage alerts could be supported? Appreciate your help.,TK78185,HIGH,YES
MSG01586,Re: TK06808. I can't access my account at all. This is the second time I've reached out about this. Whenever you get a chance is fine.,TK06808,HIGH,NO
MSG01587,Any chance SSO login could be supported? Not time-sensitive. Re: TK66424.,TK66424,LOW,NO
MSG01588,case tk89060. everything is offline on my end. whenever you get a chance is fine. thanks.,TK89060,HIGH,NO
MSG01589,(ref: TK87952) There's a charge I don't recognize. This is urgent. Appreciate your help.,TK87952,HIGH,YES
MSG01590,(ref: TK04664) My invoice doesn't match what I agreed to. Not time-sensitive. Let me know what you need from me.,TK04664,HIGH,YES
MSG01591,the delivery is way later than promised. (ref: tk79080),TK79080,HIGH,YES
MSG01592,case tk59554. could you clarify something about my plan? whenever you get a chance is fine. let me know what you need from me.,TK59554,LOW,NO
MSG01593,(ref: TK19875) Quick question about the mobile app. Let me know what you need from me.,TK19875,LOW,YES
MSG01594,Re: TK83341. Just wondering how the API works. Whenever you get a chance is fine. Let me know what you need from me.,TK83341,HIGH,NO
MSG01595,Everything is offline on my end. Let me know when you can. Case TK08328.,TK08328,HIGH,YES
MSG01596,(ref: TK75421) Just wondering how my account works. I contacted support about this last week too. Not time-sensitive. Let me know what you need from me.,TK75421,HIGH,NO
MSG01597,There's a charge I don't recognize. Not time-sensitive. Ticket #TK03297.,TK03297,LOW,YES
MSG01598,Reference number TK29008. Have you considered SSO login? Thanks.,TK29008,HIGH,NO
MSG01599,(ref: TK63589) Any chance dark mode could be supported? Whenever you get a chance is fine.,TK63589,MEDIUM,YES
MSG01600,Case TK13156. The package showed up damaged. This is the second time I've reached out about this. Please treat this as high priority. Let me know what you need from me.,TK13156,HIGH,YES
MSG01601,Reference number TK96784. Have you considered usage alerts? Whenever you get a chance is fine. Thanks.,TK96784,LOW,NO
MSG01602,Ticket #TK93434. What I received doesn't work at all. Would appreciate a response soon. Appreciate your help.,TK93434,HIGH,NO
MSG01603,Ticket #TK34250. My invoice doesn't match what I agreed to. Whenever you get a chance is fine. Thanks.,TK34250,LOW,YES
MSG01604,case tk16703. my login keeps failing after the update. i contacted support about this last week too. whenever you get a chance is fine. appreciate your help.,TK16703,HIGH,YES
MSG01605,I can't access my account at all. Please treat this as high priority. Let me know what you need from me. Re: TK85315.,TK85315,LOW,YES
MSG01606,Re: TK88561. The package showed up damaged. Not time-sensitive.,TK88561,LOW,YES
MSG01607,Any chance usage alerts could be supported? Please treat this as high priority. Thanks. Reference number TK13588.,TK13588,HIGH,YES
MSG01608,Ticket #TK33030. I'm locked out of my account. Would appreciate a response soon.,TK33030,HIGH,NO
MSG01609,(ref: TK35161) Your service has been down since yesterday. I've already emailed twice with no reply. Would appreciate a response soon. Let me know what you need from me.,TK35161,HIGH,YES
MSG01610,Reference number TK00307. Everything is offline on my end. Appreciate your help.,TK00307,HIGH,YES
MSG01611,Reference number TK02152. Your service has been down since last night. No rush at all. Thanks.,TK02152,LOW,YES
MSG01612,I can't sign in no matter what I try. Whenever you get a chance is fine. Thanks. Reference number TK68119.,TK68119,HIGH,YES
MSG01613,(ref: TK74877) There's a charge I don't recognize. I've already emailed twice with no reply. Thanks.,TK74877,HIGH,YES
MSG01614,Quick question about the dashboard. Thanks. (ref: TK77492),TK77492,MEDIUM,NO
MSG01615,Have you considered dark mode? Would appreciate a response soon. (ref: TK78700),TK78700,LOW,YES
MSG01616,My order still hasn't arrived. I need this resolved right away. Thanks. Ticket #TK12048.,TK12048,HIGH,YES
MSG01617,Reference number TK52922. I was charged twice this month.,TK52922,HIGH,NO
MSG01618,I'm locked out of my account. Hoping to hear back this week. Appreciate your help. (ref: TK27613),TK27613,HIGH,YES
MSG01619,The package showed up damaged. Thanks. Case TK86515.,TK86515,HIGH,NO
MSG01620,just wondering how my account works. i contacted support about this last week too. would appreciate a response soon. reference number tk74532.,TK74532,LOW,YES
MSG01621,The delivery is way later than promised. Please treat this as high priority. Reference number TK08767.,TK08767,HIGH,YES
MSG01622,Reference number TK07580. Quick question about my account. Appreciate your help.,TK07580,HIGH,NO
MSG01623,Reference number TK93727. Could you clarify something about my plan? Whenever you get a chance is fine.,TK93727,LOW,NO
MSG01624,Ticket #TK05977. I'm locked out of my account. I contacted support about this last week too. This is urgent. Thanks.,TK05977,HIGH,YES
MSG01625,Ticket #TK14080. The item arrived broken. I contacted support about this last week too. Whenever you get a chance is fine.,TK14080,LOW,NO
MSG01626,i can't access the mobile app at all. i contacted support about this last week too. let me know what you need from me. case tk06093.,TK06093,HIGH,YES
MSG01627,Just wondering how my account works. Let me know what you need from me. (ref: TK75641),TK75641,HIGH,NO
MSG01628,my login keeps failing after the update. appreciate your help. re: tk69283.,TK69283,HIGH,NO
MSG01629,Case TK67563. My invoice doesn't match what I agreed to. Thanks.,TK67563,HIGH,NO
MSG01630,re: tk98134. the package showed up damaged. would appreciate a response soon. appreciate your help.,TK98134,HIGH,YES
MSG01631,re: tk65956. the package showed up damaged. this is the second time i've reached out about this. no rush at all.,TK65956,MEDIUM,YES
MSG01632,My invoice doesn't match what I agreed to. I've already emailed twice with no reply. Hoping to hear back this week. Appreciate your help. Case TK92145.,TK92145,HIGH,NO
MSG01633,My order still hasn't arrived. Hoping to hear back this week. Let me know what you need from me. Ticket #TK24710.,TK24710,HIGH,NO
MSG01634,Quick question about the API. Appreciate your help. Reference number TK69115.,TK69115,HIGH,NO
MSG01635,Re: TK45528. I can't sign in no matter what I try. Thanks.,TK45528,LOW,NO
MSG01636,Case TK73314. Have you considered dark mode? Please treat this as high priority.,TK73314,LOW,YES
MSG01637,Ticket #TK53535. My login keeps failing after the update. No rush at all. Thanks.,TK53535,HIGH,NO
MSG01638,My login keeps failing after the update. Hoping to hear back this week. Let me know what you need from me. Re: TK58227.,TK58227,HIGH,YES
MSG01639,Ticket #TK31228. My login keeps failing after the update. I contacted support about this last week too. Would appreciate a response soon. Let me know what you need from me.,TK31228,HIGH,YES
MSG01640,My order still hasn't arrived. This is the second time I've reached out about this. This is urgent. Thanks. (ref: TK20828),TK20828,LOW,NO
MSG01641,It would be great if you added a public API. Reference number TK38527.,TK38527,LOW,NO
MSG01642,(ref: TK82953) The package showed up damaged. Whenever you get a chance is fine.,TK82953,LOW,NO
MSG01643,(ref: TK31847) It would be great if you added SSO login. Let me know when you can. Let me know what you need from me.,TK31847,HIGH,NO
MSG01644,The package showed up damaged. This is urgent. Let me know what you need from me. (ref: TK92128),TK92128,HIGH,NO
MSG01645,Case TK74680. I was charged twice this month. Let me know what you need from me.,TK74680,HIGH,YES
MSG01646,Reference number TK16154. My order still hasn't arrived. I've already emailed twice with no reply. I need this resolved right away. Let me know what you need from me.,TK16154,LOW,NO
MSG01647,Case TK41857. Quick question about the billing portal. I've already emailed twice with no reply. Let me know when you can.,TK41857,LOW,NO
MSG01648,Could you clarify something about my plan? Let me know what you need from me. Ticket #TK09428.,TK09428,LOW,YES
MSG01649,Re: TK64262. Quick question about the dashboard. Hoping to hear back this week.,TK64262,MEDIUM,YES
MSG01650,Case TK70418. My invoice doesn't match what I agreed to. I need this resolved right away. Appreciate your help.,TK70418,HIGH,NO
MSG01651,I'm locked out of my account. I've already emailed twice with no reply. Appreciate your help. Ticket #TK64566.,TK64566,MEDIUM,NO
MSG01652,Ticket #TK88728. My order still hasn't arrived. Please treat this as high priority. Let me know what you need from me.,TK88728,LOW,YES
MSG01653,the package showed up damaged. let me know when you can. thanks. ticket #tk48935.,TK48935,LOW,YES
MSG01654,Re: TK25451. I can't sign in no matter what I try. Hoping to hear back this week.,TK25451,LOW,YES
MSG01655,Ticket #TK97525. I can't access the dashboard at all. Whenever you get a chance is fine. Appreciate your help.,TK97525,LOW,YES
MSG01656,(ref: tk24147) tracking hasn't updated in days. hoping to hear back this week.,TK24147,HIGH,YES
MSG01657,re: tk81425. my login keeps failing after the update. i've already emailed twice with no reply. let me know when you can. let me know what you need from me.,TK81425,HIGH,YES
MSG01658,Have you considered bulk export? Case TK05777.,TK05777,LOW,YES
MSG01659,everything is offline on my end. please treat this as high priority. let me know what you need from me. (ref: tk33133),TK33133,LOW,YES
MSG01660,Ticket #TK25205. My invoice doesn't match what I agreed to. Please treat this as high priority. Let me know what you need from me.,TK25205,HIGH,YES
MSG01661,Case TK25444. The package showed up damaged. Whenever you get a chance is fine. Let me know what you need from me.,TK25444,LOW,NO
MSG01662,Tracking hasn't updated in days. This is the second time I've reached out about this. This is urgent. Thanks. Reference number TK24612.,TK24612,HIGH,NO
MSG01663,Your service has been down since about an hour ago. Please treat this as high priority. Let me know what you need from me. Ticket #TK00230.,TK00230,LOW,YES
MSG01664,I'm locked out of my account. Appreciate your help. Ticket #TK51480.,TK51480,HIGH,NO
MSG01665,I'm locked out of my account. Thanks. Reference number TK77049.,TK77049,LOW,NO
MSG01666,the item arrived broken. this is the second time i've reached out about this. re: tk62426.,TK62426,LOW,NO
MSG01667,My login keeps failing after the update. Appreciate your help. Case TK60614.,TK60614,LOW,YES
MSG01668,i can't sign in no matter what i try. i've already emailed twice with no reply. let me know what you need from me. re: tk84836.,TK84836,HIGH,YES
MSG01669,Reference number TK32979. I can't access the API at all. I've already emailed twice with no reply. No rush at all.,TK32979,HIGH,YES
MSG01670,(ref: tk75160) my login keeps failing after the update. let me know what you need from me.,TK75160,HIGH,YES
MSG01671,Quick question about the billing portal. Not time-sensitive. Case TK87662.,TK87662,LOW,NO
MSG01672,Everything is offline on my end. I've already emailed twice with no reply. Whenever you get a chance is fine. Ticket #TK92660.,TK92660,HIGH,YES
MSG01673,The delivery is way later than promised. Appreciate your help. Case TK23381.,TK23381,LOW,NO
MSG01674,Re: TK97430. What I received doesn't work at all. I've already emailed twice with no reply. Thanks.,TK97430,HIGH,YES
MSG01675,The item arrived broken. Hoping to hear back this week. (ref: TK34175),TK34175,HIGH,YES
MSG01676,(ref: TK66673) My invoice doesn't match what I agreed to. No rush at all. Let me know what you need from me.,TK66673,HIGH,YES
MSG01677,My order still hasn't arrived. Hoping to hear back this week. Case TK98213.,TK98213,LOW,NO
MSG01678,Quick question about the mobile app. Let me know when you can. Appreciate your help. Re: TK50322.,TK50322,LOW,NO
MSG01679,Just wondering how the API works. (ref: TK54390),TK54390,LOW,YES
MSG01680,Ticket #TK89519. The package showed up damaged. Thanks.,TK89519,LOW,YES
MSG01681,I was charged twice this month. Hoping to hear back this week. Appreciate your help. (ref: TK65756),TK65756,LOW,YES
MSG01682,I was charged twice this month. Appreciate your help. Re: TK08695.,TK08695,HIGH,YES
MSG01683,Ticket #TK58065. Tracking hasn't updated in days.,TK58065,LOW,NO
MSG01684,My login keeps failing after the update. I need this resolved right away. Let me know what you need from me. (ref: TK92489),TK92489,HIGH,YES
MSG01685,(ref: tk50528) my order still hasn't arrived. please treat this as high priority.,TK50528,LOW,YES
MSG01686,(ref: tk13584) i can't access the billing portal at all. let me know when you can.,TK13584,HIGH,NO
MSG01687,Any chance SSO login could be supported? Let me know what you need from me. Case TK59202.,TK59202,HIGH,NO
MSG01688,I can't sign in no matter what I try. I've already emailed twice with no reply. Let me know what you need from me. Ticket #TK74218.,TK74218,HIGH,NO
MSG01689,Case TK25103. Tracking hasn't updated in days. Would appreciate a response soon.,TK25103,LOW,NO
MSG01690,Re: TK34470. I'm locked out of my account. Whenever you get a chance is fine.,TK34470,HIGH,NO
MSG01691,Reference number TK39689. The item arrived broken. I've already emailed twice with no reply. Hoping to hear back this week. Thanks.,TK39689,LOW,NO
MSG01692,i can't sign in no matter what i try. case tk95466.,TK95466,LOW,NO
MSG01693,Any chance bulk export could be supported? Let me know when you can. Let me know what you need from me. Re: TK27595.,TK27595,LOW,YES
MSG01694,Case TK49048. My login keeps failing after the update. Let me know when you can. Appreciate your help.,TK49048,LOW,YES
MSG01695,(ref: TK93024) Quick question about the dashboard. Please treat this as high priority.,TK93024,LOW,NO
MSG01696,Case TK59813. I can't access the mobile app at all. I've already emailed twice with no reply. Would appreciate a response soon. Appreciate your help.,TK59813,HIGH,YES
MSG01697,My order still hasn't arrived. Case TK31957.,TK31957,LOW,NO
MSG01698,(ref: TK03703) Could you clarify something about my plan? Thanks.,TK03703,LOW,YES
MSG01699,Your service has been down since yesterday. Not time-sensitive. Case TK93751.,TK93751,LOW,YES
MSG01700,the delivery is way later than promised. i've already emailed twice with no reply. this is urgent. thanks. (ref: tk72268),TK72268,HIGH,YES
MSG01701,re: tk08846. i can't sign in no matter what i try. would appreciate a response soon. thanks.,TK08846,HIGH,YES
MSG01702,Reference number TK18932. My invoice doesn't match what I agreed to.,TK18932,LOW,YES
MSG01703,Ticket #TK22235. Quick question about the API. Let me know what you need from me.,TK22235,MEDIUM,NO
MSG01704,My order still hasn't arrived. Would appreciate a response soon. Appreciate your help. Reference number TK36582.,TK36582,MEDIUM,YES
MSG01705,Re: TK42840. My login keeps failing after the update. Thanks.,TK42840,HIGH,YES
MSG01706,My invoice doesn't match what I agreed to. Whenever you get a chance is fine. (ref: TK08545),TK08545,HIGH,YES
MSG01707,Case TK09400. The delivery is way later than promised. Not time-sensitive. Let me know what you need from me.,TK09400,LOW,YES
MSG01708,Ticket #TK17584. I was charged twice this month. Appreciate your help.,TK17584,LOW,YES
MSG01709,any chance sso login could be supported? i contacted support about this last week too. appreciate your help. (ref: tk13392),TK13392,HIGH,YES
MSG01710,Case TK20606. I can't access the mobile app at all. Appreciate your help.,TK20606,HIGH,NO
MSG01711,case tk72307. it would be great if you added usage alerts. i contacted support about this last week too. not time-sensitive. appreciate your help.,TK72307,LOW,YES
MSG01712,Re: TK53626. I'm locked out of my account.,TK53626,LOW,NO
MSG01713,Re: TK72728. Your service has been down since about an hour ago.,TK72728,HIGH,YES
MSG01714,My login keeps failing after the update. Let me know what you need from me. Ticket #TK93800.,TK93800,LOW,YES
MSG01715,It would be great if you added a public API. This is urgent. Appreciate your help. Re: TK20928.,TK20928,HIGH,YES
MSG01716,Your service has been down since about an hour ago. I've already emailed twice with no reply. Case TK33876.,TK33876,LOW,YES
MSG01717,ticket #tk02657. any chance bulk export could be supported? let me know what you need from me.,TK02657,LOW,YES
MSG01718,(ref: TK18216) Tracking hasn't updated in days. I contacted support about this last week too. Let me know what you need from me.,TK18216,LOW,NO
MSG01719,My order still hasn't arrived. (ref: TK09008),TK09008,HIGH,YES
MSG01720,(ref: tk77685) my invoice doesn't match what i agreed to. i contacted support about this last week too. not time-sensitive. thanks.,TK77685,LOW,NO
MSG01721,Everything is offline on my end. This is urgent. Reference number TK20321.,TK20321,HIGH,NO
MSG01722,The delivery is way later than promised. I need this resolved right away. Thanks. Case TK58696.,TK58696,HIGH,NO
MSG01723,The item arrived broken. Thanks. Case TK25755.,TK25755,HIGH,YES
MSG01724,(ref: TK16863) I can't sign in no matter what I try. Please treat this as high priority. Appreciate your help.,TK16863,HIGH,YES
MSG01725,The delivery is way later than promised. This is urgent. Let me know what you need from me. Re: TK10033.,TK10033,LOW,YES
MSG01726,(ref: TK63219) The delivery is way later than promised. Appreciate your help.,TK63219,LOW,NO
MSG01727,Tracking hasn't updated in days. Not time-sensitive. Ticket #TK42960.,TK42960,HIGH,YES
MSG01728,Case TK96362. Your service has been down since about an hour ago. Let me know when you can. Thanks.,TK96362,HIGH,YES
MSG01729,(ref: TK22566) Could you clarify something about my plan? I contacted support about this last week too. Appreciate your help.,TK22566,HIGH,NO
MSG01730,Have you considered SSO login? (ref: TK84772),TK84772,LOW,YES
MSG01731,Quick question about the billing portal. Would appreciate a response soon. Case TK64251.,TK64251,LOW,NO
MSG01732,(ref: TK63158) There's a charge I don't recognize. Whenever you get a chance is fine. Appreciate your help.,TK63158,HIGH,NO
MSG01733,Re: TK81793. Any chance a public API could be supported? Let me know what you need from me.,TK81793,LOW,YES
MSG01734,My invoice doesn't match what I agreed to. Let me know what you need from me. Case TK72079.,TK72079,LOW,YES
MSG01735,Re: TK75019. I'm locked out of my account. No rush at all.,TK75019,LOW,YES
MSG01736,My login keeps failing after the update. Whenever you get a chance is fine. Thanks. Case TK23296.,TK23296,LOW,NO
MSG01737,my invoice doesn't match what i agreed to. i contacted support about this last week too. hoping to hear back this week. appreciate your help. (ref: tk53632),TK53632,HIGH,NO
MSG01738,Everything is offline on my end. Let me know what you need from me. Re: TK73255.,TK73255,HIGH,NO
MSG01739,Re: TK61235. The package showed up damaged. Thanks.,TK61235,LOW,NO
MSG01740,The package showed up damaged. I've already emailed twice with no reply. Let me know what you need from me. Re: TK11117.,TK11117,MEDIUM,YES
MSG01741,Could you clarify something about my plan? Let me know what you need from me. Ticket #TK28179.,TK28179,HIGH,NO
MSG01742,Your service has been down since about an hour ago. I contacted support about this last week too. Let me know what you need from me. Reference number TK89550.,TK89550,LOW,NO
MSG01743,Re: TK45832. It would be great if you added dark mode. Let me know when you can. Let me know what you need from me.,TK45832,MEDIUM,YES
MSG01744,My login keeps failing after the update. Would appreciate a response soon. Let me know what you need from me. Ticket #TK15819.,TK15819,LOW,YES
MSG01745,Quick question about my account. Would appreciate a response soon. Thanks. Re: TK34224.,TK34224,LOW,NO
MSG01746,Have you considered bulk export? No rush at all. Appreciate your help. (ref: TK05388),TK05388,LOW,YES
MSG01747,(ref: tk43609) there's a charge i don't recognize. i've already emailed twice with no reply. hoping to hear back this week.,TK43609,HIGH,YES
MSG01748,Re: TK13587. What I received doesn't work at all. I contacted support about this last week too. This is urgent. Let me know what you need from me.,TK13587,LOW,YES
MSG01749,It would be great if you added usage alerts. I need this resolved right away. Let me know what you need from me. Case TK62051.,TK62051,HIGH,YES
MSG01750,Reference number TK48734. Your service has been down since about an hour ago. Appreciate your help.,TK48734,LOW,YES
MSG01751,Ticket #TK99697. My invoice doesn't match what I agreed to. No rush at all. Let me know what you need from me.,TK99697,HIGH,NO
MSG01752,ticket #tk17617. any chance sso login could be supported? this is urgent. let me know what you need from me.,TK17617,HIGH,NO
MSG01753,My order still hasn't arrived. This is urgent. Appreciate your help. Reference number TK93677.,TK93677,LOW,YES
MSG01754,(ref: TK90521) My invoice doesn't match what I agreed to. I need this resolved right away. Thanks.,TK90521,HIGH,NO
MSG01755,I can't access the dashboard at all. No rush at all. Appreciate your help. (ref: TK47135),TK47135,HIGH,YES
MSG01756,My invoice doesn't match what I agreed to. Not time-sensitive. (ref: TK86702),TK86702,HIGH,NO
MSG01757,I can't access my account at all. No rush at all. Appreciate your help. Reference number TK60345.,TK60345,LOW,YES
MSG01758,Re: TK70431. Quick question about my account. This is the second time I've reached out about this. Thanks.,TK70431,HIGH,NO
MSG01759,Case TK93903. There's a charge I don't recognize. Please treat this as high priority. Thanks.,TK93903,HIGH,YES
MSG01760,Any chance usage alerts could be supported? Would appreciate a response soon. Appreciate your help. Reference number TK01826.,TK01826,HIGH,NO
MSG01761,It would be great if you added bulk export. Let me know what you need from me. Case TK11998.,TK11998,MEDIUM,NO
MSG01762,Any chance a public API could be supported? Not time-sensitive. Thanks. Reference number TK37004.,TK37004,LOW,YES
MSG01763,Have you considered a public API? I've already emailed twice with no reply. Ticket #TK78851.,TK78851,HIGH,NO
MSG01764,Just wondering how my account works. I need this resolved right away. Appreciate your help. (ref: TK04836),TK04836,LOW,YES
MSG01765,There's a charge I don't recognize. I contacted support about this last week too. Thanks. Case TK17420.,TK17420,HIGH,NO
MSG01766,Ticket #TK91635. Everything is offline on my end. I need this resolved right away. Thanks.,TK91635,HIGH,YES
MSG01767,Ticket #TK60545. Just wondering how the dashboard works. I contacted support about this last week too. This is urgent. Let me know what you need from me.,TK60545,LOW,YES
MSG01768,Reference number TK92758. I'm locked out of my account. I've already emailed twice with no reply. Not time-sensitive. Thanks.,TK92758,LOW,YES
MSG01769,I can't access the API at all. This is urgent. Thanks. (ref: TK19851),TK19851,HIGH,YES
MSG01770,Any chance usage alerts could be supported? Hoping to hear back this week. Let me know what you need from me. Ticket #TK25563.,TK25563,HIGH,NO
MSG01771,Case TK24937. My login keeps failing after the update. Whenever you get a chance is fine. Let me know what you need from me.,TK24937,HIGH,YES
MSG01772,Re: TK05016. Your service has been down since yesterday. Thanks.,TK05016,LOW,NO
MSG01773,Have you considered a public API? Thanks. Case TK75294.,TK75294,LOW,YES
MSG01774,The item arrived broken. No rush at all. (ref: TK76148),TK76148,MEDIUM,YES
MSG01775,The delivery is way later than promised. Whenever you get a chance is fine. Let me know what you need from me. (ref: TK51418),TK51418,MEDIUM,YES
MSG01776,I was charged twice this month. Thanks. Ticket #TK59874.,TK59874,MEDIUM,YES
MSG01777,Re: TK22015. Any chance bulk export could be supported? This is the second time I've reached out about this.,TK22015,HIGH,YES
MSG01778,Could you clarify something about my plan? I contacted support about this last week too. This is urgent. Re: TK50653.,TK50653,HIGH,YES
MSG01779,Could you clarify something about my plan? I contacted support about this last week too. Thanks. (ref: TK19707),TK19707,HIGH,NO
MSG01780,My login keeps failing after the update. Let me know what you need from me. Reference number TK77953.,TK77953,HIGH,YES
MSG01781,re: tk13148. the package showed up damaged. appreciate your help.,TK13148,LOW,NO
MSG01782,Case TK89773. My invoice doesn't match what I agreed to. Let me know what you need from me.,TK89773,HIGH,YES
MSG01783,Have you considered dark mode? Please treat this as high priority. Let me know what you need from me. Reference number TK37839.,TK37839,LOW,NO
MSG01784,Re: TK58016. My login keeps failing after the update. Thanks.,TK58016,HIGH,NO
MSG01785,Case TK80862. Have you considered dark mode? Let me know when you can. Let me know what you need from me.,TK80862,LOW,YES
MSG01786,Reference number TK53332. I'm locked out of my account.,TK53332,HIGH,NO
MSG01787,I can't access the dashboard at all. No rush at all. Thanks. Ticket #TK21894.,TK21894,HIGH,YES
MSG01788,Any chance a public API could be supported? I contacted support about this last week too. Thanks. Reference number TK38596.,TK38596,LOW,NO
MSG01789,Reference number TK00189. I can't access my account at all. This is urgent. Appreciate your help.,TK00189,LOW,YES
MSG01790,Have you considered bulk export? Let me know what you need from me. Re: TK95683.,TK95683,HIGH,YES
MSG01791,Re: TK77172. I'm locked out of my account. This is urgent. Let me know what you need from me.,TK77172,LOW,YES
MSG01792,Just wondering how the mobile app works. No rush at all. Re: TK82710.,TK82710,LOW,NO
MSG01793,I'm locked out of my account. Would appreciate a response soon. Let me know what you need from me. Reference number TK58867.,TK58867,MEDIUM,YES
MSG01794,the delivery is way later than promised. let me know when you can. re: tk71948.,TK71948,HIGH,YES
MSG01795,(ref: TK79713) The delivery is way later than promised. No rush at all. Thanks.,TK79713,MEDIUM,NO
MSG01796,ticket #tk73822. the delivery is way later than promised. let me know when you can.,TK73822,HIGH,NO
MSG01797,Have you considered a public API? Hoping to hear back this week. Appreciate your help. (ref: TK08113),TK08113,HIGH,YES
MSG01798,My login keeps failing after the update. Not time-sensitive. Thanks. (ref: TK64801),TK64801,HIGH,YES
MSG01799,Reference number TK21452. Have you considered dark mode? This is urgent. Thanks.,TK21452,HIGH,NO
MSG01800,Reference number TK90769. What I received doesn't work at all. Thanks.,TK90769,LOW,NO
MSG01801,Your service has been down since about an hour ago. Let me know what you need from me. (ref: TK36814),TK36814,LOW,YES
MSG01802,Could you clarify something about my plan? This is the second time I've reached out about this. Thanks. Case TK24131.,TK24131,LOW,YES
MSG01803,Case TK02794. My login keeps failing after the update. This is urgent. Let me know what you need from me.,TK02794,MEDIUM,YES
MSG01804,Ticket #TK19026. Could you clarify something about my plan? I need this resolved right away. Let me know what you need from me.,TK19026,HIGH,NO
MSG01805,(ref: TK43115) My login keeps failing after the update. Let me know what you need from me.,TK43115,HIGH,YES
MSG01806,Any chance dark mode could be supported? I contacted support about this last week too. Not time-sensitive. Ticket #TK43883.,TK43883,LOW,NO
MSG01807,Reference number TK95607. The delivery is way later than promised. This is urgent.,TK95607,LOW,NO
MSG01808,The package showed up damaged. I've already emailed twice with no reply. No rush at all. Let me know what you need from me. Reference number TK59277.,TK59277,HIGH,YES
MSG01809,I can't access my account at all. I contacted support about this last week too. (ref: TK37107),TK37107,MEDIUM,NO
MSG01810,Case TK62351. Quick question about the billing portal. This is urgent. Thanks.,TK62351,MEDIUM,NO
MSG01811,Just wondering how the dashboard works. I've already emailed twice with no reply. No rush at all. Appreciate your help. Re: TK45959.,TK45959,HIGH,NO
MSG01812,It would be great if you added dark mode. Would appreciate a response soon. Let me know what you need from me. Reference number TK19340.,TK19340,HIGH,NO
MSG01813,Reference number TK58673. Quick question about my account. No rush at all. Thanks.,TK58673,HIGH,YES
MSG01814,it would be great if you added sso login. not time-sensitive. re: tk31377.,TK31377,LOW,NO
MSG01815,Your service has been down since last night. Would appreciate a response soon. Appreciate your help. (ref: TK94325),TK94325,MEDIUM,YES
MSG01816,There's a charge I don't recognize. Let me know what you need from me. Re: TK92744.,TK92744,LOW,NO
MSG01817,(ref: tk18371) the delivery is way later than promised.,TK18371,MEDIUM,NO
MSG01818,My order still hasn't arrived. Thanks. Re: TK59991.,TK59991,HIGH,NO
MSG01819,The item arrived broken. Would appreciate a response soon. Appreciate your help. Ticket #TK16442.,TK16442,HIGH,NO
MSG01820,Reference number TK98265. Your service has been down since about an hour ago. Thanks.,TK98265,MEDIUM,YES
MSG01821,Could you clarify something about my plan? Let me know what you need from me. Ticket #TK08410.,TK08410,LOW,NO
MSG01822,Reference number TK71504. My invoice doesn't match what I agreed to. I contacted support about this last week too. This is urgent.,TK71504,LOW,YES
MSG01823,Ticket #TK73561. My login keeps failing after the update. This is the second time I've reached out about this. Whenever you get a chance is fine. Appreciate your help.,TK73561,HIGH,NO
MSG01824,My order still hasn't arrived. This is the second time I've reached out about this. Case TK76027.,TK76027,HIGH,NO
MSG01825,the item arrived broken. would appreciate a response soon. thanks. ticket #tk59900.,TK59900,LOW,NO
MSG01826,(ref: TK95952) The delivery is way later than promised. Appreciate your help.,TK95952,LOW,YES
MSG01827,Ticket #TK03041. There's a charge I don't recognize. Hoping to hear back this week. Appreciate your help.,TK03041,HIGH,NO
MSG01828,(ref: TK36016) Everything is offline on my end. Let me know when you can. Appreciate your help.,TK36016,HIGH,YES
MSG01829,Re: TK68505. Any chance bulk export could be supported? Would appreciate a response soon.,TK68505,LOW,NO
MSG01830,Re: TK31817. My order still hasn't arrived.,TK31817,LOW,YES
MSG01831,Case TK86393. It would be great if you added dark mode. This is the second time I've reached out about this. Would appreciate a response soon. Let me know what you need from me.,TK86393,LOW,YES
MSG01832,Re: TK93602. Just wondering how the dashboard works. I need this resolved right away. Appreciate your help.,TK93602,LOW,NO
MSG01833,I was charged twice this month. I've already emailed twice with no reply. Not time-sensitive. Thanks. Ticket #TK95629.,TK95629,HIGH,YES
MSG01834,(ref: TK30015) Tracking hasn't updated in days. No rush at all. Let me know what you need from me.,TK30015,LOW,NO
MSG01835,I was charged twice this month. I've already emailed twice with no reply. Case TK70268.,TK70268,HIGH,NO
MSG01836,reference number tk78319. could you clarify something about my plan? this is the second time i've reached out about this. no rush at all. let me know what you need from me.,TK78319,HIGH,YES
MSG01837,(ref: TK86079) The delivery is way later than promised. No rush at all. Appreciate your help.,TK86079,HIGH,NO
MSG01838,ticket #tk09131. my order still hasn't arrived. would appreciate a response soon. appreciate your help.,TK09131,LOW,YES
MSG01839,i'm locked out of my account. this is urgent. thanks. reference number tk89759.,TK89759,LOW,YES
MSG01840,My login keeps failing after the update. Let me know when you can. Let me know what you need from me. Re: TK05878.,TK05878,HIGH,YES
MSG01841,(ref: TK24075) The delivery is way later than promised. No rush at all.,TK24075,LOW,YES
MSG01842,Re: TK84781. Any chance a public API could be supported? No rush at all. Let me know what you need from me.,TK84781,MEDIUM,YES
MSG01843,Ticket #TK15720. Could you clarify something about my plan? Let me know what you need from me.,TK15720,HIGH,NO
MSG01844,Ticket #TK08377. I was charged twice this month. This is urgent. Thanks.,TK08377,MEDIUM,YES
MSG01845,There's a charge I don't recognize. Let me know when you can. Appreciate your help. (ref: TK92600),TK92600,LOW,YES
MSG01846,Ticket #TK96383. I can't access the mobile app at all. Let me know what you need from me.,TK96383,LOW,YES
MSG01847,Could you clarify something about my plan? Not time-sensitive. Let me know what you need from me. (ref: TK09151),TK09151,HIGH,NO
MSG01848,Ticket #TK17048. My login keeps failing after the update. This is the second time I've reached out about this. Hoping to hear back this week. Thanks.,TK17048,HIGH,YES
MSG01849,My login keeps failing after the update. Hoping to hear back this week. Thanks. Reference number TK04224.,TK04224,LOW,YES
MSG01850,Reference number TK86747. The delivery is way later than promised. I've already emailed twice with no reply.,TK86747,LOW,NO
MSG01851,Reference number TK02665. Any chance a public API could be supported? Not time-sensitive.,TK02665,LOW,NO
MSG01852,Reference number TK41281. The package showed up damaged. No rush at all. Thanks.,TK41281,MEDIUM,NO
MSG01853,Ticket #TK68194. Your service has been down since this morning. I need this resolved right away.,TK68194,MEDIUM,YES
MSG01854,Ticket #TK38151. Quick question about the API.,TK38151,LOW,NO
MSG01855,Just wondering how the billing portal works. Let me know when you can. Reference number TK07901.,TK07901,HIGH,YES
MSG01856,Have you considered bulk export? Hoping to hear back this week. Ticket #TK87224.,TK87224,LOW,NO
MSG01857,Re: TK42769. I was charged twice this month. Please treat this as high priority.,TK42769,HIGH,YES
MSG01858,Any chance bulk export could be supported? Hoping to hear back this week. Let me know what you need from me. Case TK42345.,TK42345,LOW,NO
MSG01859,Ticket #TK27334. It would be great if you added a public API. This is urgent.,TK27334,HIGH,YES
MSG01860,Case TK16758. My invoice doesn't match what I agreed to.,TK16758,LOW,NO
MSG01861,What I received doesn't work at all. Would appreciate a response soon. Ticket #TK65062.,TK65062,LOW,NO
MSG01862,The delivery is way later than promised. Hoping to hear back this week. Appreciate your help. Case TK79220.,TK79220,LOW,YES
MSG01863,My order still hasn't arrived. Let me know what you need from me. Re: TK32726.,TK32726,HIGH,NO
MSG01864,i can't sign in no matter what i try. let me know what you need from me. ticket #tk33907.,TK33907,HIGH,YES
MSG01865,My order still hasn't arrived. Whenever you get a chance is fine. Let me know what you need from me. Case TK20016.,TK20016,HIGH,NO
MSG01866,Have you considered SSO login? Please treat this as high priority. Appreciate your help. Ticket #TK57485.,TK57485,MEDIUM,YES
MSG01867,Ticket #TK39230. The package showed up damaged. This is urgent. Let me know what you need from me.,TK39230,LOW,YES
MSG01868,Reference number TK58314. The delivery is way later than promised. I need this resolved right away. Let me know what you need from me.,TK58314,HIGH,YES
MSG01869,Case TK64638. The item arrived broken. This is the second time I've reached out about this. I need this resolved right away. Thanks.,TK64638,HIGH,YES
MSG01870,the package showed up damaged. thanks. (ref: tk70550),TK70550,HIGH,YES
MSG01871,Ticket #TK72150. Any chance a public API could be supported? Would appreciate a response soon. Thanks.,TK72150,HIGH,YES
MSG01872,The package showed up damaged. Hoping to hear back this week. Appreciate your help. Re: TK10875.,TK10875,MEDIUM,YES
MSG01873,Your service has been down since yesterday. Hoping to hear back this week. Thanks. Reference number TK53345.,TK53345,HIGH,NO
MSG01874,What I received doesn't work at all. Please treat this as high priority. Appreciate your help. Reference number TK16707.,TK16707,HIGH,NO
MSG01875,Re: TK74391. The item arrived broken. Let me know what you need from me.,TK74391,HIGH,YES
MSG01876,(ref: TK70246) My login keeps failing after the update. I contacted support about this last week too. Please treat this as high priority. Let me know what you need from me.,TK70246,HIGH,NO
MSG01877,I was charged twice this month. Please treat this as high priority. Thanks. Reference number TK67659.,TK67659,LOW,YES
MSG01878,Tracking hasn't updated in days. Appreciate your help. Reference number TK64862.,TK64862,HIGH,NO
MSG01879,Reference number TK33424. Everything is offline on my end. Would appreciate a response soon. Thanks.,TK33424,HIGH,NO
MSG01880,I'm locked out of my account. This is the second time I've reached out about this. (ref: TK21748),TK21748,HIGH,NO
MSG01881,Re: TK08861. I was charged twice this month. Would appreciate a response soon.,TK08861,LOW,YES
MSG01882,The package showed up damaged. Hoping to hear back this week. (ref: TK96080),TK96080,LOW,NO
MSG01883,My login keeps failing after the update. I contacted support about this last week too. I need this resolved right away. Thanks. Re: TK27435.,TK27435,HIGH,YES
MSG01884,(ref: TK30896) Could you clarify something about my plan? Please treat this as high priority. Appreciate your help.,TK30896,HIGH,NO
MSG01885,I'm locked out of my account. Ticket #TK09089.,TK09089,HIGH,YES
MSG01886,Reference number TK33271. Have you considered usage alerts? Would appreciate a response soon. Let me know what you need from me.,TK33271,HIGH,NO
MSG01887,Re: TK41898. Everything is offline on my end. I contacted support about this last week too. Whenever you get a chance is fine. Thanks.,TK41898,LOW,NO
MSG01888,Re: TK10411. I can't sign in no matter what I try. No rush at all. Let me know what you need from me.,TK10411,LOW,YES
MSG01889,Any chance SSO login could be supported? Let me know what you need from me. Reference number TK60677.,TK60677,LOW,NO
MSG01890,I can't access the dashboard at all. Let me know what you need from me. Case TK82315.,TK82315,MEDIUM,YES
MSG01891,Re: TK43564. I can't access the billing portal at all. Not time-sensitive. Appreciate your help.,TK43564,LOW,YES
MSG01892,(ref: TK03623) What I received doesn't work at all. Not time-sensitive. Appreciate your help.,TK03623,HIGH,YES
MSG01893,It would be great if you added a public API. Please treat this as high priority. Appreciate your help. Re: TK96978.,TK96978,MEDIUM,YES
MSG01894,Reference number TK07198. Quick question about the dashboard. Let me know when you can. Thanks.,TK07198,LOW,NO
MSG01895,The item arrived broken. I've already emailed twice with no reply. No rush at all. Appreciate your help. (ref: TK13664),TK13664,LOW,YES
MSG01896,Case TK21692. I was charged twice this month. This is the second time I've reached out about this. Would appreciate a response soon.,TK21692,LOW,YES
MSG01897,I can't sign in no matter what I try. I contacted support about this last week too. Would appreciate a response soon. Let me know what you need from me. (ref: TK33840),TK33840,MEDIUM,NO
MSG01898,Re: TK52154. I was charged twice this month. Hoping to hear back this week. Let me know what you need from me.,TK52154,MEDIUM,NO
MSG01899,Case TK16027. My invoice doesn't match what I agreed to. Let me know what you need from me.,TK16027,LOW,YES
MSG01900,the item arrived broken. let me know when you can. (ref: tk13829),TK13829,LOW,NO
MSG01901,Reference number TK19633. The delivery is way later than promised. Let me know when you can. Let me know what you need from me.,TK19633,HIGH,YES
MSG01902,Re: TK09687. Tracking hasn't updated in days. Appreciate your help.,TK09687,LOW,YES
MSG01903,I can't access the mobile app at all. Hoping to hear back this week. Let me know what you need from me. Re: TK35905.,TK35905,HIGH,YES
MSG01904,Reference number TK48024. I was charged twice this month. Let me know what you need from me.,TK48024,HIGH,YES
MSG01905,there's a charge i don't recognize. this is the second time i've reached out about this. let me know when you can. thanks. ticket #tk20556.,TK20556,HIGH,NO
MSG01906,What I received doesn't work at all. I need this resolved right away. Reference number TK32743.,TK32743,LOW,YES
MSG01907,Ticket #TK82717. It would be great if you added dark mode. No rush at all. Thanks.,TK82717,HIGH,NO
MSG01908,case tk26525. i'm locked out of my account. let me know what you need from me.,TK26525,LOW,NO
MSG01909,Ticket #TK25727. My invoice doesn't match what I agreed to. Appreciate your help.,TK25727,HIGH,NO
MSG01910,I can't sign in no matter what I try. Whenever you get a chance is fine. Appreciate your help. Case TK61073.,TK61073,HIGH,YES
MSG01911,It would be great if you added a public API. Whenever you get a chance is fine. Thanks. Re: TK04308.,TK04308,LOW,YES
MSG01912,Your service has been down since yesterday. This is the second time I've reached out about this. Please treat this as high priority. Let me know what you need from me. Ticket #TK33306.,TK33306,HIGH,YES
MSG01913,Reference number TK74043. Quick question about the mobile app. Please treat this as high priority. Thanks.,TK74043,LOW,NO
MSG01914,My invoice doesn't match what I agreed to. I need this resolved right away. Case TK66619.,TK66619,LOW,YES
MSG01915,Have you considered bulk export? No rush at all. Thanks. (ref: TK07163),TK07163,LOW,NO
MSG01916,Reference number TK23483. Any chance bulk export could be supported? Thanks.,TK23483,LOW,YES
MSG01917,(ref: TK13298) I'm locked out of my account. Would appreciate a response soon. Appreciate your help.,TK13298,LOW,YES
MSG01918,I can't access the billing portal at all. I need this resolved right away. Let me know what you need from me. Reference number TK66153.,TK66153,MEDIUM,YES
MSG01919,I'm locked out of my account. This is urgent. Re: TK63413.,TK63413,HIGH,YES
MSG01920,what i received doesn't work at all. thanks. (ref: tk13574),TK13574,HIGH,NO
MSG01921,My order still hasn't arrived. Hoping to hear back this week. Appreciate your help. Case TK53331.,TK53331,LOW,YES
MSG01922,Ticket #TK38585. Your service has been down since about an hour ago. I've already emailed twice with no reply. Thanks.,TK38585,LOW,YES
MSG01923,Everything is offline on my end. I need this resolved right away. Thanks. Case TK53047.,TK53047,HIGH,YES
MSG01924,My order still hasn't arrived. This is the second time I've reached out about this. Appreciate your help. (ref: TK67968),TK67968,HIGH,YES
MSG01925,i was charged twice this month. hoping to hear back this week. let me know what you need from me. re: tk13168.,TK13168,LOW,YES
MSG01926,re: tk99819. the item arrived broken. no rush at all. appreciate your help.,TK99819,MEDIUM,NO
MSG01927,Re: TK06627. Everything is offline on my end. I need this resolved right away. Thanks.,TK06627,HIGH,YES
MSG01928,ticket #tk28213. tracking hasn't updated in days. would appreciate a response soon. let me know what you need from me.,TK28213,HIGH,YES
MSG01929,Ticket #TK87580. I'm locked out of my account.,TK87580,HIGH,NO
MSG01930,Case TK62109. My invoice doesn't match what I agreed to.,TK62109,HIGH,YES
MSG01931,Just wondering how the dashboard works. This is urgent. Appreciate your help. Re: TK43190.,TK43190,HIGH,NO
MSG01932,The package showed up damaged. Let me know what you need from me. Re: TK49777.,TK49777,LOW,YES
MSG01933,could you clarify something about my plan? not time-sensitive. thanks. ticket #tk83394.,TK83394,HIGH,YES
MSG01934,I can't sign in no matter what I try. Hoping to hear back this week. Let me know what you need from me. (ref: TK25708),TK25708,HIGH,NO
MSG01935,Reference number TK10328. Your service has been down since about an hour ago. Appreciate your help.,TK10328,HIGH,NO
MSG01936,Could you clarify something about my plan? Appreciate your help. Re: TK12444.,TK12444,HIGH,YES
MSG01937,re: tk47931. i'm locked out of my account. this is the second time i've reached out about this. this is urgent. thanks.,TK47931,HIGH,NO
MSG01938,The package showed up damaged. Thanks. (ref: TK78774),TK78774,HIGH,YES
MSG01939,There's a charge I don't recognize. Let me know when you can. Appreciate your help. Re: TK75871.,TK75871,HIGH,YES
MSG01940,The package showed up damaged. This is the second time I've reached out about this. Re: TK40786.,TK40786,LOW,YES
MSG01941,Ticket #TK34923. There's a charge I don't recognize. I've already emailed twice with no reply. Not time-sensitive. Let me know what you need from me.,TK34923,HIGH,NO
MSG01942,My invoice doesn't match what I agreed to. Please treat this as high priority. Appreciate your help. Case TK49452.,TK49452,LOW,YES
MSG01943,Quick question about the dashboard. Hoping to hear back this week. Thanks. Ticket #TK04722.,TK04722,HIGH,YES
MSG01944,Reference number TK89023. Tracking hasn't updated in days. I contacted support about this last week too. Let me know what you need from me.,TK89023,LOW,NO
MSG01945,Have you considered dark mode? Would appreciate a response soon. Let me know what you need from me. Ticket #TK53214.,TK53214,LOW,NO
MSG01946,Re: TK90657. Just wondering how my account works. Let me know what you need from me.,TK90657,LOW,YES
MSG01947,Re: TK38345. The package showed up damaged. Let me know when you can.,TK38345,LOW,YES
MSG01948,I can't sign in no matter what I try. I contacted support about this last week too. Would appreciate a response soon. Re: TK66685.,TK66685,HIGH,YES
MSG01949,Any chance dark mode could be supported? I contacted support about this last week too. Would appreciate a response soon. (ref: TK20576),TK20576,HIGH,NO
MSG01950,re: tk77500. any chance sso login could be supported? hoping to hear back this week. let me know what you need from me.,TK77500,LOW,NO
MSG01951,Tracking hasn't updated in days. No rush at all. Thanks. (ref: TK31484),TK31484,LOW,YES
MSG01952,Re: TK44935. Tracking hasn't updated in days. Would appreciate a response soon.,TK44935,LOW,YES
MSG01953,What I received doesn't work at all. Hoping to hear back this week. Appreciate your help. (ref: TK22593),TK22593,HIGH,YES
MSG01954,Case TK48497. Could you clarify something about my plan? Appreciate your help.,TK48497,LOW,YES
MSG01955,Case TK20006. My order still hasn't arrived. I've already emailed twice with no reply. Thanks.,TK20006,LOW,YES
MSG01956,Any chance SSO login could be supported? Please treat this as high priority. Thanks. Re: TK01716.,TK01716,LOW,YES
MSG01957,What I received doesn't work at all. Whenever you get a chance is fine. Appreciate your help. Re: TK98836.,TK98836,LOW,NO
MSG01958,Tracking hasn't updated in days. Not time-sensitive. Let me know what you need from me. Re: TK04767.,TK04767,MEDIUM,NO
MSG01959,My login keeps failing after the update. This is urgent. Appreciate your help. Ticket #TK72820.,TK72820,HIGH,YES
MSG01960,Case TK78625. Your service has been down since yesterday. Let me know what you need from me.,TK78625,HIGH,YES
MSG01961,Case TK60246. The delivery is way later than promised. Not time-sensitive. Let me know what you need from me.,TK60246,HIGH,NO
MSG01962,case tk62700. the delivery is way later than promised. whenever you get a chance is fine.,TK62700,HIGH,YES
MSG01963,Reference number TK51903. My login keeps failing after the update. Whenever you get a chance is fine.,TK51903,LOW,NO
MSG01964,I'm locked out of my account. Whenever you get a chance is fine. Appreciate your help. Re: TK74029.,TK74029,MEDIUM,YES
MSG01965,Case TK61173. Have you considered usage alerts? I contacted support about this last week too. No rush at all. Let me know what you need from me.,TK61173,HIGH,NO
MSG01966,(ref: TK69552) There's a charge I don't recognize. Please treat this as high priority.,TK69552,MEDIUM,YES
MSG01967,Quick question about my account. Would appreciate a response soon. Reference number TK95096.,TK95096,HIGH,YES
MSG01968,(ref: TK42321) Could you clarify something about my plan? Let me know when you can. Thanks.,TK42321,LOW,NO
MSG01969,ticket #tk60814. have you considered bulk export? no rush at all. let me know what you need from me.,TK60814,LOW,YES
MSG01970,Ticket #TK58581. I can't access my account at all. I contacted support about this last week too. Appreciate your help.,TK58581,HIGH,NO
MSG01971,Ticket #TK45091. Just wondering how the dashboard works.,TK45091,LOW,NO
MSG01972,Ticket #TK10586. The package showed up damaged. Let me know when you can. Let me know what you need from me.,TK10586,LOW,YES
MSG01973,Everything is offline on my end. Thanks. Re: TK57155.,TK57155,LOW,NO
MSG01974,i was charged twice this month. this is urgent. let me know what you need from me. (ref: tk31274),TK31274,MEDIUM,YES
MSG01975,Your service has been down since last night. Would appreciate a response soon. Let me know what you need from me. Re: TK41977.,TK41977,HIGH,NO
MSG01976,i can't sign in no matter what i try. this is the second time i've reached out about this. appreciate your help. ticket #tk60326.,TK60326,LOW,YES
MSG01977,Case TK51237. The delivery is way later than promised. Let me know what you need from me.,TK51237,LOW,NO
MSG01978,Ticket #TK62546. My invoice doesn't match what I agreed to. Appreciate your help.,TK62546,HIGH,NO
MSG01979,Reference number TK06090. The item arrived broken. No rush at all. Let me know what you need from me.,TK06090,HIGH,YES
MSG01980,Your service has been down since last night. Appreciate your help. (ref: TK77490),TK77490,LOW,YES
MSG01981,Ticket #TK08618. My login keeps failing after the update. Let me know what you need from me.,TK08618,HIGH,YES
MSG01982,Re: TK17740. The package showed up damaged. Let me know when you can. Thanks.,TK17740,HIGH,NO
MSG01983,Any chance a public API could be supported? Appreciate your help. Reference number TK44267.,TK44267,LOW,YES
MSG01984,Reference number TK73970. The item arrived broken. Not time-sensitive. Appreciate your help.,TK73970,HIGH,YES
MSG01985,Case TK64741. The item arrived broken. I need this resolved right away. Let me know what you need from me.,TK64741,LOW,NO
MSG01986,(ref: TK26035) The delivery is way later than promised. Hoping to hear back this week.,TK26035,LOW,NO
MSG01987,Any chance dark mode could be supported? Whenever you get a chance is fine. Thanks. Reference number TK91623.,TK91623,HIGH,NO
MSG01988,My invoice doesn't match what I agreed to. I need this resolved right away. Re: TK46853.,TK46853,HIGH,YES
MSG01989,Reference number TK34071. Have you considered bulk export? I've already emailed twice with no reply. No rush at all.,TK34071,LOW,NO
MSG01990,reference number tk70543. any chance bulk export could be supported?,TK70543,HIGH,YES
MSG01991,Re: TK97883. The package showed up damaged. Thanks.,TK97883,LOW,NO
MSG01992,(ref: tk41789) there's a charge i don't recognize. let me know when you can. let me know what you need from me.,TK41789,MEDIUM,NO
MSG01993,case tk42012. my invoice doesn't match what i agreed to. this is urgent. appreciate your help.,TK42012,LOW,NO
MSG01994,I can't access the mobile app at all. Whenever you get a chance is fine. Appreciate your help. Ticket #TK78200.,TK78200,HIGH,YES
MSG01995,Case TK48431. I can't sign in no matter what I try. Please treat this as high priority. Let me know what you need from me.,TK48431,LOW,NO
MSG01996,(ref: tk06075) could you clarify something about my plan? no rush at all.,TK06075,HIGH,YES
MSG01997,Reference number TK18687. Just wondering how the billing portal works. Not time-sensitive.,TK18687,LOW,NO
MSG01998,Case TK50994. Your service has been down since this morning. This is the second time I've reached out about this. Not time-sensitive.,TK50994,HIGH,YES
MSG01999,have you considered dark mode? i've already emailed twice with no reply. thanks. (ref: tk64645),TK64645,LOW,NO
MSG02000,Your service has been down since last night. Let me know what you need from me. (ref: TK15915),TK15915,HIGH,NO
MSG02001,Any chance usage alerts could be supported? I've already emailed twice with no reply. Whenever you get a chance is fine. Case TK21844.,TK21844,HIGH,NO
MSG02002,There's a charge I don't recognize. Not time-sensitive. Thanks. (ref: TK86315),TK86315,LOW,YES
MSG02003,Ticket #TK21164. It would be great if you added a public API. No rush at all.,TK21164,HIGH,YES
MSG02004,The package showed up damaged. Please treat this as high priority. Let me know what you need from me. Ticket #TK92633.,TK92633,LOW,NO
MSG02005,Re: TK66427. Any chance a public API could be supported? No rush at all.,TK66427,LOW,YES
MSG02006,Ticket #TK01583. Everything is offline on my end. This is urgent. Thanks.,TK01583,LOW,YES
MSG02007,Ticket #TK24580. I can't access the API at all. I need this resolved right away. Appreciate your help.,TK24580,HIGH,YES
MSG02008,I can't access my account at all. Hoping to hear back this week. Thanks. Reference number TK06046.,TK06046,HIGH,YES
MSG02009,Quick question about my account. Appreciate your help. Ticket #TK03232.,TK03232,LOW,NO
MSG02010,Could you clarify something about my plan? I've already emailed twice with no reply. Let me know when you can. Thanks. Reference number TK33660.,TK33660,HIGH,YES
MSG02011,the item arrived broken. i need this resolved right away. (ref: tk57883),TK57883,HIGH,YES
MSG02012,Everything is offline on my end. Let me know what you need from me. Re: TK06615.,TK06615,HIGH,NO
MSG02013,The delivery is way later than promised. Case TK00897.,TK00897,LOW,NO
MSG02014,Ticket #TK53617. I'm locked out of my account. No rush at all. Thanks.,TK53617,HIGH,YES
MSG02015,Re: TK04662. My invoice doesn't match what I agreed to. Hoping to hear back this week. Appreciate your help.,TK04662,HIGH,YES
MSG02016,I can't sign in no matter what I try. I contacted support about this last week too. Case TK51004.,TK51004,HIGH,YES
MSG02017,What I received doesn't work at all. This is urgent. Let me know what you need from me. Case TK49866.,TK49866,HIGH,NO
MSG02018,Ticket #TK40428. My login keeps failing after the update. Not time-sensitive.,TK40428,LOW,YES
MSG02019,I'm locked out of my account. Thanks. (ref: TK91439),TK91439,LOW,YES
MSG02020,Reference number TK16862. Everything is offline on my end. Not time-sensitive.,TK16862,LOW,NO
MSG02021,I'm locked out of my account. I've already emailed twice with no reply. Please treat this as high priority. Re: TK66223.,TK66223,HIGH,YES
MSG02022,The package showed up damaged. Thanks. (ref: TK05457),TK05457,LOW,NO
MSG02023,(ref: TK19099) I can't sign in no matter what I try. Please treat this as high priority.,TK19099,LOW,YES
MSG02024,any chance dark mode could be supported? thanks. (ref: tk20671),TK20671,LOW,NO
MSG02025,The item arrived broken. Whenever you get a chance is fine. Let me know what you need from me. Case TK08813.,TK08813,HIGH,NO
MSG02026,It would be great if you added bulk export. I've already emailed twice with no reply. Appreciate your help. Reference number TK63894.,TK63894,HIGH,NO
MSG02027,Ticket #TK26789. Quick question about the billing portal. Thanks.,TK26789,HIGH,YES
MSG02028,Have you considered bulk export? Let me know what you need from me. Ticket #TK86731.,TK86731,LOW,YES
MSG02029,Case TK36919. Just wondering how the dashboard works. Let me know when you can. Thanks.,TK36919,LOW,NO
MSG02030,the delivery is way later than promised. whenever you get a chance is fine. appreciate your help. reference number tk57945.,TK57945,LOW,YES
MSG02031,Ticket #TK66741. Everything is offline on my end. Appreciate your help.,TK66741,HIGH,NO
MSG02032,Re: TK88993. What I received doesn't work at all. Appreciate your help.,TK88993,HIGH,NO
MSG02033,I can't sign in no matter what I try. I contacted support about this last week too. This is urgent. Case TK58569.,TK58569,HIGH,YES
MSG02034,Ticket #TK08694. Just wondering how the dashboard works. Thanks.,TK08694,LOW,YES
MSG02035,(ref: TK08934) What I received doesn't work at all. Would appreciate a response soon.,TK08934,LOW,YES
MSG02036,Ticket #TK32153. The package showed up damaged. Appreciate your help.,TK32153,HIGH,YES
MSG02037,Reference number TK50588. Your service has been down since yesterday. Thanks.,TK50588,HIGH,YES
MSG02038,Reference number TK80900. There's a charge I don't recognize.,TK80900,MEDIUM,YES
MSG02039,(ref: tk78429) could you clarify something about my plan? please treat this as high priority. appreciate your help.,TK78429,LOW,NO
MSG02040,The item arrived broken. Let me know when you can. Appreciate your help. Case TK43239.,TK43239,LOW,YES
MSG02041,ticket #tk59740. i can't access the dashboard at all. this is the second time i've reached out about this. please treat this as high priority. thanks.,TK59740,HIGH,YES
MSG02042,my login keeps failing after the update. hoping to hear back this week. thanks. ticket #tk83028.,TK83028,HIGH,NO
MSG02043,I was charged twice this month. Case TK69879.,TK69879,LOW,YES
MSG02044,I can't sign in no matter what I try. I've already emailed twice with no reply. I need this resolved right away. Thanks. (ref: TK29236),TK29236,HIGH,YES
MSG02045,The item arrived broken. Let me know when you can. Let me know what you need from me. Re: TK55646.,TK55646,LOW,NO
MSG02046,Case TK07028. I can't sign in no matter what I try. I've already emailed twice with no reply. I need this resolved right away. Appreciate your help.,TK07028,HIGH,NO
MSG02047,Reference number TK85394. Your service has been down since last night. Thanks.,TK85394,HIGH,YES
MSG02048,Re: TK06187. I was charged twice this month. I contacted support about this last week too. Not time-sensitive. Thanks.,TK06187,HIGH,NO
MSG02049,Ticket #TK44836. I can't access my account at all. Thanks.,TK44836,LOW,NO
MSG02050,It would be great if you added dark mode. This is the second time I've reached out about this. Thanks. Ticket #TK22336.,TK22336,HIGH,YES
MSG02051,(ref: TK60528) What I received doesn't work at all. Appreciate your help.,TK60528,HIGH,NO
MSG02052,(ref: TK53312) Quick question about the API. Appreciate your help.,TK53312,LOW,NO
MSG02053,Ticket #TK50952. I can't sign in no matter what I try. Let me know what you need from me.,TK50952,LOW,YES
MSG02054,The package showed up damaged. Reference number TK18297.,TK18297,LOW,YES
MSG02055,Have you considered usage alerts? Please treat this as high priority. Appreciate your help. Ticket #TK32630.,TK32630,LOW,NO
MSG02056,Everything is offline on my end. I need this resolved right away. Appreciate your help. Case TK87329.,TK87329,LOW,NO
MSG02057,The package showed up damaged. Would appreciate a response soon. Let me know what you need from me. Re: TK50666.,TK50666,HIGH,YES
MSG02058,i can't access the api at all. let me know when you can. reference number tk56892.,TK56892,MEDIUM,YES
MSG02059,There's a charge I don't recognize. Whenever you get a chance is fine. Thanks. Case TK76600.,TK76600,MEDIUM,NO
MSG02060,Case TK81925. Have you considered a public API? Appreciate your help.,TK81925,LOW,YES
MSG02061,I was charged twice this month. Case TK57113.,TK57113,MEDIUM,YES
MSG02062,(ref: TK55906) Any chance SSO login could be supported? Would appreciate a response soon.,TK55906,LOW,YES
MSG02063,i can't sign in no matter what i try. appreciate your help. reference number tk82630.,TK82630,HIGH,NO
MSG02064,My order still hasn't arrived. Not time-sensitive. Let me know what you need from me. Ticket #TK11693.,TK11693,LOW,YES
MSG02065,I was charged twice this month. No rush at all. Let me know what you need from me. Reference number TK86624.,TK86624,HIGH,YES
MSG02066,Everything is offline on my end. This is urgent. Thanks. Ticket #TK39648.,TK39648,HIGH,YES
MSG02067,(ref: TK72053) Tracking hasn't updated in days. Appreciate your help.,TK72053,HIGH,YES
MSG02068,(ref: TK77801) Any chance SSO login could be supported? Whenever you get a chance is fine. Thanks.,TK77801,LOW,NO
MSG02069,your service has been down since this morning. this is urgent. thanks. (ref: tk91485),TK91485,HIGH,YES
MSG02070,Reference number TK65895. I'm locked out of my account. Would appreciate a response soon. Thanks.,TK65895,LOW,YES
MSG02071,Ticket #TK22533. Tracking hasn't updated in days. I need this resolved right away. Thanks.,TK22533,LOW,NO
MSG02072,(ref: TK85075) I can't sign in no matter what I try. I've already emailed twice with no reply. Hoping to hear back this week. Let me know what you need from me.,TK85075,HIGH,YES
MSG02073,Any chance bulk export could be supported? Appreciate your help. Re: TK41499.,TK41499,MEDIUM,NO
MSG02074,(ref: TK46379) My order still hasn't arrived. This is urgent. Let me know what you need from me.,TK46379,LOW,YES
MSG02075,(ref: TK71393) Tracking hasn't updated in days. Appreciate your help.,TK71393,LOW,NO
MSG02076,Case TK26024. I was charged twice this month. Let me know when you can. Thanks.,TK26024,LOW,NO
MSG02077,(ref: TK92189) My invoice doesn't match what I agreed to. Let me know when you can. Appreciate your help.,TK92189,HIGH,YES
MSG02078,Reference number TK63524. My login keeps failing after the update. Appreciate your help.,TK63524,LOW,NO
MSG02079,Reference number TK35630. There's a charge I don't recognize. Would appreciate a response soon. Thanks.,TK35630,HIGH,YES
MSG02080,There's a charge I don't recognize. Thanks. Reference number TK80171.,TK80171,HIGH,YES
MSG02081,Ticket #TK74985. Quick question about the mobile app. Hoping to hear back this week.,TK74985,LOW,YES
MSG02082,Just wondering how the billing portal works. Whenever you get a chance is fine. Thanks. Case TK51534.,TK51534,MEDIUM,NO
MSG02083,My login keeps failing after the update. Let me know what you need from me. Reference number TK89710.,TK89710,HIGH,YES
MSG02084,re: tk21667. have you considered dark mode? whenever you get a chance is fine. appreciate your help.,TK21667,LOW,NO
MSG02085,Could you clarify something about my plan? Not time-sensitive. Let me know what you need from me. (ref: TK93587),TK93587,LOW,NO
MSG02086,Tracking hasn't updated in days. Appreciate your help. Re: TK22356.,TK22356,HIGH,NO
MSG02087,The package showed up damaged. Appreciate your help. Ticket #TK67070.,TK67070,HIGH,NO
MSG02088,The delivery is way later than promised. I need this resolved right away. Appreciate your help. Reference number TK89758.,TK89758,LOW,NO
MSG02089,Ticket #TK70766. The package showed up damaged. I contacted support about this last week too. I need this resolved right away. Thanks.,TK70766,LOW,YES
MSG02090,(ref: TK48482) Quick question about the billing portal. Hoping to hear back this week. Appreciate your help.,TK48482,LOW,YES
MSG02091,(ref: TK40388) Your service has been down since this morning. Would appreciate a response soon.,TK40388,HIGH,NO
MSG02092,Case TK30433. Everything is offline on my end. Whenever you get a chance is fine. Let me know what you need from me.,TK30433,HIGH,NO
MSG02093,Quick question about my account. I contacted support about this last week too. Appreciate your help. Ticket #TK71789.,TK71789,LOW,YES
MSG02094,There's a charge I don't recognize. Not time-sensitive. Appreciate your help. Re: TK42616.,TK42616,LOW,YES
MSG02095,Could you clarify something about my plan? I contacted support about this last week too. Please treat this as high priority. (ref: TK39144),TK39144,HIGH,YES
MSG02096,Quick question about the mobile app. No rush at all. Let me know what you need from me. (ref: TK08712),TK08712,HIGH,NO
MSG02097,The item arrived broken. (ref: TK34514),TK34514,HIGH,YES
MSG02098,Ticket #TK38425. The package showed up damaged. This is the second time I've reached out about this. Hoping to hear back this week. Appreciate your help.,TK38425,LOW,NO
MSG02099,(ref: tk58437) i can't access the mobile app at all. would appreciate a response soon. thanks.,TK58437,HIGH,NO
MSG02100,Re: TK89285. The item arrived broken. Not time-sensitive. Appreciate your help.,TK89285,LOW,YES
MSG02101,I can't sign in no matter what I try. I contacted support about this last week too. Let me know what you need from me. (ref: TK83733),TK83733,MEDIUM,YES
MSG02102,What I received doesn't work at all. Hoping to hear back this week. (ref: TK44099),TK44099,HIGH,NO
MSG02103,I'm locked out of my account. Whenever you get a chance is fine. Ticket #TK45854.,TK45854,HIGH,NO
MSG02104,Case TK98839. I'm locked out of my account. Appreciate your help.,TK98839,LOW,NO
MSG02105,ticket #tk55406. i can't access the mobile app at all. whenever you get a chance is fine. let me know what you need from me.,TK55406,HIGH,YES
MSG02106,Case TK78241. I'm locked out of my account. Whenever you get a chance is fine. Let me know what you need from me.,TK78241,LOW,YES
MSG02107,Reference number TK69126. Everything is offline on my end. Appreciate your help.,TK69126,HIGH,YES
MSG02108,Reference number TK44835. I can't sign in no matter what I try. No rush at all. Appreciate your help.,TK44835,LOW,NO
MSG02109,Have you considered a public API? Thanks. Case TK16691.,TK16691,HIGH,YES
MSG02110,reference number tk17921. just wondering how the api works. this is urgent. let me know what you need from me.,TK17921,HIGH,NO
MSG02111,Reference number TK00379. The item arrived broken. No rush at all. Let me know what you need from me.,TK00379,HIGH,YES
MSG02112,I was charged twice this month. Would appreciate a response soon. Case TK61258.,TK61258,HIGH,YES
MSG02113,Quick question about my account. Hoping to hear back this week. (ref: TK06305),TK06305,MEDIUM,NO
MSG02114,Reference number TK88978. The delivery is way later than promised. Whenever you get a chance is fine. Appreciate your help.,TK88978,HIGH,NO
MSG02115,Any chance usage alerts could be supported? Hoping to hear back this week. Reference number TK68228.,TK68228,LOW,NO
MSG02116,Everything is offline on my end. This is the second time I've reached out about this. I need this resolved right away. Thanks. Ticket #TK06690.,TK06690,MEDIUM,YES
MSG02117,Reference number TK68488. I'm locked out of my account. This is urgent. Thanks.,TK68488,LOW,YES
MSG02118,The delivery is way later than promised. Let me know what you need from me. Ticket #TK53583.,TK53583,HIGH,YES
MSG02119,(ref: TK57957) The package showed up damaged.,TK57957,LOW,YES
MSG02120,Re: TK70691. Have you considered dark mode? Thanks.,TK70691,MEDIUM,YES
MSG02121,Reference number TK40748. Have you considered dark mode? This is urgent. Appreciate your help.,TK40748,HIGH,NO
MSG02122,(ref: tk55562) it would be great if you added sso login. would appreciate a response soon. appreciate your help.,TK55562,HIGH,YES
MSG02123,re: tk17458. have you considered usage alerts? appreciate your help.,TK17458,HIGH,YES
MSG02124,the package showed up damaged. whenever you get a chance is fine. reference number tk05056.,TK05056,LOW,YES
MSG02125,(ref: TK46921) Quick question about the dashboard. This is the second time I've reached out about this. Let me know when you can. Appreciate your help.,TK46921,LOW,NO
MSG02126,My order still hasn't arrived. This is the second time I've reached out about this. Case TK91444.,TK91444,LOW,NO
MSG02127,My invoice doesn't match what I agreed to. I've already emailed twice with no reply. This is urgent. Appreciate your help. Re: TK25115.,TK25115,HIGH,YES
MSG02128,(ref: tk87049) the package showed up damaged. thanks.,TK87049,HIGH,YES
MSG02129,There's a charge I don't recognize. This is urgent. Let me know what you need from me. Reference number TK76094.,TK76094,HIGH,YES
MSG02130,Ticket #TK04711. I can't sign in no matter what I try. Appreciate your help.,TK04711,LOW,NO
MSG02131,The item arrived broken. Case TK66225.,TK66225,HIGH,YES
MSG02132,Reference number TK20109. The item arrived broken. I need this resolved right away. Let me know what you need from me.,TK20109,MEDIUM,YES
MSG02133,reference number tk79927. my login keeps failing after the update. let me know what you need from me.,TK79927,HIGH,YES
MSG02134,(ref: TK57527) I'm locked out of my account. Hoping to hear back this week. Appreciate your help.,TK57527,MEDIUM,YES
MSG02135,My login keeps failing after the update. I've already emailed twice with no reply. I need this resolved right away. Let me know what you need from me. Reference number TK29559.,TK29559,HIGH,YES
MSG02136,Tracking hasn't updated in days. I've already emailed twice with no reply. I need this resolved right away. Appreciate your help. Ticket #TK16750.,TK16750,MEDIUM,YES
MSG02137,Ticket #TK15027. I can't sign in no matter what I try. I contacted support about this last week too. This is urgent.,TK15027,LOW,YES
MSG02138,My login keeps failing after the update. Hoping to hear back this week. Thanks. (ref: TK56767),TK56767,HIGH,NO
MSG02139,(ref: TK38917) I can't access the billing portal at all. I contacted support about this last week too. No rush at all.,TK38917,HIGH,YES
MSG02140,Case TK97078. Could you clarify something about my plan? This is the second time I've reached out about this. Thanks.,TK97078,LOW,YES
MSG02141,There's a charge I don't recognize. (ref: TK17802),TK17802,LOW,YES
MSG02142,(ref: TK05061) I was charged twice this month. Thanks.,TK05061,LOW,YES
MSG02143,Have you considered a public API? Would appreciate a response soon. Thanks. Ticket #TK99036.,TK99036,LOW,NO
MSG02144,Reference number TK96235. Your service has been down since this morning. Thanks.,TK96235,HIGH,YES
MSG02145,My login keeps failing after the update. Please treat this as high priority. Ticket #TK89800.,TK89800,HIGH,YES
MSG02146,Reference number TK08241. The item arrived broken. I've already emailed twice with no reply. Let me know what you need from me.,TK08241,LOW,YES
MSG02147,There's a charge I don't recognize. Not time-sensitive. Appreciate your help. Re: TK41627.,TK41627,HIGH,YES
MSG02148,Ticket #TK65597. What I received doesn't work at all. Hoping to hear back this week. Appreciate your help.,TK65597,HIGH,YES
MSG02149,Ticket #TK55806. My invoice doesn't match what I agreed to. Let me know when you can.,TK55806,HIGH,NO
MSG02150,case tk52866. i'm locked out of my account. i need this resolved right away. thanks.,TK52866,HIGH,NO
MSG02151,ticket #tk19359. quick question about the api. would appreciate a response soon. appreciate your help.,TK19359,HIGH,YES
MSG02152,Case TK43242. Any chance bulk export could be supported? I've already emailed twice with no reply. Please treat this as high priority. Let me know what you need from me.,TK43242,HIGH,NO
MSG02153,Have you considered a public API? Let me know what you need from me. (ref: TK89009),TK89009,HIGH,NO
MSG02154,I'm locked out of my account. Appreciate your help. Reference number TK03672.,TK03672,HIGH,YES
MSG02155,Any chance dark mode could be supported? No rush at all. Re: TK70207.,TK70207,HIGH,NO
MSG02156,Reference number TK51157. I can't access the mobile app at all. This is the second time I've reached out about this. Hoping to hear back this week.,TK51157,LOW,YES
MSG02157,Reference number TK09862. I can't access the billing portal at all. I need this resolved right away. Appreciate your help.,TK09862,LOW,YES
MSG02158,Could you clarify something about my plan? I contacted support about this last week too. Let me know when you can. Ticket #TK06631.,TK06631,LOW,NO
MSG02159,Ticket #TK85679. The item arrived broken. Not time-sensitive. Let me know what you need from me.,TK85679,HIGH,NO
MSG02160,Case TK80655. I can't sign in no matter what I try. Appreciate your help.,TK80655,HIGH,NO
MSG02161,Re: TK37035. I can't access my account at all. Not time-sensitive. Appreciate your help.,TK37035,HIGH,NO
MSG02162,(ref: TK24959) My invoice doesn't match what I agreed to. I contacted support about this last week too. Appreciate your help.,TK24959,HIGH,YES
MSG02163,I can't sign in no matter what I try. Whenever you get a chance is fine. Let me know what you need from me. Case TK52264.,TK52264,HIGH,YES
MSG02164,re: tk20624. what i received doesn't work at all. let me know what you need from me.,TK20624,LOW,YES
MSG02165,Re: TK54394. I was charged twice this month. Appreciate your help.,TK54394,LOW,NO
MSG02166,Ticket #TK62229. I can't sign in no matter what I try. I contacted support about this last week too. Let me know what you need from me.,TK62229,MEDIUM,YES
MSG02167,Have you considered a public API? Would appreciate a response soon. Appreciate your help. (ref: TK99990),TK99990,HIGH,YES
MSG02168,Case TK43908. I was charged twice this month. I've already emailed twice with no reply. Thanks.,TK43908,MEDIUM,NO
MSG02169,I can't access my account at all. No rush at all. Appreciate your help. (ref: TK11759),TK11759,HIGH,YES
MSG02170,Re: TK13362. The item arrived broken. I contacted support about this last week too. Hoping to hear back this week.,TK13362,HIGH,NO
MSG02171,I'm locked out of my account. No rush at all. Appreciate your help. (ref: TK03432),TK03432,HIGH,YES
MSG02172,Any chance SSO login could be supported? I've already emailed twice with no reply. Would appreciate a response soon. Appreciate your help. Reference number TK65160.,TK65160,HIGH,YES
MSG02173,ticket #tk47982. i can't access the api at all. i've already emailed twice with no reply. whenever you get a chance is fine. appreciate your help.,TK47982,HIGH,NO
MSG02174,I'm locked out of my account. Thanks. Ticket #TK65381.,TK65381,LOW,NO
MSG02175,Re: TK30739. There's a charge I don't recognize. This is the second time I've reached out about this. Would appreciate a response soon.,TK30739,LOW,NO
MSG02176,Your service has been down since last night. No rush at all. Reference number TK67691.,TK67691,LOW,NO
MSG02177,It would be great if you added bulk export. Whenever you get a chance is fine. Thanks. Reference number TK32127.,TK32127,LOW,NO
MSG02178,Case TK04932. Tracking hasn't updated in days. Appreciate your help.,TK04932,LOW,YES
MSG02179,(ref: TK24201) Everything is offline on my end.,TK24201,HIGH,NO
MSG02180,Re: TK07309. I can't sign in no matter what I try. Whenever you get a chance is fine. Thanks.,TK07309,LOW,YES
MSG02181,Reference number TK89635. My invoice doesn't match what I agreed to. Whenever you get a chance is fine. Let me know what you need from me.,TK89635,HIGH,YES
MSG02182,Your service has been down since last night. Hoping to hear back this week. Thanks. Case TK41071.,TK41071,HIGH,YES
MSG02183,I was charged twice this month. This is the second time I've reached out about this. Not time-sensitive. Appreciate your help. (ref: TK88479),TK88479,HIGH,YES
MSG02184,Reference number TK54138. My invoice doesn't match what I agreed to.,TK54138,MEDIUM,YES
MSG02185,(ref: TK56138) Have you considered a public API? I've already emailed twice with no reply. Whenever you get a chance is fine. Let me know what you need from me.,TK56138,HIGH,NO
MSG02186,it would be great if you added bulk export. case tk82036.,TK82036,HIGH,YES
MSG02187,What I received doesn't work at all. Thanks. Reference number TK81730.,TK81730,MEDIUM,NO
MSG02188,I can't sign in no matter what I try. Case TK69165.,TK69165,MEDIUM,NO
MSG02189,(ref: TK85752) I can't sign in no matter what I try.,TK85752,LOW,NO
MSG02190,(ref: TK22810) I'm locked out of my account. This is the second time I've reached out about this. Hoping to hear back this week. Appreciate your help.,TK22810,HIGH,YES
MSG02191,Reference number TK48702. My invoice doesn't match what I agreed to. Let me know what you need from me.,TK48702,HIGH,NO
MSG02192,Re: TK92705. My invoice doesn't match what I agreed to. No rush at all. Appreciate your help.,TK92705,LOW,YES
MSG02193,(ref: TK31958) The item arrived broken. Appreciate your help.,TK31958,HIGH,NO
MSG02194,ticket #tk99888. my login keeps failing after the update. i've already emailed twice with no reply. would appreciate a response soon. let me know what you need from me.,TK99888,HIGH,YES
MSG02195,(ref: TK16366) Tracking hasn't updated in days. Let me know when you can. Thanks.,TK16366,HIGH,NO
MSG02196,Any chance bulk export could be supported? Whenever you get a chance is fine. Appreciate your help. Reference number TK95461.,TK95461,LOW,NO
MSG02197,I'm locked out of my account. Not time-sensitive. Thanks. Re: TK74206.,TK74206,LOW,YES
MSG02198,Case TK40158. My login keeps failing after the update. Appreciate your help.,TK40158,HIGH,YES
MSG02199,Case TK49512. Just wondering how the API works. Thanks.,TK49512,HIGH,NO
MSG02200,There's a charge I don't recognize. Whenever you get a chance is fine. Appreciate your help. Re: TK26373.,TK26373,MEDIUM,YES
MSG02201,There's a charge I don't recognize. Let me know what you need from me. Ticket #TK47289.,TK47289,MEDIUM,NO
MSG02202,My invoice doesn't match what I agreed to. Let me know when you can. Reference number TK38311.,TK38311,LOW,YES
MSG02203,Reference number TK99683. It would be great if you added dark mode. Thanks.,TK99683,HIGH,YES
MSG02204,Case TK35898. It would be great if you added bulk export. Let me know what you need from me.,TK35898,HIGH,YES
MSG02205,(ref: TK12412) The item arrived broken. I need this resolved right away. Let me know what you need from me.,TK12412,LOW,YES
MSG02206,Ticket #TK57147. Your service has been down since about an hour ago. Would appreciate a response soon. Let me know what you need from me.,TK57147,HIGH,YES
MSG02207,(ref: TK43469) The package showed up damaged. Appreciate your help.,TK43469,LOW,NO
MSG02208,Re: TK19487. The item arrived broken. Whenever you get a chance is fine. Let me know what you need from me.,TK19487,HIGH,NO
MSG02209,Case TK60953. There's a charge I don't recognize.,TK60953,LOW,YES
MSG02210,Reference number TK80562. Tracking hasn't updated in days. No rush at all. Let me know what you need from me.,TK80562,HIGH,NO
MSG02211,Have you considered bulk export? This is the second time I've reached out about this. Let me know when you can. Re: TK46547.,TK46547,HIGH,YES
MSG02212,What I received doesn't work at all. Hoping to hear back this week. Thanks. Re: TK72313.,TK72313,LOW,YES
MSG02213,(ref: tk38973) your service has been down since yesterday. i've already emailed twice with no reply. please treat this as high priority. thanks.,TK38973,MEDIUM,YES
MSG02214,(ref: tk95939) my order still hasn't arrived. let me know what you need from me.,TK95939,LOW,YES
MSG02215,(ref: tk99418) any chance dark mode could be supported? i've already emailed twice with no reply. i need this resolved right away. thanks.,TK99418,LOW,NO
MSG02216,Just wondering how the mobile app works. I need this resolved right away. Thanks. Ticket #TK38022.,TK38022,HIGH,NO
MSG02217,Have you considered bulk export? This is the second time I've reached out about this. Let me know when you can. Thanks. (ref: TK49605),TK49605,MEDIUM,YES
MSG02218,Reference number TK78984. Everything is offline on my end. Thanks.,TK78984,HIGH,NO
MSG02219,Have you considered a public API? This is urgent. Ticket #TK84153.,TK84153,LOW,NO
MSG02220,Reference number TK71667. I was charged twice this month. Hoping to hear back this week. Let me know what you need from me.,TK71667,LOW,YES
MSG02221,Just wondering how my account works. I contacted support about this last week too. Would appreciate a response soon. Thanks. (ref: TK75975),TK75975,LOW,YES
MSG02222,Case TK86554. It would be great if you added dark mode.,TK86554,HIGH,YES
MSG02223,Reference number TK34098. I can't sign in no matter what I try. This is urgent.,TK34098,LOW,NO
MSG02224,Case TK50183. The delivery is way later than promised. This is the second time I've reached out about this. Let me know when you can. Thanks.,TK50183,LOW,YES
MSG02225,my order still hasn't arrived. re: tk76563.,TK76563,LOW,NO
MSG02226,I was charged twice this month. Thanks. (ref: TK21138),TK21138,HIGH,YES
MSG02227,(ref: tk42742) i can't sign in no matter what i try. whenever you get a chance is fine. thanks.,TK42742,MEDIUM,NO
MSG02228,Re: TK12462. Tracking hasn't updated in days. I need this resolved right away.,TK12462,HIGH,NO
MSG02229,ticket #tk15514. there's a charge i don't recognize. would appreciate a response soon.,TK15514,LOW,YES
MSG02230,I'm locked out of my account. Thanks. (ref: TK49454),TK49454,HIGH,YES
MSG02231,Re: TK04825. My login keeps failing after the update. I contacted support about this last week too. Let me know when you can. Thanks.,TK04825,HIGH,YES
MSG02232,Case TK12696. I can't sign in no matter what I try. This is urgent. Appreciate your help.,TK12696,HIGH,YES
MSG02233,Could you clarify something about my plan? I've already emailed twice with no reply. Let me know what you need from me. Ticket #TK58257.,TK58257,LOW,NO
MSG02234,Reference number TK92252. There's a charge I don't recognize. Would appreciate a response soon. Thanks.,TK92252,HIGH,YES
MSG02235,reference number tk39998. it would be great if you added a public api. let me know when you can. let me know what you need from me.,TK39998,LOW,YES
MSG02236,The package showed up damaged. I've already emailed twice with no reply. Not time-sensitive. Thanks. Reference number TK52318.,TK52318,MEDIUM,YES
MSG02237,Re: TK97632. Your service has been down since yesterday. Whenever you get a chance is fine.,TK97632,LOW,NO
MSG02238,re: tk27257. there's a charge i don't recognize.,TK27257,HIGH,NO
MSG02239,Reference number TK20267. Any chance dark mode could be supported? Thanks.,TK20267,HIGH,NO
MSG02240,Ticket #TK35499. My order still hasn't arrived. Hoping to hear back this week.,TK35499,LOW,YES
MSG02241,Case TK24961. Quick question about the mobile app. I need this resolved right away. Appreciate your help.,TK24961,HIGH,NO
MSG02242,Re: TK73676. What I received doesn't work at all. I need this resolved right away. Let me know what you need from me.,TK73676,HIGH,NO
MSG02243,Ticket #TK96055. It would be great if you added dark mode. Let me know what you need from me.,TK96055,LOW,NO
MSG02244,Re: TK79199. Any chance bulk export could be supported? Hoping to hear back this week. Let me know what you need from me.,TK79199,LOW,YES
MSG02245,(ref: TK44972) It would be great if you added a public API. Let me know when you can. Thanks.,TK44972,LOW,YES
MSG02246,(ref: TK75592) There's a charge I don't recognize. This is the second time I've reached out about this. Appreciate your help.,TK75592,HIGH,YES
MSG02247,Your service has been down since this morning. Hoping to hear back this week. Thanks. (ref: TK67513),TK67513,LOW,YES
MSG02248,What I received doesn't work at all. I contacted support about this last week too. Hoping to hear back this week. Let me know what you need from me. (ref: TK75629),TK75629,MEDIUM,YES
MSG02249,It would be great if you added usage alerts. Would appreciate a response soon. Re: TK56496.,TK56496,LOW,NO
MSG02250,What I received doesn't work at all. Not time-sensitive. Let me know what you need from me. (ref: TK74051),TK74051,MEDIUM,NO
MSG02251,(ref: TK56149) I can't sign in no matter what I try. This is urgent. Let me know what you need from me.,TK56149,HIGH,YES
MSG02252,Could you clarify something about my plan? Let me know when you can. Let me know what you need from me. Case TK87378.,TK87378,HIGH,YES
MSG02253,i can't access the mobile app at all. re: tk80492.,TK80492,HIGH,YES
MSG02254,(ref: TK92603) My login keeps failing after the update. Please treat this as high priority. Thanks.,TK92603,HIGH,YES
MSG02255,Everything is offline on my end. Re: TK21068.,TK21068,HIGH,NO
MSG02256,Could you clarify something about my plan? Appreciate your help. Case TK48265.,TK48265,LOW,YES
MSG02257,(ref: TK68224) My order still hasn't arrived. This is the second time I've reached out about this. Thanks.,TK68224,LOW,YES
MSG02258,Ticket #TK17335. What I received doesn't work at all. Would appreciate a response soon. Let me know what you need from me.,TK17335,HIGH,YES
MSG02259,Re: TK45290. There's a charge I don't recognize. No rush at all. Let me know what you need from me.,TK45290,HIGH,YES
MSG02260,(ref: TK42764) I can't access the mobile app at all. I contacted support about this last week too. Whenever you get a chance is fine. Thanks.,TK42764,HIGH,YES
MSG02261,I'm locked out of my account. This is the second time I've reached out about this. Ticket #TK23447.,TK23447,HIGH,NO
MSG02262,The delivery is way later than promised. Whenever you get a chance is fine. Thanks. Case TK50199.,TK50199,LOW,YES
MSG02263,Reference number TK65434. I'm locked out of my account. Let me know when you can. Let me know what you need from me.,TK65434,LOW,NO
MSG02264,Just wondering how the API works. This is urgent. Thanks. Ticket #TK96697.,TK96697,LOW,YES
MSG02265,Your service has been down since about an hour ago. Please treat this as high priority. Appreciate your help. Reference number TK13073.,TK13073,HIGH,YES
MSG02266,ticket #tk15543. just wondering how the dashboard works. this is the second time i've reached out about this. no rush at all.,TK15543,LOW,YES
MSG02267,The delivery is way later than promised. Whenever you get a chance is fine. Appreciate your help. Ticket #TK61218.,TK61218,HIGH,NO
MSG02268,Reference number TK85431. I can't sign in no matter what I try. Please treat this as high priority. Thanks.,TK85431,HIGH,YES
MSG02269,ticket #tk46352. my invoice doesn't match what i agreed to. no rush at all. let me know what you need from me.,TK46352,HIGH,NO
MSG02270,I was charged twice this month. I've already emailed twice with no reply. This is urgent. Re: TK60173.,TK60173,MEDIUM,NO
MSG02271,Just wondering how my account works. Thanks. Re: TK35489.,TK35489,HIGH,YES
MSG02272,Quick question about my account. Please treat this as high priority. Ticket #TK67224.,TK67224,MEDIUM,NO
MSG02273,Case TK16890. I'm locked out of my account. Not time-sensitive. Appreciate your help.,TK16890,HIGH,YES
MSG02274,Have you considered usage alerts? Please treat this as high priority. Appreciate your help. Case TK19976.,TK19976,HIGH,NO
MSG02275,the item arrived broken. not time-sensitive. let me know what you need from me. case tk45155.,TK45155,LOW,YES
MSG02276,The delivery is way later than promised. Let me know when you can. Reference number TK76956.,TK76956,LOW,YES
MSG02277,Re: TK60708. Everything is offline on my end. Hoping to hear back this week. Thanks.,TK60708,LOW,YES
MSG02278,Reference number TK67488. Any chance dark mode could be supported? Let me know what you need from me.,TK67488,LOW,NO
MSG02279,I was charged twice this month. Whenever you get a chance is fine. (ref: TK73002),TK73002,LOW,NO
MSG02280,Just wondering how my account works. Case TK02690.,TK02690,LOW,YES
MSG02281,(ref: TK04614) The item arrived broken. This is the second time I've reached out about this. Whenever you get a chance is fine. Thanks.,TK04614,LOW,YES
MSG02282,The item arrived broken. Let me know what you need from me. Case TK00017.,TK00017,HIGH,YES
MSG02283,Re: TK84307. Have you considered usage alerts? This is urgent. Let me know what you need from me.,TK84307,HIGH,YES
MSG02284,(ref: TK18972) I was charged twice this month. Hoping to hear back this week. Let me know what you need from me.,TK18972,HIGH,YES
MSG02285,i was charged twice this month. whenever you get a chance is fine. appreciate your help. case tk36835.,TK36835,HIGH,YES
MSG02286,i can't access the dashboard at all. no rush at all. re: tk14011.,TK14011,LOW,NO
MSG02287,Tracking hasn't updated in days. Whenever you get a chance is fine. Let me know what you need from me. Case TK95367.,TK95367,MEDIUM,NO
MSG02288,My order still hasn't arrived. I contacted support about this last week too. Not time-sensitive. Let me know what you need from me. Ticket #TK27546.,TK27546,LOW,YES
MSG02289,The package showed up damaged. Please treat this as high priority. Appreciate your help. Ticket #TK75223.,TK75223,MEDIUM,NO
MSG02290,Case TK34313. I was charged twice this month.,TK34313,HIGH,NO
MSG02291,The item arrived broken. This is urgent. Case TK16792.,TK16792,HIGH,YES
MSG02292,(ref: TK66681) The delivery is way later than promised. I've already emailed twice with no reply.,TK66681,HIGH,YES
MSG02293,I was charged twice this month. Let me know what you need from me. Ticket #TK02376.,TK02376,LOW,NO
MSG02294,Reference number TK59696. The delivery is way later than promised.,TK59696,LOW,YES
MSG02295,Ticket #TK73159. Everything is offline on my end.,TK73159,HIGH,YES
MSG02296,It would be great if you added dark mode. Whenever you get a chance is fine. Reference number TK82479.,TK82479,HIGH,YES
MSG02297,Case TK43740. Your service has been down since about an hour ago. I contacted support about this last week too. Would appreciate a response soon. Let me know what you need from me.,TK43740,HIGH,YES
MSG02298,(ref: TK52677) My login keeps failing after the update. Whenever you get a chance is fine. Let me know what you need from me.,TK52677,LOW,YES
MSG02299,Any chance dark mode could be supported? Please treat this as high priority. Let me know what you need from me. Reference number TK43767.,TK43767,LOW,YES
MSG02300,The item arrived broken. No rush at all. Appreciate your help. (ref: TK76952),TK76952,HIGH,YES
MSG02301,I'm locked out of my account. Hoping to hear back this week. Reference number TK28887.,TK28887,HIGH,NO
MSG02302,It would be great if you added a public API. Hoping to hear back this week. Thanks. Reference number TK58791.,TK58791,LOW,NO
MSG02303,Everything is offline on my end. No rush at all. Thanks. Re: TK99118.,TK99118,HIGH,NO
MSG02304,Ticket #TK27338. Everything is offline on my end.,TK27338,LOW,NO
MSG02305,Re: TK45857. There's a charge I don't recognize. Please treat this as high priority.,TK45857,MEDIUM,YES
MSG02306,Ticket #TK31713. Quick question about the mobile app. Whenever you get a chance is fine. Appreciate your help.,TK31713,HIGH,YES
MSG02307,I was charged twice this month. Let me know what you need from me. Reference number TK14353.,TK14353,HIGH,YES
MSG02308,(ref: TK08041) There's a charge I don't recognize. No rush at all. Appreciate your help.,TK08041,HIGH,NO
MSG02309,(ref: TK87948) There's a charge I don't recognize. Would appreciate a response soon. Appreciate your help.,TK87948,HIGH,NO
MSG02310,Reference number TK75296. Everything is offline on my end. I've already emailed twice with no reply. Whenever you get a chance is fine. Let me know what you need from me.,TK75296,HIGH,NO
MSG02311,Tracking hasn't updated in days. Would appreciate a response soon. (ref: TK24554),TK24554,LOW,YES
MSG02312,I'm locked out of my account. I contacted support about this last week too. (ref: TK03767),TK03767,HIGH,YES
MSG02313,Could you clarify something about my plan? I contacted support about this last week too. Whenever you get a chance is fine. Thanks. Reference number TK77720.,TK77720,LOW,NO
MSG02314,Case TK03103. I'm locked out of my account. I need this resolved right away. Appreciate your help.,TK03103,HIGH,NO
MSG02315,Ticket #TK69153. I can't access the dashboard at all. Would appreciate a response soon. Appreciate your help.,TK69153,HIGH,NO
MSG02316,What I received doesn't work at all. Hoping to hear back this week. Appreciate your help. Reference number TK13563.,TK13563,LOW,YES
MSG02317,Re: TK30591. I can't sign in no matter what I try. Would appreciate a response soon. Appreciate your help.,TK30591,HIGH,NO
MSG02318,everything is offline on my end. let me know what you need from me. reference number tk69643.,TK69643,LOW,YES
MSG02319,(ref: TK63167) The package showed up damaged. Whenever you get a chance is fine. Thanks.,TK63167,LOW,YES
MSG02320,Ticket #TK12785. I'm locked out of my account. Not time-sensitive. Let me know what you need from me.,TK12785,LOW,NO
MSG02321,reference number tk99119. the package showed up damaged. whenever you get a chance is fine.,TK99119,LOW,YES
MSG02322,Case TK57970. Any chance a public API could be supported? Not time-sensitive.,TK57970,HIGH,NO
MSG02323,What I received doesn't work at all. Re: TK23674.,TK23674,LOW,NO
MSG02324,Quick question about the billing portal. This is the second time I've reached out about this. Would appreciate a response soon. Let me know what you need from me. Reference number TK67912.,TK67912,HIGH,NO
MSG02325,Any chance bulk export could be supported? Let me know what you need from me. (ref: TK59317),TK59317,HIGH,YES
MSG02326,Reference number TK62340. I'm locked out of my account. I need this resolved right away. Appreciate your help.,TK62340,LOW,YES
MSG02327,Re: TK49710. It would be great if you added SSO login. Appreciate your help.,TK49710,LOW,YES
MSG02328,Could you clarify something about my plan? This is urgent. Thanks. Reference number TK18181.,TK18181,LOW,YES
MSG02329,Any chance a public API could be supported? Thanks. (ref: TK98634),TK98634,HIGH,YES
MSG02330,Case TK85060. My order still hasn't arrived. Would appreciate a response soon. Let me know what you need from me.,TK85060,LOW,NO
MSG02331,Ticket #TK82890. I can't access the API at all. Would appreciate a response soon. Let me know what you need from me.,TK82890,HIGH,YES
MSG02332,Reference number TK88848. Have you considered dark mode? This is the second time I've reached out about this.,TK88848,HIGH,NO
MSG02333,I'm locked out of my account. Appreciate your help. Reference number TK06996.,TK06996,LOW,YES
MSG02334,Re: TK64261. The delivery is way later than promised. Would appreciate a response soon.,TK64261,HIGH,NO
MSG02335,reference number tk81571. have you considered sso login? would appreciate a response soon.,TK81571,LOW,NO
MSG02336,I'm locked out of my account. This is urgent. Let me know what you need from me. Re: TK02919.,TK02919,HIGH,NO
MSG02337,The package showed up damaged. Not time-sensitive. Re: TK80528.,TK80528,MEDIUM,NO
MSG02338,Your service has been down since last night. Appreciate your help. Case TK20019.,TK20019,HIGH,YES
MSG02339,Have you considered dark mode? Let me know what you need from me. Re: TK96929.,TK96929,LOW,YES
MSG02340,My login keeps failing after the update. This is the second time I've reached out about this. Would appreciate a response soon. Thanks. Re: TK85695.,TK85695,HIGH,YES
MSG02341,Reference number TK42269. The package showed up damaged.,TK42269,MEDIUM,YES
MSG02342,Could you clarify something about my plan? Please treat this as high priority. Thanks. Ticket #TK97065.,TK97065,HIGH,NO
MSG02343,I was charged twice this month. Let me know when you can. (ref: TK79010),TK79010,LOW,NO
MSG02344,Re: TK02787. I can't access the billing portal at all. Whenever you get a chance is fine. Appreciate your help.,TK02787,LOW,NO
MSG02345,reference number tk45504. the package showed up damaged. this is urgent.,TK45504,LOW,YES
MSG02346,Re: TK36111. What I received doesn't work at all. This is urgent. Thanks.,TK36111,HIGH,NO
MSG02347,what i received doesn't work at all. would appreciate a response soon. let me know what you need from me. ticket #tk51609.,TK51609,HIGH,NO
MSG02348,Re: TK01394. I can't access the dashboard at all. Not time-sensitive. Appreciate your help.,TK01394,HIGH,NO
MSG02349,Re: TK08549. What I received doesn't work at all. Let me know when you can. Thanks.,TK08549,HIGH,NO
MSG02350,My order still hasn't arrived. Ticket #TK11761.,TK11761,LOW,NO
MSG02351,ticket #tk42205. my invoice doesn't match what i agreed to. please treat this as high priority.,TK42205,HIGH,YES
MSG02352,It would be great if you added usage alerts. I need this resolved right away. Thanks. (ref: TK48430),TK48430,LOW,NO
MSG02353,(ref: TK54566) I can't access the dashboard at all. Would appreciate a response soon.,TK54566,HIGH,NO
MSG02354,My login keeps failing after the update. Not time-sensitive. Appreciate your help. Ticket #TK53356.,TK53356,LOW,NO
MSG02355,Reference number TK55385. Any chance bulk export could be supported? Would appreciate a response soon. Thanks.,TK55385,MEDIUM,NO
MSG02356,Your service has been down since this morning. Hoping to hear back this week. Appreciate your help. Re: TK03487.,TK03487,MEDIUM,NO
MSG02357,My order still hasn't arrived. Appreciate your help. Reference number TK29960.,TK29960,MEDIUM,NO
MSG02358,(ref: TK07796) Your service has been down since last night. Whenever you get a chance is fine. Let me know what you need from me.,TK07796,LOW,YES
MSG02359,Everything is offline on my end. I need this resolved right away. Let me know what you need from me. (ref: TK10154),TK10154,HIGH,YES
MSG02360,My invoice doesn't match what I agreed to. This is the second time I've reached out about this. Would appreciate a response soon. (ref: TK59439),TK59439,MEDIUM,NO
MSG02361,There's a charge I don't recognize. I contacted support about this last week too. Please treat this as high priority. Appreciate your help. Reference number TK82338.,TK82338,MEDIUM,YES
MSG02362,reference number tk31952. the package showed up damaged. thanks.,TK31952,HIGH,NO
MSG02363,Re: TK88836. Any chance dark mode could be supported? Appreciate your help.,TK88836,LOW,NO
MSG02364,Re: TK26997. I was charged twice this month.,TK26997,LOW,YES
MSG02365,There's a charge I don't recognize. Whenever you get a chance is fine. Let me know what you need from me. Case TK00762.,TK00762,HIGH,NO
MSG02366,Ticket #TK19334. Just wondering how the dashboard works. No rush at all.,TK19334,HIGH,NO
MSG02367,Ticket #TK70239. I can't access the API at all. I need this resolved right away.,TK70239,HIGH,NO
MSG02368,Re: TK59407. Tracking hasn't updated in days. Whenever you get a chance is fine. Thanks.,TK59407,HIGH,YES
MSG02369,Reference number TK88306. Your service has been down since yesterday.,TK88306,LOW,NO
MSG02370,The package showed up damaged. Thanks. Re: TK86648.,TK86648,LOW,YES
MSG02371,Quick question about the mobile app. Let me know what you need from me. (ref: TK32669),TK32669,HIGH,NO
MSG02372,I was charged twice this month. No rush at all. Appreciate your help. Reference number TK51894.,TK51894,LOW,YES
MSG02373,Everything is offline on my end. Thanks. Reference number TK67314.,TK67314,HIGH,NO
MSG02374,The item arrived broken. Would appreciate a response soon. Let me know what you need from me. (ref: TK06726),TK06726,HIGH,NO
MSG02375,It would be great if you added SSO login. I contacted support about this last week too. Please treat this as high priority. Appreciate your help. Re: TK09029.,TK09029,HIGH,NO
MSG02376,Reference number TK25450. Just wondering how the billing portal works. No rush at all. Appreciate your help.,TK25450,HIGH,NO
MSG02377,(ref: TK99284) Just wondering how the mobile app works. Hoping to hear back this week. Appreciate your help.,TK99284,LOW,NO
MSG02378,everything is offline on my end. i contacted support about this last week too. appreciate your help. ticket #tk62653.,TK62653,MEDIUM,YES
MSG02379,(ref: TK64836) Quick question about the billing portal. Let me know when you can. Let me know what you need from me.,TK64836,LOW,NO
MSG02380,It would be great if you added dark mode. Let me know what you need from me. Reference number TK49160.,TK49160,HIGH,NO
MSG02381,quick question about the dashboard. please treat this as high priority. let me know what you need from me. re: tk93140.,TK93140,HIGH,NO
MSG02382,My order still hasn't arrived. Let me know what you need from me. Ticket #TK07812.,TK07812,MEDIUM,NO
MSG02383,The delivery is way later than promised. Please treat this as high priority. Appreciate your help. (ref: TK84872),TK84872,HIGH,YES
MSG02384,Ticket #TK09911. The delivery is way later than promised. Hoping to hear back this week. Let me know what you need from me.,TK09911,HIGH,YES
MSG02385,Reference number TK37118. Everything is offline on my end.,TK37118,LOW,YES
MSG02386,My login keeps failing after the update. Would appreciate a response soon. Re: TK51168.,TK51168,HIGH,YES
MSG02387,Ticket #TK62265. Any chance dark mode could be supported? This is the second time I've reached out about this. Appreciate your help.,TK62265,LOW,YES
MSG02388,the item arrived broken. this is the second time i've reached out about this. would appreciate a response soon. case tk66631.,TK66631,MEDIUM,NO
MSG02389,Quick question about my account. Not time-sensitive. (ref: TK01297),TK01297,HIGH,YES
MSG02390,Re: TK93847. There's a charge I don't recognize. Appreciate your help.,TK93847,LOW,NO
MSG02391,Re: TK63045. I'm locked out of my account. I need this resolved right away. Let me know what you need from me.,TK63045,HIGH,YES
MSG02392,Re: TK17096. I can't access the mobile app at all. Hoping to hear back this week.,TK17096,HIGH,YES
MSG02393,Your service has been down since this morning. I've already emailed twice with no reply. This is urgent. Appreciate your help. Ticket #TK07528.,TK07528,MEDIUM,NO
MSG02394,It would be great if you added SSO login. Thanks. Re: TK99570.,TK99570,LOW,YES
MSG02395,(ref: TK31581) It would be great if you added a public API. Appreciate your help.,TK31581,HIGH,NO
MSG02396,Reference number TK42955. The item arrived broken. Appreciate your help.,TK42955,HIGH,NO
MSG02397,Have you considered SSO login? Re: TK32731.,TK32731,LOW,NO
MSG02398,My invoice doesn't match what I agreed to. I contacted support about this last week too. Not time-sensitive. Thanks. (ref: TK08513),TK08513,MEDIUM,YES
MSG02399,(ref: TK03875) My invoice doesn't match what I agreed to. No rush at all.,TK03875,HIGH,YES
MSG02400,(ref: TK52798) Just wondering how the mobile app works. I contacted support about this last week too. No rush at all.,TK52798,LOW,YES
MSG02401,Any chance SSO login could be supported? Appreciate your help. Ticket #TK22952.,TK22952,LOW,NO
MSG02402,What I received doesn't work at all. This is the second time I've reached out about this. Re: TK18585.,TK18585,HIGH,YES
MSG02403,I was charged twice this month. Hoping to hear back this week. Let me know what you need from me. Ticket #TK39243.,TK39243,HIGH,YES
MSG02404,Ticket #TK95003. What I received doesn't work at all. I contacted support about this last week too. Appreciate your help.,TK95003,HIGH,YES
MSG02405,Any chance dark mode could be supported? Not time-sensitive. Appreciate your help. Ticket #TK37048.,TK37048,LOW,YES
MSG02406,the item arrived broken. i contacted support about this last week too. i need this resolved right away. appreciate your help. re: tk03323.,TK03323,HIGH,NO
MSG02407,(ref: TK65351) Quick question about the dashboard. Hoping to hear back this week. Let me know what you need from me.,TK65351,LOW,NO
MSG02408,My invoice doesn't match what I agreed to. Please treat this as high priority. Let me know what you need from me. Re: TK97528.,TK97528,MEDIUM,NO
MSG02409,My order still hasn't arrived. I need this resolved right away. Thanks. Reference number TK00403.,TK00403,HIGH,NO
MSG02410,Ticket #TK07406. The package showed up damaged. Please treat this as high priority. Thanks.,TK07406,HIGH,YES
MSG02411,Ticket #TK08414. Have you considered SSO login? Let me know when you can. Thanks.,TK08414,LOW,NO
MSG02412,My login keeps failing after the update. Hoping to hear back this week. Appreciate your help. Re: TK43596.,TK43596,LOW,YES
MSG02413,Re: TK55743. Everything is offline on my end. Not time-sensitive.,TK55743,LOW,NO
MSG02414,Just wondering how the billing portal works. I contacted support about this last week too. Appreciate your help. Re: TK03862.,TK03862,LOW,YES
MSG02415,Re: TK36226. There's a charge I don't recognize. Let me know what you need from me.,TK36226,LOW,YES
MSG02416,Case TK42592. Tracking hasn't updated in days. Let me know what you need from me.,TK42592,LOW,NO
MSG02417,(ref: TK52162) Could you clarify something about my plan? Whenever you get a chance is fine. Appreciate your help.,TK52162,MEDIUM,YES
MSG02418,Your service has been down since yesterday. I contacted support about this last week too. Let me know when you can. Reference number TK85265.,TK85265,HIGH,YES
MSG02419,Case TK01288. There's a charge I don't recognize. I contacted support about this last week too. Let me know when you can. Let me know what you need from me.,TK01288,HIGH,YES
MSG02420,Your service has been down since yesterday. No rush at all. Let me know what you need from me. (ref: TK71231),TK71231,LOW,NO
MSG02421,The delivery is way later than promised. This is the second time I've reached out about this. Hoping to hear back this week. Thanks. Re: TK39085.,TK39085,LOW,NO
MSG02422,re: tk51587. it would be great if you added sso login. would appreciate a response soon.,TK51587,LOW,NO
MSG02423,Ticket #TK00371. There's a charge I don't recognize. Let me know what you need from me.,TK00371,LOW,YES
MSG02424,Case TK46342. My login keeps failing after the update. No rush at all. Thanks.,TK46342,HIGH,NO
MSG02425,My invoice doesn't match what I agreed to. Let me know when you can. Case TK64883.,TK64883,LOW,YES
MSG02426,Case TK78905. Your service has been down since this morning. Hoping to hear back this week. Let me know what you need from me.,TK78905,HIGH,YES
MSG02427,What I received doesn't work at all. Please treat this as high priority. Reference number TK84503.,TK84503,LOW,YES
MSG02428,(ref: TK24430) I was charged twice this month.,TK24430,HIGH,YES
MSG02429,Any chance dark mode could be supported? Re: TK89509.,TK89509,LOW,YES
MSG02430,Reference number TK07113. Tracking hasn't updated in days. I need this resolved right away.,TK07113,LOW,NO
MSG02431,Case TK25892. My login keeps failing after the update. This is urgent.,TK25892,HIGH,YES
MSG02432,Case TK24473. I was charged twice this month. I need this resolved right away.,TK24473,HIGH,NO
MSG02433,Re: TK02057. Tracking hasn't updated in days. Let me know when you can. Thanks.,TK02057,HIGH,NO
MSG02434,Your service has been down since yesterday. Let me know when you can. Let me know what you need from me. (ref: TK58861),TK58861,HIGH,YES
MSG02435,ticket #tk18867. there's a charge i don't recognize.,TK18867,HIGH,NO
MSG02436,Reference number TK71435. My order still hasn't arrived. Please treat this as high priority.,TK71435,HIGH,YES
MSG02437,The delivery is way later than promised. Let me know what you need from me. Ticket #TK56459.,TK56459,HIGH,NO
MSG02438,my order still hasn't arrived. thanks. (ref: tk12227),TK12227,LOW,NO
MSG02439,Ticket #TK49125. My order still hasn't arrived. Appreciate your help.,TK49125,LOW,YES
MSG02440,I can't sign in no matter what I try. Not time-sensitive. Let me know what you need from me. Ticket #TK45664.,TK45664,HIGH,NO
MSG02441,i can't sign in no matter what i try. this is the second time i've reached out about this. whenever you get a chance is fine. let me know what you need from me. case tk10656.,TK10656,HIGH,YES
MSG02442,Reference number TK89368. Quick question about the API. This is urgent.,TK89368,LOW,NO
MSG02443,ticket #tk06880. my order still hasn't arrived. hoping to hear back this week. appreciate your help.,TK06880,LOW,YES
MSG02444,Just wondering how the mobile app works. This is the second time I've reached out about this. Hoping to hear back this week. Appreciate your help. Reference number TK22969.,TK22969,LOW,NO
MSG02445,My order still hasn't arrived. This is urgent. Let me know what you need from me. Case TK90813.,TK90813,HIGH,YES
MSG02446,I'm locked out of my account. Hoping to hear back this week. Let me know what you need from me. (ref: TK44713),TK44713,HIGH,NO
MSG02447,Case TK88021. Just wondering how the billing portal works. Let me know what you need from me.,TK88021,LOW,NO
MSG02448,There's a charge I don't recognize. I've already emailed twice with no reply. Whenever you get a chance is fine. Re: TK51232.,TK51232,HIGH,NO
MSG02449,Reference number TK23787. Any chance bulk export could be supported?,TK23787,HIGH,YES
MSG02450,Ticket #TK49595. I'm locked out of my account. I contacted support about this last week too. Not time-sensitive. Appreciate your help.,TK49595,LOW,YES
MSG02451,my order still hasn't arrived. thanks. reference number tk12321.,TK12321,HIGH,NO
MSG02452,Just wondering how the API works. Please treat this as high priority. Appreciate your help. (ref: TK30401),TK30401,LOW,YES
MSG02453,Ticket #TK88662. I can't sign in no matter what I try. Let me know when you can. Let me know what you need from me.,TK88662,HIGH,NO
MSG02454,There's a charge I don't recognize. Hoping to hear back this week. Thanks. Reference number TK83256.,TK83256,LOW,NO
MSG02455,Just wondering how the API works. Let me know when you can. Thanks. Case TK06698.,TK06698,LOW,YES
MSG02456,Could you clarify something about my plan? Please treat this as high priority. Ticket #TK54111.,TK54111,LOW,NO
MSG02457,Ticket #TK26671. Everything is offline on my end. Let me know what you need from me.,TK26671,LOW,YES
MSG02458,I can't access the mobile app at all. No rush at all. Appreciate your help. (ref: TK82168),TK82168,HIGH,NO
MSG02459,Just wondering how the API works. Re: TK39336.,TK39336,LOW,NO
MSG02460,Any chance a public API could be supported? I contacted support about this last week too. Not time-sensitive. Thanks. Ticket #TK82618.,TK82618,LOW,YES
MSG02461,Any chance bulk export could be supported? Reference number TK11768.,TK11768,MEDIUM,YES
MSG02462,I'm locked out of my account. This is the second time I've reached out about this. This is urgent. Thanks. (ref: TK17433),TK17433,HIGH,NO
MSG02463,Case TK37685. The item arrived broken. I contacted support about this last week too. I need this resolved right away. Thanks.,TK37685,HIGH,YES
MSG02464,It would be great if you added dark mode. Not time-sensitive. Appreciate your help. Re: TK79047.,TK79047,HIGH,NO
MSG02465,ticket #tk12748. i can't sign in no matter what i try. appreciate your help.,TK12748,HIGH,NO
MSG02466,Ticket #TK28001. Tracking hasn't updated in days. Thanks.,TK28001,HIGH,NO
MSG02467,there's a charge i don't recognize. this is the second time i've reached out about this. not time-sensitive. appreciate your help. case tk29370.,TK29370,HIGH,YES
MSG02468,Re: TK73650. My login keeps failing after the update. Please treat this as high priority. Appreciate your help.,TK73650,HIGH,YES
MSG02469,I can't sign in no matter what I try. This is urgent. (ref: TK41466),TK41466,HIGH,YES
MSG02470,My invoice doesn't match what I agreed to. I've already emailed twice with no reply. Reference number TK81970.,TK81970,LOW,YES
MSG02471,I'm locked out of my account. Whenever you get a chance is fine. Re: TK15281.,TK15281,HIGH,YES
MSG02472,My login keeps failing after the update. Whenever you get a chance is fine. Reference number TK33764.,TK33764,HIGH,NO
MSG02473,Reference number TK85693. I can't sign in no matter what I try. Thanks.,TK85693,LOW,NO
MSG02474,Case TK02022. I'm locked out of my account. Not time-sensitive. Let me know what you need from me.,TK02022,MEDIUM,NO
MSG02475,Ticket #TK12952. The package showed up damaged. Let me know what you need from me.,TK12952,HIGH,NO
MSG02476,The item arrived broken. Would appreciate a response soon. Appreciate your help. Re: TK21657.,TK21657,HIGH,YES
MSG02477,My invoice doesn't match what I agreed to. Would appreciate a response soon. Appreciate your help. Reference number TK15907.,TK15907,HIGH,NO
MSG02478,Reference number TK86875. The package showed up damaged. Not time-sensitive.,TK86875,LOW,YES
MSG02479,Your service has been down since last night. Thanks. (ref: TK68463),TK68463,LOW,YES
MSG02480,There's a charge I don't recognize. Whenever you get a chance is fine. Let me know what you need from me. Case TK39979.,TK39979,HIGH,YES
MSG02481,Case TK87749. My login keeps failing after the update. This is the second time I've reached out about this. I need this resolved right away. Appreciate your help.,TK87749,LOW,YES
MSG02482,Ticket #TK32598. What I received doesn't work at all. Whenever you get a chance is fine. Thanks.,TK32598,LOW,YES
MSG02483,Your service has been down since this morning. I need this resolved right away. Appreciate your help. Reference number TK30607.,TK30607,HIGH,YES
MSG02484,i can't access the api at all. this is the second time i've reached out about this. no rush at all. appreciate your help. (ref: tk95121),TK95121,HIGH,YES
MSG02485,Case TK53728. I'm locked out of my account. Hoping to hear back this week.,TK53728,HIGH,YES
MSG02486,I can't sign in no matter what I try. Let me know when you can. Appreciate your help. Reference number TK06089.,TK06089,LOW,YES
MSG02487,quick question about the mobile app. this is the second time i've reached out about this. this is urgent. let me know what you need from me. (ref: tk91647),TK91647,HIGH,NO
MSG02488,(ref: tk33635) any chance sso login could be supported?,TK33635,LOW,YES
MSG02489,Ticket #TK70293. I can't sign in no matter what I try. I contacted support about this last week too. Let me know what you need from me.,TK70293,LOW,YES
MSG02490,(ref: TK32913) My order still hasn't arrived. Let me know when you can. Thanks.,TK32913,HIGH,YES
MSG02491,My order still hasn't arrived. I need this resolved right away. Appreciate your help. (ref: TK41741),TK41741,HIGH,NO
MSG02492,Re: TK21252. Could you clarify something about my plan? Let me know when you can. Appreciate your help.,TK21252,LOW,NO
MSG02493,Tracking hasn't updated in days. Appreciate your help. Re: TK26004.,TK26004,LOW,NO
MSG02494,My invoice doesn't match what I agreed to. Let me know what you need from me. Ticket #TK69096.,TK69096,MEDIUM,YES
MSG02495,Ticket #TK51628. There's a charge I don't recognize. Thanks.,TK51628,HIGH,NO
MSG02496,It would be great if you added usage alerts. Please treat this as high priority. Thanks. Ticket #TK00435.,TK00435,MEDIUM,YES
MSG02497,Ticket #TK33156. What I received doesn't work at all. Thanks.,TK33156,LOW,YES
MSG02498,Tracking hasn't updated in days. Hoping to hear back this week. (ref: TK11441),TK11441,HIGH,NO
MSG02499,Ticket #TK37735. Your service has been down since this morning.,TK37735,LOW,YES
MSG02500,My invoice doesn't match what I agreed to. Case TK04481.,TK04481,HIGH,NO
MSG02501,Case TK13509. The package showed up damaged. Appreciate your help.,TK13509,LOW,NO
MSG02502,Re: TK26079. Have you considered dark mode? I need this resolved right away. Let me know what you need from me.,TK26079,HIGH,YES
MSG02503,The item arrived broken. Let me know when you can. Case TK66336.,TK66336,LOW,YES
MSG02504,Case TK95902. Have you considered SSO login? Let me know when you can. Let me know what you need from me.,TK95902,HIGH,NO
MSG02505,I was charged twice this month. I need this resolved right away. Let me know what you need from me. Re: TK30289.,TK30289,HIGH,YES
MSG02506,The package showed up damaged. Thanks. Case TK04967.,TK04967,HIGH,NO
MSG02507,Quick question about the API. I've already emailed twice with no reply. Would appreciate a response soon. (ref: TK06671),TK06671,LOW,NO
MSG02508,Reference number TK24373. The package showed up damaged. Whenever you get a chance is fine.,TK24373,MEDIUM,YES
MSG02509,my order still hasn't arrived. thanks. re: tk88970.,TK88970,HIGH,YES
MSG02510,Ticket #TK62803. Just wondering how the mobile app works. Let me know what you need from me.,TK62803,LOW,NO
MSG02511,Ticket #TK67736. The delivery is way later than promised. Whenever you get a chance is fine. Thanks.,TK67736,HIGH,YES
MSG02512,Your service has been down since yesterday. I contacted support about this last week too. Please treat this as high priority. Thanks. Case TK21984.,TK21984,HIGH,NO
MSG02513,re: tk85105. the item arrived broken. appreciate your help.,TK85105,LOW,YES
MSG02514,Case TK68752. Could you clarify something about my plan? This is the second time I've reached out about this. This is urgent.,TK68752,LOW,YES
MSG02515,Case TK58260. I'm locked out of my account. Whenever you get a chance is fine.,TK58260,HIGH,YES
MSG02516,what i received doesn't work at all. this is the second time i've reached out about this. i need this resolved right away. appreciate your help. ticket #tk00536.,TK00536,LOW,NO
MSG02517,I can't access the mobile app at all. Reference number TK59766.,TK59766,HIGH,NO
MSG02518,Have you considered a public API? I've already emailed twice with no reply. Hoping to hear back this week. Case TK43902.,TK43902,MEDIUM,YES
MSG02519,Everything is offline on my end. This is the second time I've reached out about this. Thanks. Reference number TK10069.,TK10069,HIGH,YES
MSG02520,Could you clarify something about my plan? Case TK74265.,TK74265,LOW,NO
MSG02521,I can't access my account at all. Re: TK46197.,TK46197,HIGH,YES
MSG02522,Case TK12538. The package showed up damaged. Whenever you get a chance is fine.,TK12538,HIGH,YES
MSG02523,Case TK26432. I can't sign in no matter what I try. Would appreciate a response soon. Let me know what you need from me.,TK26432,HIGH,YES
MSG02524,What I received doesn't work at all. Let me know when you can. Appreciate your help. Reference number TK11232.,TK11232,HIGH,YES
MSG02525,ticket #tk92178. any chance usage alerts could be supported? please treat this as high priority. let me know what you need from me.,TK92178,MEDIUM,YES
MSG02526,Have you considered dark mode? Would appreciate a response soon. Thanks. Case TK61344.,TK61344,HIGH,YES
MSG02527,(ref: TK00046) Just wondering how my account works. I need this resolved right away. Thanks.,TK00046,HIGH,NO
MSG02528,Tracking hasn't updated in days. Let me know what you need from me. Reference number TK01144.,TK01144,LOW,NO
MSG02529,My login keeps failing after the update. I need this resolved right away. Appreciate your help. Re: TK96500.,TK96500,LOW,NO
MSG02530,Reference number TK11222. I'm locked out of my account. This is the second time I've reached out about this. This is urgent. Appreciate your help.,TK11222,LOW,YES
MSG02531,case tk89829. i can't sign in no matter what i try. i contacted support about this last week too. let me know when you can.,TK89829,HIGH,YES
MSG02532,Re: TK84578. Everything is offline on my end. Thanks.,TK84578,HIGH,YES
MSG02533,tracking hasn't updated in days. would appreciate a response soon. ticket #tk29911.,TK29911,HIGH,YES
MSG02534,Ticket #TK11141. My login keeps failing after the update. Would appreciate a response soon. Thanks.,TK11141,HIGH,NO
MSG02535,Tracking hasn't updated in days. Please treat this as high priority. Let me know what you need from me. Re: TK39862.,TK39862,HIGH,NO
MSG02536,Reference number TK05587. Could you clarify something about my plan? Not time-sensitive. Let me know what you need from me.,TK05587,LOW,NO
MSG02537,Reference number TK21220. Have you considered dark mode? No rush at all.,TK21220,HIGH,NO
MSG02538,Ticket #TK18505. My order still hasn't arrived. This is urgent. Thanks.,TK18505,HIGH,NO
MSG02539,What I received doesn't work at all. Whenever you get a chance is fine. Let me know what you need from me. Ticket #TK92500.,TK92500,LOW,YES
MSG02540,have you considered bulk export? whenever you get a chance is fine. (ref: tk12140),TK12140,MEDIUM,NO
MSG02541,my login keeps failing after the update. thanks. reference number tk11870.,TK11870,HIGH,YES
MSG02542,Have you considered a public API? Let me know what you need from me. Reference number TK01782.,TK01782,LOW,YES
MSG02543,Reference number TK56959. The package showed up damaged. No rush at all. Thanks.,TK56959,HIGH,YES
MSG02544,i was charged twice this month. hoping to hear back this week. ticket #tk23116.,TK23116,HIGH,NO
MSG02545,my login keeps failing after the update. appreciate your help. (ref: tk77494),TK77494,HIGH,YES
MSG02546,Case TK48468. The item arrived broken. I contacted support about this last week too. Please treat this as high priority. Appreciate your help.,TK48468,HIGH,YES
MSG02547,Tracking hasn't updated in days. I've already emailed twice with no reply. Thanks. Reference number TK23888.,TK23888,HIGH,NO
MSG02548,The package showed up damaged. Not time-sensitive. Thanks. Reference number TK26701.,TK26701,LOW,YES
MSG02549,my invoice doesn't match what i agreed to. i contacted support about this last week too. thanks. reference number tk15960.,TK15960,LOW,YES
MSG02550,Any chance SSO login could be supported? Please treat this as high priority. Case TK99926.,TK99926,MEDIUM,YES
MSG02551,(ref: TK79975) My order still hasn't arrived. Appreciate your help.,TK79975,HIGH,YES
MSG02552,Re: TK25109. Everything is offline on my end. Please treat this as high priority.,TK25109,HIGH,YES
MSG02553,Re: TK59936. Any chance bulk export could be supported? This is the second time I've reached out about this. Let me know when you can. Appreciate your help.,TK59936,LOW,NO
MSG02554,case tk44420. could you clarify something about my plan? this is urgent. appreciate your help.,TK44420,LOW,NO
MSG02555,Reference number TK43355. My login keeps failing after the update. I need this resolved right away.,TK43355,LOW,YES
MSG02556,Case TK91973. Just wondering how the billing portal works. This is urgent.,TK91973,MEDIUM,NO
MSG02557,Any chance usage alerts could be supported? This is urgent. Appreciate your help. (ref: TK63670),TK63670,LOW,YES
MSG02558,Ticket #TK47276. I'm locked out of my account. Would appreciate a response soon. Appreciate your help.,TK47276,LOW,YES
MSG02559,My invoice doesn't match what I agreed to. I've already emailed twice with no reply. Whenever you get a chance is fine. Appreciate your help. Case TK04834.,TK04834,LOW,YES
MSG02560,My invoice doesn't match what I agreed to. Let me know when you can. Reference number TK83004.,TK83004,LOW,YES
MSG02561,Just wondering how the mobile app works. Let me know when you can. Let me know what you need from me. (ref: TK52149),TK52149,HIGH,YES
MSG02562,Case TK28629. Your service has been down since this morning. Whenever you get a chance is fine. Thanks.,TK28629,HIGH,YES
MSG02563,tracking hasn't updated in days. no rush at all. let me know what you need from me. reference number tk63750.,TK63750,HIGH,YES
MSG02564,Everything is offline on my end. Not time-sensitive. Appreciate your help. (ref: TK34212),TK34212,MEDIUM,YES
MSG02565,Reference number TK07461. My invoice doesn't match what I agreed to. I've already emailed twice with no reply. Appreciate your help.,TK07461,MEDIUM,NO
MSG02566,Case TK72363. What I received doesn't work at all. I've already emailed twice with no reply. Let me know when you can. Thanks.,TK72363,LOW,NO
MSG02567,Re: TK10267. Have you considered a public API?,TK10267,LOW,YES
MSG02568,Case TK88119. Could you clarify something about my plan? I need this resolved right away. Appreciate your help.,TK88119,HIGH,NO
MSG02569,It would be great if you added usage alerts. Re: TK79444.,TK79444,HIGH,NO
MSG02570,Reference number TK97962. My invoice doesn't match what I agreed to. This is urgent.,TK97962,LOW,YES
MSG02571,it would be great if you added bulk export. this is urgent. appreciate your help. reference number tk99469.,TK99469,HIGH,NO
MSG02572,(ref: TK79691) Have you considered SSO login? Whenever you get a chance is fine.,TK79691,HIGH,NO
MSG02573,there's a charge i don't recognize. appreciate your help. case tk86176.,TK86176,LOW,YES
MSG02574,Just wondering how the billing portal works. I contacted support about this last week too. Thanks. Re: TK22777.,TK22777,LOW,YES
MSG02575,re: tk30962. the package showed up damaged. please treat this as high priority. let me know what you need from me.,TK30962,HIGH,NO
MSG02576,Reference number TK27368. Your service has been down since this morning. Please treat this as high priority.,TK27368,HIGH,YES
MSG02577,Case TK46515. I was charged twice this month. Hoping to hear back this week.,TK46515,HIGH,YES
MSG02578,(ref: tk66104) the item arrived broken. let me know when you can. let me know what you need from me.,TK66104,LOW,YES
MSG02579,I can't sign in no matter what I try. I need this resolved right away. Let me know what you need from me. Re: TK66459.,TK66459,HIGH,YES
MSG02580,Case TK98508. Could you clarify something about my plan? Not time-sensitive. Let me know what you need from me.,TK98508,LOW,YES
MSG02581,Case TK02107. The package showed up damaged. No rush at all.,TK02107,HIGH,YES
MSG02582,My login keeps failing after the update. Ticket #TK24525.,TK24525,HIGH,NO
MSG02583,(ref: TK25157) The delivery is way later than promised. Thanks.,TK25157,LOW,YES
MSG02584,(ref: tk72715) i was charged twice this month. this is the second time i've reached out about this. i need this resolved right away. appreciate your help.,TK72715,HIGH,YES
MSG02585,Re: TK56615. The delivery is way later than promised. No rush at all. Appreciate your help.,TK56615,HIGH,NO
MSG02586,Ticket #TK03797. I can't access the API at all. I've already emailed twice with no reply. Whenever you get a chance is fine.,TK03797,HIGH,YES
MSG02587,Ticket #TK94386. Any chance bulk export could be supported? Please treat this as high priority. Thanks.,TK94386,LOW,YES
MSG02588,Everything is offline on my end. Please treat this as high priority. Let me know what you need from me. Case TK47040.,TK47040,LOW,YES
MSG02589,What I received doesn't work at all. Let me know when you can. Let me know what you need from me. Ticket #TK11944.,TK11944,MEDIUM,YES
MSG02590,Case TK38259. I was charged twice this month.,TK38259,LOW,NO
MSG02591,Quick question about my account. This is the second time I've reached out about this. Ticket #TK02208.,TK02208,HIGH,NO
MSG02592,The item arrived broken. Whenever you get a chance is fine. Case TK95068.,TK95068,LOW,YES
MSG02593,(ref: TK94355) My login keeps failing after the update. Appreciate your help.,TK94355,HIGH,NO
MSG02594,I can't access the mobile app at all. I need this resolved right away. Let me know what you need from me. Reference number TK51801.,TK51801,HIGH,NO
MSG02595,i can't access the billing portal at all. let me know when you can. appreciate your help. case tk98987.,TK98987,HIGH,YES
MSG02596,The delivery is way later than promised. I contacted support about this last week too. Whenever you get a chance is fine. Let me know what you need from me. Case TK09073.,TK09073,MEDIUM,NO
MSG02597,What I received doesn't work at all. This is urgent. Reference number TK90358.,TK90358,HIGH,YES
MSG02598,reference number tk51252. have you considered a public api? i've already emailed twice with no reply. no rush at all.,TK51252,HIGH,YES
MSG02599,Just wondering how my account works. This is urgent. Appreciate your help. Ticket #TK91286.,TK91286,HIGH,YES
MSG02600,Ticket #TK54144. There's a charge I don't recognize.,TK54144,HIGH,YES
MSG02601,Case TK06699. Have you considered dark mode? Please treat this as high priority. Thanks.,TK06699,LOW,NO
MSG02602,(ref: TK50076) My login keeps failing after the update. Not time-sensitive.,TK50076,HIGH,NO
MSG02603,(ref: tk10200) any chance sso login could be supported? thanks.,TK10200,HIGH,NO
MSG02604,everything is offline on my end. case tk59531.,TK59531,LOW,NO
MSG02605,quick question about the billing portal. this is urgent. appreciate your help. reference number tk56256.,TK56256,HIGH,NO
MSG02606,ticket #tk26963. the item arrived broken.,TK26963,LOW,NO
MSG02607,The delivery is way later than promised. I've already emailed twice with no reply. I need this resolved right away. Reference number TK38293.,TK38293,HIGH,YES
MSG02608,Reference number TK65982. Quick question about the API.,TK65982,LOW,NO
MSG02609,Your service has been down since yesterday. Not time-sensitive. Let me know what you need from me. Ticket #TK57571.,TK57571,HIGH,NO
MSG02610,I'm locked out of my account. I've already emailed twice with no reply. This is urgent. Thanks. Case TK90936.,TK90936,HIGH,YES
MSG02611,Quick question about the API. Whenever you get a chance is fine. Let me know what you need from me. Ticket #TK68866.,TK68866,LOW,YES
MSG02612,quick question about the dashboard. not time-sensitive. thanks. (ref: tk76859),TK76859,HIGH,NO
MSG02613,My login keeps failing after the update. Let me know when you can. Case TK79061.,TK79061,MEDIUM,NO
MSG02614,Re: TK72897. The delivery is way later than promised. Please treat this as high priority. Thanks.,TK72897,LOW,YES
MSG02615,Case TK05666. Your service has been down since yesterday. Please treat this as high priority.,TK05666,MEDIUM,NO
MSG02616,there's a charge i don't recognize. whenever you get a chance is fine. ticket #tk82389.,TK82389,MEDIUM,NO
MSG02617,My order still hasn't arrived. Not time-sensitive. Appreciate your help. (ref: TK13951),TK13951,HIGH,YES
MSG02618,I was charged twice this month. Thanks. (ref: TK66161),TK66161,HIGH,NO
MSG02619,there's a charge i don't recognize. appreciate your help. ticket #tk18413.,TK18413,HIGH,NO
MSG02620,Any chance bulk export could be supported? Let me know when you can. Ticket #TK06545.,TK06545,HIGH,NO
MSG02621,Reference number TK92599. Could you clarify something about my plan? No rush at all. Let me know what you need from me.,TK92599,LOW,YES
MSG02622,my order still hasn't arrived. whenever you get a chance is fine. let me know what you need from me. case tk21596.,TK21596,HIGH,YES
MSG02623,ticket #tk23784. everything is offline on my end. i've already emailed twice with no reply. hoping to hear back this week. let me know what you need from me.,TK23784,HIGH,YES
MSG02624,(ref: tk02814) the package showed up damaged. not time-sensitive.,TK02814,HIGH,YES
MSG02625,Just wondering how the billing portal works. Not time-sensitive. Let me know what you need from me. (ref: TK40973),TK40973,HIGH,NO
MSG02626,re: tk47217. the item arrived broken. this is urgent. appreciate your help.,TK47217,HIGH,YES
MSG02627,I'm locked out of my account. No rush at all. Ticket #TK17673.,TK17673,HIGH,NO
MSG02628,There's a charge I don't recognize. Hoping to hear back this week. Thanks. Re: TK13102.,TK13102,HIGH,NO
MSG02629,(ref: TK37305) I can't access the mobile app at all.,TK37305,HIGH,NO
MSG02630,Re: TK35572. Everything is offline on my end. I've already emailed twice with no reply.,TK35572,HIGH,YES
MSG02631,Case TK19247. My order still hasn't arrived. I contacted support about this last week too. No rush at all. Let me know what you need from me.,TK19247,LOW,YES
MSG02632,(ref: tk14017) quick question about the mobile app. please treat this as high priority. thanks.,TK14017,HIGH,NO
MSG02633,quick question about my account. appreciate your help. re: tk34770.,TK34770,HIGH,NO
MSG02634,case tk77246. the item arrived broken. please treat this as high priority.,TK77246,HIGH,YES
MSG02635,(ref: TK25955) Could you clarify something about my plan? This is the second time I've reached out about this. Not time-sensitive.,TK25955,HIGH,NO
MSG02636,My login keeps failing after the update. No rush at all. Appreciate your help. Case TK51122.,TK51122,LOW,NO
MSG02637,Have you considered bulk export? I need this resolved right away. Thanks. (ref: TK10289),TK10289,HIGH,NO
MSG02638,What I received doesn't work at all. Let me know what you need from me. Re: TK19593.,TK19593,LOW,YES
MSG02639,There's a charge I don't recognize. Hoping to hear back this week. Case TK52304.,TK52304,LOW,YES
MSG02640,Ticket #TK94297. The package showed up damaged. I contacted support about this last week too. Hoping to hear back this week.,TK94297,LOW,YES
MSG02641,Case TK17729. Could you clarify something about my plan? Whenever you get a chance is fine.,TK17729,HIGH,YES
MSG02642,Reference number TK81556. Just wondering how the mobile app works. Appreciate your help.,TK81556,LOW,YES
MSG02643,Reference number TK06206. I can't sign in no matter what I try. I contacted support about this last week too. Please treat this as high priority. Let me know what you need from me.,TK06206,HIGH,YES
MSG02644,My order still hasn't arrived. Appreciate your help. Ticket #TK59025.,TK59025,HIGH,YES
MSG02645,Tracking hasn't updated in days. Hoping to hear back this week. Appreciate your help. Reference number TK06878.,TK06878,HIGH,YES
MSG02646,Reference number TK55916. Could you clarify something about my plan? This is the second time I've reached out about this. Not time-sensitive. Let me know what you need from me.,TK55916,MEDIUM,NO
MSG02647,Re: TK46575. My invoice doesn't match what I agreed to.,TK46575,LOW,NO
MSG02648,Tracking hasn't updated in days. Hoping to hear back this week. Appreciate your help. Ticket #TK36973.,TK36973,MEDIUM,YES
MSG02649,(ref: TK45164) The package showed up damaged. Let me know what you need from me.,TK45164,HIGH,YES
MSG02650,Re: TK48979. Quick question about the dashboard. Whenever you get a chance is fine. Thanks.,TK48979,LOW,YES
MSG02651,Ticket #TK97765. The package showed up damaged. Thanks.,TK97765,HIGH,YES
MSG02652,re: tk00787. tracking hasn't updated in days. please treat this as high priority. let me know what you need from me.,TK00787,LOW,NO
MSG02653,Tracking hasn't updated in days. Appreciate your help. Reference number TK10969.,TK10969,LOW,YES
MSG02654,Re: TK32992. My login keeps failing after the update. Let me know when you can.,TK32992,HIGH,YES
MSG02655,Case TK25130. There's a charge I don't recognize. Would appreciate a response soon. Appreciate your help.,TK25130,HIGH,YES
MSG02656,Ticket #TK58759. The delivery is way later than promised. I need this resolved right away. Let me know what you need from me.,TK58759,HIGH,NO
MSG02657,Quick question about the API. Let me know what you need from me. (ref: TK57072),TK57072,LOW,YES
MSG02658,Case TK43712. Have you considered a public API? Thanks.,TK43712,HIGH,YES
MSG02659,Quick question about the billing portal. Thanks. (ref: TK81358),TK81358,HIGH,NO
MSG02660,Reference number TK27805. My order still hasn't arrived. Thanks.,TK27805,HIGH,YES
MSG02661,My invoice doesn't match what I agreed to. This is the second time I've reached out about this. Thanks. Case TK70947.,TK70947,HIGH,YES
MSG02662,Ticket #TK33802. Tracking hasn't updated in days. Let me know what you need from me.,TK33802,LOW,YES
MSG02663,Just wondering how my account works. Would appreciate a response soon. Let me know what you need from me. Reference number TK59516.,TK59516,HIGH,NO
MSG02664,Have you considered SSO login? (ref: TK62257),TK62257,LOW,YES
MSG02665,I was charged twice this month. Appreciate your help. (ref: TK38857),TK38857,HIGH,YES
MSG02666,Case TK58560. What I received doesn't work at all. I contacted support about this last week too. Appreciate your help.,TK58560,HIGH,YES
MSG02667,Reference number TK50430. My order still hasn't arrived. Let me know what you need from me.,TK50430,HIGH,YES
MSG02668,My login keeps failing after the update. Would appreciate a response soon. Thanks. Re: TK08109.,TK08109,LOW,YES
MSG02669,My invoice doesn't match what I agreed to. No rush at all. Thanks. Case TK35600.,TK35600,HIGH,NO
MSG02670,Reference number TK38138. Everything is offline on my end. I contacted support about this last week too. Not time-sensitive. Appreciate your help.,TK38138,HIGH,YES
MSG02671,Quick question about the dashboard. Let me know when you can. Let me know what you need from me. Re: TK16450.,TK16450,LOW,YES
MSG02672,(ref: TK71873) Any chance dark mode could be supported? Thanks.,TK71873,LOW,YES
MSG02673,Ticket #TK33216. There's a charge I don't recognize. Hoping to hear back this week. Thanks.,TK33216,HIGH,YES
MSG02674,(ref: TK64604) Have you considered usage alerts? Hoping to hear back this week. Appreciate your help.,TK64604,MEDIUM,NO
MSG02675,Reference number TK98607. I was charged twice this month. I need this resolved right away. Thanks.,TK98607,HIGH,YES
MSG02676,(ref: TK79329) Have you considered dark mode? I contacted support about this last week too. Not time-sensitive. Let me know what you need from me.,TK79329,LOW,NO
MSG02677,reference number tk66684. what i received doesn't work at all. not time-sensitive. let me know what you need from me.,TK66684,LOW,YES
MSG02678,Ticket #TK94062. Your service has been down since about an hour ago. This is urgent. Let me know what you need from me.,TK94062,HIGH,NO
MSG02679,Ticket #TK18725. My invoice doesn't match what I agreed to. Please treat this as high priority. Let me know what you need from me.,TK18725,HIGH,YES
MSG02680,Re: TK59131. My order still hasn't arrived. Hoping to hear back this week. Appreciate your help.,TK59131,HIGH,YES
MSG02681,Quick question about the API. (ref: TK21108),TK21108,LOW,NO
MSG02682,The delivery is way later than promised. Appreciate your help. Re: TK36082.,TK36082,HIGH,NO
MSG02683,Re: TK67121. Any chance SSO login could be supported?,TK67121,LOW,YES
MSG02684,re: tk05082. it would be great if you added dark mode. this is the second time i've reached out about this.,TK05082,LOW,YES
MSG02685,Tracking hasn't updated in days. Please treat this as high priority. Ticket #TK74525.,TK74525,HIGH,YES
MSG02686,Ticket #TK00893. My order still hasn't arrived. Thanks.,TK00893,HIGH,YES
MSG02687,re: tk22991. i'm locked out of my account. appreciate your help.,TK22991,HIGH,NO
MSG02688,Have you considered SSO login? Let me know when you can. Let me know what you need from me. Re: TK71258.,TK71258,HIGH,NO
MSG02689,my invoice doesn't match what i agreed to. let me know what you need from me. case tk66605.,TK66605,HIGH,YES
MSG02690,quick question about the dashboard. i contacted support about this last week too. no rush at all. appreciate your help. ticket #tk32758.,TK32758,HIGH,NO
MSG02691,Have you considered bulk export? Let me know when you can. Let me know what you need from me. Ticket #TK16498.,TK16498,LOW,NO
MSG02692,What I received doesn't work at all. Thanks. Case TK69466.,TK69466,HIGH,NO
MSG02693,It would be great if you added usage alerts. No rush at all. Case TK53918.,TK53918,LOW,NO
MSG02694,Could you clarify something about my plan? I've already emailed twice with no reply. Hoping to hear back this week. Appreciate your help. Reference number TK70226.,TK70226,HIGH,YES
MSG02695,Reference number TK41387. Tracking hasn't updated in days. This is the second time I've reached out about this. Hoping to hear back this week.,TK41387,LOW,YES
MSG02696,Could you clarify something about my plan? No rush at all. Appreciate your help. Reference number TK75366.,TK75366,LOW,NO
MSG02697,It would be great if you added SSO login. Let me know when you can. Let me know what you need from me. Re: TK08990.,TK08990,LOW,NO
MSG02698,The package showed up damaged. Appreciate your help. (ref: TK00200),TK00200,LOW,YES
MSG02699,My login keeps failing after the update. I've already emailed twice with no reply. I need this resolved right away. Thanks. Re: TK46089.,TK46089,MEDIUM,YES
MSG02700,(ref: TK38778) I was charged twice this month. Please treat this as high priority.,TK38778,LOW,YES
MSG02701,Case TK12238. I'm locked out of my account. Let me know what you need from me.,TK12238,LOW,YES
MSG02702,Case TK71827. Any chance dark mode could be supported? Would appreciate a response soon. Appreciate your help.,TK71827,LOW,YES
MSG02703,Reference number TK21022. Your service has been down since yesterday. Would appreciate a response soon.,TK21022,LOW,YES
MSG02704,I'm locked out of my account. Thanks. Ticket #TK25580.,TK25580,HIGH,NO
MSG02705,Tracking hasn't updated in days. Thanks. Re: TK94116.,TK94116,HIGH,YES
MSG02706,Reference number TK24838. Could you clarify something about my plan? Thanks.,TK24838,LOW,NO
MSG02707,(ref: TK74622) Everything is offline on my end. Would appreciate a response soon. Thanks.,TK74622,HIGH,NO
MSG02708,What I received doesn't work at all. I need this resolved right away. Thanks. Case TK54286.,TK54286,HIGH,NO
MSG02709,Quick question about my account. Would appreciate a response soon. Appreciate your help. Ticket #TK48864.,TK48864,HIGH,NO
MSG02710,case tk31503. have you considered a public api? this is the second time i've reached out about this. hoping to hear back this week. let me know what you need from me.,TK31503,LOW,YES
MSG02711,Case TK26355. I can't access the dashboard at all. This is urgent. Let me know what you need from me.,TK26355,HIGH,YES
MSG02712,The item arrived broken. Not time-sensitive. Let me know what you need from me. Re: TK62541.,TK62541,HIGH,NO
MSG02713,I was charged twice this month. Thanks. Case TK65332.,TK65332,LOW,NO
MSG02714,Case TK71632. The item arrived broken. Hoping to hear back this week. Appreciate your help.,TK71632,LOW,YES
MSG02715,(ref: tk90585) i'm locked out of my account. i contacted support about this last week too. not time-sensitive.,TK90585,HIGH,NO
MSG02716,Ticket #TK02008. I can't sign in no matter what I try. Hoping to hear back this week. Appreciate your help.,TK02008,LOW,YES
MSG02717,Just wondering how the API works. This is the second time I've reached out about this. Whenever you get a chance is fine. Thanks. Re: TK47997.,TK47997,LOW,YES
MSG02718,Everything is offline on my end. Whenever you get a chance is fine. Let me know what you need from me. Case TK97088.,TK97088,LOW,YES
MSG02719,Ticket #TK65481. What I received doesn't work at all. I contacted support about this last week too. No rush at all. Let me know what you need from me.,TK65481,LOW,NO
MSG02720,my order still hasn't arrived. thanks. case tk97995.,TK97995,LOW,NO
MSG02721,It would be great if you added a public API. Appreciate your help. Ticket #TK01425.,TK01425,HIGH,NO
MSG02722,The item arrived broken. This is the second time I've reached out about this. (ref: TK78233),TK78233,LOW,NO
MSG02723,I can't access the API at all. I need this resolved right away. Thanks. (ref: TK64501),TK64501,HIGH,YES
MSG02724,(ref: TK61002) My invoice doesn't match what I agreed to. Appreciate your help.,TK61002,LOW,NO
MSG02725,Re: TK30150. My invoice doesn't match what I agreed to. This is the second time I've reached out about this. Let me know when you can. Thanks.,TK30150,HIGH,NO
MSG02726,(ref: TK23242) Have you considered bulk export? Hoping to hear back this week. Let me know what you need from me.,TK23242,LOW,NO
MSG02727,Ticket #TK69089. What I received doesn't work at all. Whenever you get a chance is fine. Let me know what you need from me.,TK69089,LOW,NO
MSG02728,I can't sign in no matter what I try. This is urgent. Let me know what you need from me. Re: TK60464.,TK60464,LOW,YES
MSG02729,Ticket #TK98764. What I received doesn't work at all. No rush at all. Appreciate your help.,TK98764,HIGH,YES
MSG02730,case tk12479. i can't sign in no matter what i try. this is urgent. let me know what you need from me.,TK12479,HIGH,YES
MSG02731,Case TK33318. Just wondering how my account works. Would appreciate a response soon. Appreciate your help.,TK33318,LOW,YES
MSG02732,Case TK22121. What I received doesn't work at all. Whenever you get a chance is fine. Appreciate your help.,TK22121,LOW,YES
MSG02733,i can't access the dashboard at all. i've already emailed twice with no reply. not time-sensitive. (ref: tk77573),TK77573,HIGH,NO
MSG02734,Ticket #TK20167. Quick question about my account. Appreciate your help.,TK20167,LOW,YES
MSG02735,The item arrived broken. This is urgent. Thanks. Case TK18499.,TK18499,HIGH,NO
MSG02736,Re: TK02969. Tracking hasn't updated in days. Thanks.,TK02969,LOW,YES
MSG02737,Reference number TK28573. Just wondering how the mobile app works. This is the second time I've reached out about this. Not time-sensitive.,TK28573,LOW,NO
MSG02738,(ref: TK07996) Your service has been down since about an hour ago. Let me know when you can.,TK07996,HIGH,NO
MSG02739,Could you clarify something about my plan? I contacted support about this last week too. Appreciate your help. (ref: TK40842),TK40842,HIGH,YES
MSG02740,I can't access my account at all. Not time-sensitive. Reference number TK43075.,TK43075,HIGH,NO
MSG02741,Your service has been down since this morning. Let me know what you need from me. (ref: TK26948),TK26948,HIGH,NO
MSG02742,I can't access the billing portal at all. Would appreciate a response soon. Re: TK80222.,TK80222,HIGH,NO
MSG02743,There's a charge I don't recognize. I've already emailed twice with no reply. Whenever you get a chance is fine. Let me know what you need from me. Ticket #TK09542.,TK09542,LOW,NO
MSG02744,I was charged twice this month. This is urgent. Ticket #TK92893.,TK92893,HIGH,YES
MSG02745,Reference number TK25605. Tracking hasn't updated in days. This is the second time I've reached out about this. Appreciate your help.,TK25605,HIGH,NO
MSG02746,Quick question about the mobile app. Thanks. Reference number TK29499.,TK29499,LOW,NO
MSG02747,Case TK39552. The item arrived broken. Please treat this as high priority. Thanks.,TK39552,HIGH,NO
MSG02748,Any chance a public API could be supported? No rush at all. Let me know what you need from me. Reference number TK26844.,TK26844,HIGH,YES
MSG02749,The package showed up damaged. Please treat this as high priority. Appreciate your help. Ticket #TK97191.,TK97191,HIGH,NO
MSG02750,I can't sign in no matter what I try. No rush at all. Thanks. Case TK69998.,TK69998,HIGH,YES
MSG02751,Ticket #TK67916. Any chance usage alerts could be supported? I contacted support about this last week too. No rush at all.,TK67916,LOW,NO
MSG02752,Just wondering how the dashboard works. Not time-sensitive. Let me know what you need from me. Case TK69408.,TK69408,LOW,NO
MSG02753,Case TK16311. My order still hasn't arrived. Not time-sensitive. Thanks.,TK16311,HIGH,NO
MSG02754,(ref: TK50179) It would be great if you added dark mode. Not time-sensitive.,TK50179,MEDIUM,YES
MSG02755,case tk98649. i'm locked out of my account. this is urgent.,TK98649,HIGH,YES
MSG02756,The package showed up damaged. I contacted support about this last week too. Thanks. Reference number TK59336.,TK59336,HIGH,YES
MSG02757,(ref: TK83336) My invoice doesn't match what I agreed to.,TK83336,HIGH,YES
MSG02758,Your service has been down since yesterday. Not time-sensitive. Thanks. Case TK37898.,TK37898,HIGH,YES
MSG02759,I was charged twice this month. I contacted support about this last week too. Reference number TK86254.,TK86254,HIGH,YES
MSG02760,I was charged twice this month. Thanks. (ref: TK85326),TK85326,MEDIUM,YES
MSG02761,(ref: TK53402) Tracking hasn't updated in days. Let me know what you need from me.,TK53402,LOW,YES
MSG02762,It would be great if you added SSO login. Hoping to hear back this week. Thanks. Re: TK78152.,TK78152,HIGH,NO
MSG02763,I was charged twice this month. Let me know what you need from me. Ticket #TK74936.,TK74936,LOW,YES
MSG02764,Everything is offline on my end. Whenever you get a chance is fine. Thanks. Ticket #TK30412.,TK30412,MEDIUM,NO
MSG02765,The delivery is way later than promised. This is the second time I've reached out about this. No rush at all. Appreciate your help. Ticket #TK73707.,TK73707,HIGH,NO
MSG02766,Case TK83240. I can't access the billing portal at all. Please treat this as high priority. Thanks.,TK83240,HIGH,NO
MSG02767,Ticket #TK92921. Tracking hasn't updated in days. No rush at all. Thanks.,TK92921,HIGH,NO
MSG02768,There's a charge I don't recognize. I need this resolved right away. Ticket #TK80671.,TK80671,HIGH,YES
MSG02769,The package showed up damaged. I need this resolved right away. Thanks. Case TK16355.,TK16355,LOW,YES
MSG02770,Have you considered a public API? Let me know when you can. Appreciate your help. Reference number TK98913.,TK98913,LOW,NO
MSG02771,case tk81608. there's a charge i don't recognize. would appreciate a response soon. thanks.,TK81608,LOW,NO
MSG02772,Case TK67138. I can't sign in no matter what I try. Thanks.,TK67138,LOW,NO
MSG02773,Tracking hasn't updated in days. Not time-sensitive. (ref: TK11559),TK11559,LOW,NO
MSG02774,Have you considered bulk export? Not time-sensitive. Thanks. (ref: TK77942),TK77942,HIGH,NO
MSG02775,any chance a public api could be supported? no rush at all. re: tk23502.,TK23502,MEDIUM,NO
MSG02776,Re: TK17231. Your service has been down since yesterday. I contacted support about this last week too. Whenever you get a chance is fine. Appreciate your help.,TK17231,HIGH,YES
MSG02777,Could you clarify something about my plan? Let me know what you need from me. (ref: TK46519),TK46519,HIGH,NO
MSG02778,Your service has been down since yesterday. I've already emailed twice with no reply. Ticket #TK05991.,TK05991,MEDIUM,YES
MSG02779,could you clarify something about my plan? this is the second time i've reached out about this. this is urgent. (ref: tk94441),TK94441,HIGH,YES
MSG02780,I'm locked out of my account. This is the second time I've reached out about this. Not time-sensitive. (ref: TK30158),TK30158,HIGH,NO
MSG02781,(ref: TK58395) I can't sign in no matter what I try. I contacted support about this last week too. Let me know when you can. Let me know what you need from me.,TK58395,HIGH,YES
MSG02782,Re: TK85902. The item arrived broken. Whenever you get a chance is fine. Let me know what you need from me.,TK85902,LOW,YES
MSG02783,Reference number TK25277. Could you clarify something about my plan? Let me know what you need from me.,TK25277,LOW,NO
MSG02784,I was charged twice this month. I contacted support about this last week too. Thanks. Ticket #TK41054.,TK41054,LOW,YES
MSG02785,There's a charge I don't recognize. I need this resolved right away. Let me know what you need from me. Ticket #TK82357.,TK82357,LOW,YES
MSG02786,What I received doesn't work at all. Not time-sensitive. Thanks. Reference number TK07583.,TK07583,LOW,NO
MSG02787,(ref: tk06679) i can't access the dashboard at all. i contacted support about this last week too. let me know what you need from me.,TK06679,MEDIUM,YES
MSG02788,Just wondering how the dashboard works. Thanks. Ticket #TK76616.,TK76616,LOW,YES
MSG02789,Ticket #TK30111. Tracking hasn't updated in days.,TK30111,LOW,YES
MSG02790,(ref: TK35508) Tracking hasn't updated in days. This is urgent. Appreciate your help.,TK35508,HIGH,YES
MSG02791,Ticket #TK01145. Any chance usage alerts could be supported? Please treat this as high priority. Let me know what you need from me.,TK01145,HIGH,NO
MSG02792,Reference number TK93619. My login keeps failing after the update. Thanks.,TK93619,LOW,YES
MSG02793,quick question about my account. let me know when you can. reference number tk40536.,TK40536,LOW,NO
MSG02794,Could you clarify something about my plan? This is the second time I've reached out about this. Would appreciate a response soon. Appreciate your help. Re: TK13930.,TK13930,LOW,NO
MSG02795,Case TK85672. Could you clarify something about my plan? I need this resolved right away. Appreciate your help.,TK85672,LOW,YES
MSG02796,Case TK92362. I can't sign in no matter what I try.,TK92362,HIGH,YES
MSG02797,Re: TK08976. Could you clarify something about my plan? Thanks.,TK08976,LOW,NO
MSG02798,Case TK09901. Tracking hasn't updated in days. I contacted support about this last week too.,TK09901,HIGH,NO
MSG02799,(ref: TK65595) Tracking hasn't updated in days. Let me know when you can. Appreciate your help.,TK65595,HIGH,NO
MSG02800,The delivery is way later than promised. This is urgent. Thanks. Reference number TK56185.,TK56185,LOW,NO
MSG02801,Ticket #TK85450. I can't sign in no matter what I try. Appreciate your help.,TK85450,LOW,YES
MSG02802,it would be great if you added a public api. appreciate your help. re: tk45186.,TK45186,HIGH,YES
MSG02803,what i received doesn't work at all. thanks. case tk36402.,TK36402,LOW,YES
MSG02804,Ticket #TK54893. Just wondering how the mobile app works. This is urgent. Let me know what you need from me.,TK54893,HIGH,YES
MSG02805,I can't access the billing portal at all. Would appreciate a response soon. Appreciate your help. Reference number TK31479.,TK31479,LOW,YES
MSG02806,Reference number TK73031. I can't access the API at all. Hoping to hear back this week. Thanks.,TK73031,HIGH,YES
MSG02807,(ref: TK54056) Everything is offline on my end. This is urgent. Let me know what you need from me.,TK54056,LOW,YES
MSG02808,I can't access the mobile app at all. Not time-sensitive. Appreciate your help. Ticket #TK33964.,TK33964,HIGH,YES
MSG02809,(ref: TK30276) I was charged twice this month. Thanks.,TK30276,MEDIUM,YES
MSG02810,Ticket #TK20877. What I received doesn't work at all. Thanks.,TK20877,HIGH,YES
MSG02811,Tracking hasn't updated in days. No rush at all. Reference number TK33363.,TK33363,LOW,YES
MSG02812,My login keeps failing after the update. Thanks. Reference number TK54254.,TK54254,HIGH,NO
MSG02813,Case TK53874. Quick question about the dashboard. I need this resolved right away. Thanks.,TK53874,LOW,YES
MSG02814,Ticket #TK56560. There's a charge I don't recognize. This is urgent. Appreciate your help.,TK56560,HIGH,YES
MSG02815,Could you clarify something about my plan? Please treat this as high priority. Thanks. Reference number TK12492.,TK12492,LOW,YES
MSG02816,The item arrived broken. Let me know when you can. Let me know what you need from me. Re: TK75260.,TK75260,LOW,NO
MSG02817,Ticket #TK43873. Tracking hasn't updated in days. Thanks.,TK43873,HIGH,NO
MSG02818,Re: TK78540. Just wondering how the billing portal works. Thanks.,TK78540,LOW,NO
MSG02819,I can't access my account at all. Not time-sensitive. Appreciate your help. (ref: TK99128),TK99128,HIGH,YES
MSG02820,Everything is offline on my end. Thanks. (ref: TK93742),TK93742,LOW,YES
MSG02821,Re: TK59493. Any chance usage alerts could be supported? Not time-sensitive.,TK59493,MEDIUM,NO
MSG02822,The package showed up damaged. Whenever you get a chance is fine. Let me know what you need from me. Case TK77728.,TK77728,LOW,NO
MSG02823,just wondering how the billing portal works. not time-sensitive. thanks. (ref: tk96119),TK96119,HIGH,NO
MSG02824,Could you clarify something about my plan? Not time-sensitive. Appreciate your help. Case TK65458.,TK65458,MEDIUM,YES
MSG02825,my login keeps failing after the update. appreciate your help. (ref: tk57211),TK57211,HIGH,YES
MSG02826,I can't access the dashboard at all. Reference number TK26067.,TK26067,LOW,NO
MSG02827,My invoice doesn't match what I agreed to. Case TK96506.,TK96506,LOW,YES
MSG02828,Re: TK52035. Just wondering how the billing portal works. Hoping to hear back this week. Thanks.,TK52035,LOW,NO
MSG02829,Ticket #TK10881. I can't sign in no matter what I try. Would appreciate a response soon. Appreciate your help.,TK10881,LOW,NO
MSG02830,(ref: TK39405) My order still hasn't arrived. Please treat this as high priority. Thanks.,TK39405,HIGH,NO
MSG02831,Everything is offline on my end. I've already emailed twice with no reply. Let me know when you can. Thanks. Re: TK93783.,TK93783,LOW,NO
MSG02832,The item arrived broken. Whenever you get a chance is fine. Thanks. Ticket #TK55843.,TK55843,HIGH,NO
MSG02833,Reference number TK03596. Tracking hasn't updated in days. Not time-sensitive. Let me know what you need from me.,TK03596,LOW,NO
MSG02834,re: tk87061. i was charged twice this month. hoping to hear back this week. appreciate your help.,TK87061,LOW,YES
MSG02835,Ticket #TK98829. Tracking hasn't updated in days. I need this resolved right away. Appreciate your help.,TK98829,HIGH,YES
MSG02836,I'm locked out of my account. Please treat this as high priority. Reference number TK89755.,TK89755,HIGH,YES
MSG02837,Case TK29297. The delivery is way later than promised. This is urgent. Thanks.,TK29297,HIGH,YES
MSG02838,any chance bulk export could be supported? hoping to hear back this week. appreciate your help. (ref: tk19535),TK19535,LOW,NO
MSG02839,(ref: TK01662) Quick question about the mobile app. Would appreciate a response soon. Let me know what you need from me.,TK01662,HIGH,YES
MSG02840,Reference number TK00792. I can't sign in no matter what I try. Not time-sensitive. Thanks.,TK00792,HIGH,NO
MSG02841,I can't access the dashboard at all. Let me know what you need from me. Re: TK09718.,TK09718,HIGH,NO
MSG02842,Case TK58281. Everything is offline on my end. Appreciate your help.,TK58281,HIGH,YES
MSG02843,It would be great if you added dark mode. This is urgent. Appreciate your help. (ref: TK27255),TK27255,LOW,NO
MSG02844,Ticket #TK78938. Quick question about the mobile app. No rush at all.,TK78938,LOW,YES
MSG02845,Ticket #TK28023. My login keeps failing after the update.,TK28023,HIGH,YES
MSG02846,Re: TK57743. I'm locked out of my account. Thanks.,TK57743,HIGH,NO
MSG02847,I'm locked out of my account. This is the second time I've reached out about this. Let me know when you can. Thanks. Case TK39387.,TK39387,HIGH,YES
MSG02848,Re: TK58274. It would be great if you added usage alerts. Thanks.,TK58274,HIGH,NO
MSG02849,Everything is offline on my end. This is the second time I've reached out about this. Appreciate your help. Case TK84053.,TK84053,HIGH,NO
MSG02850,It would be great if you added a public API. Ticket #TK33546.,TK33546,LOW,NO
MSG02851,I'm locked out of my account. Hoping to hear back this week. Let me know what you need from me. Reference number TK98790.,TK98790,HIGH,NO
MSG02852,i'm locked out of my account. i've already emailed twice with no reply. reference number tk77674.,TK77674,LOW,NO
MSG02853,There's a charge I don't recognize. I contacted support about this last week too. Let me know what you need from me. Ticket #TK13028.,TK13028,HIGH,NO
MSG02854,(ref: TK57236) What I received doesn't work at all.,TK57236,HIGH,NO
MSG02855,Case TK88631. My order still hasn't arrived. Not time-sensitive.,TK88631,HIGH,NO
MSG02856,(ref: tk29739) just wondering how my account works. would appreciate a response soon. thanks.,TK29739,HIGH,NO
MSG02857,(ref: TK89573) I can't sign in no matter what I try. This is the second time I've reached out about this. Whenever you get a chance is fine. Thanks.,TK89573,HIGH,YES
MSG02858,Ticket #TK01667. I'm locked out of my account. Whenever you get a chance is fine. Let me know what you need from me.,TK01667,HIGH,YES
MSG02859,What I received doesn't work at all. Whenever you get a chance is fine. Thanks. (ref: TK85637),TK85637,HIGH,NO
MSG02860,Case TK43264. My invoice doesn't match what I agreed to. This is urgent. Thanks.,TK43264,LOW,YES
MSG02861,The item arrived broken. Thanks. Re: TK13382.,TK13382,HIGH,YES
MSG02862,Quick question about the billing portal. Let me know what you need from me. Reference number TK85888.,TK85888,MEDIUM,YES
MSG02863,Tracking hasn't updated in days. Not time-sensitive. Let me know what you need from me. Ticket #TK19532.,TK19532,HIGH,NO
MSG02864,ticket #tk78898. i can't access the mobile app at all. would appreciate a response soon. thanks.,TK78898,MEDIUM,NO
MSG02865,Your service has been down since about an hour ago. Appreciate your help. Reference number TK56705.,TK56705,HIGH,YES
MSG02866,reference number tk76312. the item arrived broken. whenever you get a chance is fine. thanks.,TK76312,MEDIUM,YES
MSG02867,(ref: TK69880) I'm locked out of my account. I contacted support about this last week too. Hoping to hear back this week. Thanks.,TK69880,MEDIUM,YES
MSG02868,Any chance SSO login could be supported? Hoping to hear back this week. Re: TK97708.,TK97708,LOW,YES
MSG02869,Reference number TK35855. My invoice doesn't match what I agreed to. Hoping to hear back this week. Let me know what you need from me.,TK35855,HIGH,YES
MSG02870,Reference number TK50835. I'm locked out of my account. I contacted support about this last week too. Appreciate your help.,TK50835,HIGH,YES
MSG02871,Reference number TK59397. Tracking hasn't updated in days. Let me know when you can. Appreciate your help.,TK59397,LOW,YES
MSG02872,(ref: TK11457) Could you clarify something about my plan? Would appreciate a response soon. Thanks.,TK11457,LOW,NO
MSG02873,case tk73288. have you considered sso login? i need this resolved right away. thanks.,TK73288,LOW,YES
MSG02874,Case TK71139. My order still hasn't arrived. No rush at all.,TK71139,LOW,NO
MSG02875,Re: TK56464. There's a charge I don't recognize. Hoping to hear back this week. Appreciate your help.,TK56464,HIGH,NO
MSG02876,re: tk17010. just wondering how the dashboard works. not time-sensitive. let me know what you need from me.,TK17010,LOW,YES
MSG02877,re: tk09425. quick question about the billing portal. i contacted support about this last week too.,TK09425,LOW,NO
MSG02878,Case TK48245. The item arrived broken. Let me know what you need from me.,TK48245,HIGH,YES
MSG02879,It would be great if you added a public API. This is the second time I've reached out about this. Please treat this as high priority. Let me know what you need from me. Ticket #TK68235.,TK68235,HIGH,YES
MSG02880,(ref: TK99847) I can't sign in no matter what I try. I need this resolved right away. Appreciate your help.,TK99847,HIGH,NO
MSG02881,I'm locked out of my account. Would appreciate a response soon. Re: TK31014.,TK31014,LOW,NO
MSG02882,I can't sign in no matter what I try. Not time-sensitive. Let me know what you need from me. Ticket #TK92731.,TK92731,HIGH,NO
MSG02883,The package showed up damaged. Appreciate your help. Ticket #TK85334.,TK85334,LOW,NO
MSG02884,There's a charge I don't recognize. Would appreciate a response soon. Let me know what you need from me. (ref: TK36815),TK36815,HIGH,NO
MSG02885,Reference number TK92805. The package showed up damaged. Please treat this as high priority.,TK92805,HIGH,YES
MSG02886,Ticket #TK78632. Just wondering how my account works.,TK78632,LOW,NO
MSG02887,Case TK70905. Your service has been down since last night. Please treat this as high priority. Appreciate your help.,TK70905,LOW,YES
MSG02888,Any chance usage alerts could be supported? Thanks. Re: TK49088.,TK49088,LOW,NO
MSG02889,I'm locked out of my account. Would appreciate a response soon. Appreciate your help. (ref: TK38868),TK38868,HIGH,NO
MSG02890,(ref: TK91695) I can't access my account at all.,TK91695,LOW,YES
MSG02891,Re: TK46129. My invoice doesn't match what I agreed to. This is the second time I've reached out about this. Let me know when you can.,TK46129,LOW,NO
MSG02892,my invoice doesn't match what i agreed to. this is the second time i've reached out about this. would appreciate a response soon. (ref: tk12757),TK12757,HIGH,YES
MSG02893,tracking hasn't updated in days. no rush at all. (ref: tk32293),TK32293,LOW,YES
MSG02894,The package showed up damaged. Thanks. (ref: TK96380),TK96380,HIGH,NO
MSG02895,My order still hasn't arrived. No rush at all. Appreciate your help. Re: TK77042.,TK77042,HIGH,YES
MSG02896,(ref: TK80873) I can't sign in no matter what I try. I need this resolved right away.,TK80873,MEDIUM,NO
MSG02897,everything is offline on my end. thanks. re: tk59707.,TK59707,HIGH,YES
MSG02898,Re: TK69979. There's a charge I don't recognize. Would appreciate a response soon.,TK69979,HIGH,YES
MSG02899,Re: TK39213. Just wondering how the API works. No rush at all. Appreciate your help.,TK39213,LOW,NO
MSG02900,Ticket #TK64454. My order still hasn't arrived.,TK64454,LOW,NO
MSG02901,My login keeps failing after the update. Not time-sensitive. Let me know what you need from me. Ticket #TK62781.,TK62781,HIGH,YES
MSG02902,Reference number TK73845. I can't access the API at all. Would appreciate a response soon. Appreciate your help.,TK73845,LOW,YES
MSG02903,What I received doesn't work at all. I've already emailed twice with no reply. Would appreciate a response soon. Thanks. Case TK60695.,TK60695,LOW,NO
MSG02904,Re: TK84243. Tracking hasn't updated in days. Let me know what you need from me.,TK84243,HIGH,NO
MSG02905,Reference number TK03059. Any chance a public API could be supported? I need this resolved right away. Thanks.,TK03059,LOW,NO
MSG02906,I was charged twice this month. I need this resolved right away. Appreciate your help. (ref: TK92315),TK92315,HIGH,YES
MSG02907,Everything is offline on my end. This is urgent. Let me know what you need from me. Reference number TK89656.,TK89656,HIGH,YES
MSG02908,It would be great if you added a public API. Hoping to hear back this week. Let me know what you need from me. (ref: TK19382),TK19382,HIGH,NO
MSG02909,Reference number TK63054. There's a charge I don't recognize. Not time-sensitive. Thanks.,TK63054,LOW,NO
MSG02910,Ticket #TK06211. Your service has been down since yesterday. I need this resolved right away. Thanks.,TK06211,LOW,YES
MSG02911,Case TK44278. Your service has been down since yesterday.,TK44278,HIGH,YES
MSG02912,The delivery is way later than promised. Whenever you get a chance is fine. Thanks. Reference number TK08948.,TK08948,LOW,YES
MSG02913,could you clarify something about my plan? this is the second time i've reached out about this. let me know when you can. re: tk14224.,TK14224,LOW,YES
MSG02914,Reference number TK30044. Could you clarify something about my plan? I've already emailed twice with no reply. Not time-sensitive. Let me know what you need from me.,TK30044,HIGH,NO
MSG02915,Ticket #TK47123. My login keeps failing after the update. This is urgent. Thanks.,TK47123,MEDIUM,NO
MSG02916,What I received doesn't work at all. Whenever you get a chance is fine. Re: TK82517.,TK82517,LOW,NO
MSG02917,Re: TK79963. Your service has been down since last night. Please treat this as high priority. Let me know what you need from me.,TK79963,HIGH,NO
MSG02918,(ref: TK56797) Any chance usage alerts could be supported? Please treat this as high priority. Thanks.,TK56797,LOW,NO
MSG02919,Case TK78694. The package showed up damaged. Let me know when you can.,TK78694,HIGH,YES
MSG02920,(ref: TK26619) I can't access the billing portal at all. I need this resolved right away. Thanks.,TK26619,HIGH,YES
MSG02921,Re: TK08968. My order still hasn't arrived. This is the second time I've reached out about this. Thanks.,TK08968,MEDIUM,NO
MSG02922,Reference number TK26563. I can't sign in no matter what I try. Thanks.,TK26563,LOW,NO
MSG02923,Your service has been down since yesterday. This is the second time I've reached out about this. Whenever you get a chance is fine. Let me know what you need from me. Re: TK55801.,TK55801,MEDIUM,YES
MSG02924,Case TK04791. I can't access my account at all. Hoping to hear back this week.,TK04791,HIGH,YES
MSG02925,Any chance a public API could be supported? Thanks. Ticket #TK32724.,TK32724,HIGH,YES
MSG02926,Everything is offline on my end. Would appreciate a response soon. Reference number TK21259.,TK21259,HIGH,YES
MSG02927,Reference number TK31848. Just wondering how the API works. Hoping to hear back this week. Thanks.,TK31848,LOW,YES
MSG02928,(ref: TK43517) What I received doesn't work at all. Let me know what you need from me.,TK43517,HIGH,NO
MSG02929,Re: TK46316. Could you clarify something about my plan?,TK46316,HIGH,NO
MSG02930,It would be great if you added SSO login. No rush at all. Let me know what you need from me. Re: TK80962.,TK80962,MEDIUM,YES
MSG02931,Case TK96634. I'm locked out of my account. Let me know when you can. Appreciate your help.,TK96634,LOW,YES
MSG02932,Ticket #TK79863. My invoice doesn't match what I agreed to. Whenever you get a chance is fine. Let me know what you need from me.,TK79863,LOW,NO
MSG02933,Tracking hasn't updated in days. Would appreciate a response soon. Re: TK06546.,TK06546,HIGH,NO
MSG02934,Have you considered SSO login? Appreciate your help. (ref: TK53932),TK53932,MEDIUM,NO
MSG02935,My invoice doesn't match what I agreed to. I've already emailed twice with no reply. Appreciate your help. Case TK69884.,TK69884,MEDIUM,NO
MSG02936,What I received doesn't work at all. I've already emailed twice with no reply. Appreciate your help. (ref: TK09062),TK09062,LOW,YES
MSG02937,The item arrived broken. Thanks. Re: TK94320.,TK94320,LOW,NO
MSG02938,There's a charge I don't recognize. Re: TK99458.,TK99458,LOW,YES
MSG02939,Reference number TK12535. What I received doesn't work at all. Not time-sensitive. Thanks.,TK12535,LOW,YES
MSG02940,Could you clarify something about my plan? No rush at all. (ref: TK23192),TK23192,LOW,NO
MSG02941,Case TK10373. Your service has been down since last night. This is urgent.,TK10373,HIGH,NO
MSG02942,I was charged twice this month. Hoping to hear back this week. Thanks. Reference number TK00700.,TK00700,LOW,YES
MSG02943,Re: TK82842. What I received doesn't work at all. Not time-sensitive.,TK82842,MEDIUM,YES
MSG02944,Quick question about the mobile app. Whenever you get a chance is fine. Appreciate your help. Reference number TK99563.,TK99563,LOW,NO
MSG02945,Just wondering how the API works. Please treat this as high priority. (ref: TK13542),TK13542,MEDIUM,YES
MSG02946,My invoice doesn't match what I agreed to. I've already emailed twice with no reply. Let me know what you need from me. Case TK48172.,TK48172,LOW,YES
MSG02947,(ref: TK87536) Could you clarify something about my plan? Let me know what you need from me.,TK87536,LOW,YES
MSG02948,Reference number TK30983. It would be great if you added usage alerts. Let me know what you need from me.,TK30983,HIGH,NO
MSG02949,The delivery is way later than promised. I contacted support about this last week too. Let me know when you can. Appreciate your help. Case TK23234.,TK23234,LOW,YES
MSG02950,Re: TK08250. Have you considered dark mode? I need this resolved right away. Let me know what you need from me.,TK08250,HIGH,YES
MSG02951,The item arrived broken. This is urgent. Thanks. Re: TK30327.,TK30327,HIGH,NO
MSG02952,Reference number TK80397. Just wondering how the billing portal works. Would appreciate a response soon.,TK80397,HIGH,YES
MSG02953,Case TK57717. The item arrived broken. Appreciate your help.,TK57717,HIGH,NO
MSG02954,tracking hasn't updated in days. would appreciate a response soon. appreciate your help. reference number tk49559.,TK49559,HIGH,NO
MSG02955,(ref: TK30011) Everything is offline on my end. This is urgent. Appreciate your help.,TK30011,LOW,YES
MSG02956,(ref: TK69527) Have you considered dark mode? I contacted support about this last week too. Let me know what you need from me.,TK69527,MEDIUM,NO
MSG02957,Reference number TK03764. The item arrived broken. Thanks.,TK03764,MEDIUM,YES
MSG02958,Could you clarify something about my plan? Thanks. (ref: TK10375),TK10375,MEDIUM,NO
MSG02959,My invoice doesn't match what I agreed to. Hoping to hear back this week. Ticket #TK93936.,TK93936,HIGH,NO
MSG02960,I can't access the dashboard at all. Re: TK71474.,TK71474,HIGH,NO
MSG02961,quick question about the billing portal. thanks. (ref: tk16657),TK16657,HIGH,NO
MSG02962,The package showed up damaged. Hoping to hear back this week. Appreciate your help. Case TK62071.,TK62071,LOW,NO
MSG02963,Re: TK18568. I was charged twice this month. I contacted support about this last week too. Let me know what you need from me.,TK18568,LOW,YES
MSG02964,just wondering how the dashboard works. would appreciate a response soon. ticket #tk70064.,TK70064,LOW,YES
MSG02965,The delivery is way later than promised. Please treat this as high priority. Let me know what you need from me. Reference number TK16807.,TK16807,LOW,NO
MSG02966,My invoice doesn't match what I agreed to. Let me know what you need from me. Reference number TK57158.,TK57158,LOW,YES
MSG02967,It would be great if you added a public API. Not time-sensitive. Appreciate your help. Re: TK47197.,TK47197,LOW,NO
MSG02968,Ticket #TK28702. My order still hasn't arrived. I've already emailed twice with no reply. Would appreciate a response soon. Appreciate your help.,TK28702,LOW,YES
MSG02969,Everything is offline on my end. I need this resolved right away. Let me know what you need from me. Case TK93546.,TK93546,HIGH,YES
MSG02970,Re: TK25731. The package showed up damaged. I've already emailed twice with no reply. Whenever you get a chance is fine. Let me know what you need from me.,TK25731,HIGH,NO
MSG02971,Case TK79576. Quick question about the mobile app. Let me know what you need from me.,TK79576,LOW,NO
MSG02972,Case TK55137. There's a charge I don't recognize. Let me know what you need from me.,TK55137,LOW,NO
MSG02973,Case TK33564. Quick question about the billing portal. Thanks.,TK33564,LOW,YES
MSG02974,i can't sign in no matter what i try. this is urgent. thanks. reference number tk86486.,TK86486,LOW,YES
MSG02975,there's a charge i don't recognize. thanks. (ref: tk15847),TK15847,LOW,NO
MSG02976,Case TK20386. Have you considered a public API? Please treat this as high priority. Appreciate your help.,TK20386,HIGH,NO
MSG02977,(ref: TK38924) What I received doesn't work at all. Not time-sensitive. Let me know what you need from me.,TK38924,LOW,YES
MSG02978,The item arrived broken. This is the second time I've reached out about this. Thanks. Case TK80808.,TK80808,LOW,NO
MSG02979,(ref: TK01776) My order still hasn't arrived. Appreciate your help.,TK01776,HIGH,YES
MSG02980,(ref: TK54211) The item arrived broken. Appreciate your help.,TK54211,LOW,YES
MSG02981,(ref: tk00546) have you considered usage alerts? this is the second time i've reached out about this. this is urgent. let me know what you need from me.,TK00546,LOW,YES
MSG02982,Case TK37191. Could you clarify something about my plan? Let me know when you can. Appreciate your help.,TK37191,LOW,NO
MSG02983,Have you considered SSO login? Thanks. Reference number TK77437.,TK77437,HIGH,YES
MSG02984,Ticket #TK42443. My login keeps failing after the update. Hoping to hear back this week. Appreciate your help.,TK42443,HIGH,NO
MSG02985,The delivery is way later than promised. I've already emailed twice with no reply. Would appreciate a response soon. Ticket #TK29544.,TK29544,LOW,NO
MSG02986,(ref: TK59811) I can't access the mobile app at all. Appreciate your help.,TK59811,HIGH,NO
MSG02987,Reference number TK96259. There's a charge I don't recognize. No rush at all. Thanks.,TK96259,LOW,YES
MSG02988,It would be great if you added SSO login. Please treat this as high priority. Thanks. (ref: TK05296),TK05296,MEDIUM,YES
MSG02989,Could you clarify something about my plan? Let me know when you can. Appreciate your help. Ticket #TK21019.,TK21019,HIGH,YES
MSG02990,Case TK37510. It would be great if you added SSO login. I've already emailed twice with no reply. Whenever you get a chance is fine. Appreciate your help.,TK37510,HIGH,YES
MSG02991,I can't sign in no matter what I try. Whenever you get a chance is fine. Let me know what you need from me. (ref: TK63256),TK63256,LOW,NO
MSG02992,I can't sign in no matter what I try. Thanks. (ref: TK22889),TK22889,HIGH,NO
MSG02993,The delivery is way later than promised. I contacted support about this last week too. I need this resolved right away. Appreciate your help. Re: TK03294.,TK03294,HIGH,NO
MSG02994,(ref: TK21712) Everything is offline on my end. This is the second time I've reached out about this. Would appreciate a response soon. Appreciate your help.,TK21712,HIGH,YES
MSG02995,ticket #tk08441. it would be great if you added dark mode. no rush at all.,TK08441,HIGH,YES
MSG02996,I can't access my account at all. Appreciate your help. Re: TK69013.,TK69013,HIGH,YES
MSG02997,The delivery is way later than promised. Let me know what you need from me. Reference number TK46351.,TK46351,HIGH,NO
MSG02998,Re: TK08933. My invoice doesn't match what I agreed to. Let me know what you need from me.,TK08933,LOW,YES
MSG02999,Case TK80648. My login keeps failing after the update. Not time-sensitive.,TK80648,HIGH,NO
MSG03000,Could you clarify something about my plan? Whenever you get a chance is fine. Let me know what you need from me. (ref: TK50542),TK50542,HIGH,NO
MSG03001,Quick question about the API. This is urgent. Appreciate your help. Reference number TK96047.,TK96047,HIGH,NO
MSG03002,I can't sign in no matter what I try. Would appreciate a response soon. Appreciate your help. Re: TK24235.,TK24235,HIGH,YES
MSG03003,Reference number TK70925. I'm locked out of my account.,TK70925,HIGH,NO
MSG03004,Reference number TK30482. What I received doesn't work at all. Not time-sensitive.,TK30482,HIGH,YES
MSG03005,ticket #tk54710. tracking hasn't updated in days. i've already emailed twice with no reply. hoping to hear back this week. let me know what you need from me.,TK54710,HIGH,YES
MSG03006,Quick question about the billing portal. This is urgent. Ticket #TK22748.,TK22748,HIGH,YES
MSG03007,Re: TK28690. Have you considered a public API? No rush at all. Let me know what you need from me.,TK28690,LOW,YES
MSG03008,re: tk53263. the delivery is way later than promised.,TK53263,LOW,YES
MSG03009,Reference number TK83709. The item arrived broken. This is urgent. Let me know what you need from me.,TK83709,HIGH,YES
MSG03010,Could you clarify something about my plan? Would appreciate a response soon. Let me know what you need from me. (ref: TK73474),TK73474,LOW,YES
MSG03011,Your service has been down since about an hour ago. I contacted support about this last week too. Not time-sensitive. Let me know what you need from me. Re: TK26362.,TK26362,HIGH,YES
MSG03012,Re: TK93505. My login keeps failing after the update. Whenever you get a chance is fine.,TK93505,HIGH,YES
MSG03013,(ref: TK18084) The delivery is way later than promised. Please treat this as high priority. Let me know what you need from me.,TK18084,LOW,YES
MSG03014,i'm locked out of my account. i contacted support about this last week too. i need this resolved right away. appreciate your help. ticket #tk97399.,TK97399,HIGH,NO
MSG03015,just wondering how the mobile app works. this is the second time i've reached out about this. let me know what you need from me. case tk83365.,TK83365,LOW,YES
MSG03016,Ticket #TK88017. Any chance bulk export could be supported? This is the second time I've reached out about this.,TK88017,LOW,YES
MSG03017,i was charged twice this month. i've already emailed twice with no reply. reference number tk44122.,TK44122,HIGH,NO
MSG03018,Re: TK20100. My invoice doesn't match what I agreed to. Hoping to hear back this week. Appreciate your help.,TK20100,HIGH,NO
MSG03019,(ref: TK50213) The item arrived broken. Would appreciate a response soon. Let me know what you need from me.,TK50213,HIGH,YES
MSG03020,(ref: TK44035) What I received doesn't work at all. Appreciate your help.,TK44035,HIGH,YES
MSG03021,I can't sign in no matter what I try. Would appreciate a response soon. Reference number TK47117.,TK47117,HIGH,NO
MSG03022,Could you clarify something about my plan? Please treat this as high priority. Reference number TK22769.,TK22769,LOW,NO
MSG03023,Have you considered a public API? Thanks. Ticket #TK23566.,TK23566,LOW,NO
MSG03024,The delivery is way later than promised. I contacted support about this last week too. Please treat this as high priority. (ref: TK95893),TK95893,HIGH,YES
MSG03025,Re: TK45350. I can't sign in no matter what I try. I've already emailed twice with no reply.,TK45350,HIGH,YES
MSG03026,reference number tk13023. i can't sign in no matter what i try. i need this resolved right away.,TK13023,HIGH,NO
MSG03027,your service has been down since this morning. please treat this as high priority. case tk57132.,TK57132,HIGH,YES
MSG03028,What I received doesn't work at all. Reference number TK12804.,TK12804,LOW,NO
MSG03029,Ticket #TK54348. I'm locked out of my account. This is urgent. Thanks.,TK54348,HIGH,YES
MSG03030,I can't access the billing portal at all. Appreciate your help. Re: TK21865.,TK21865,HIGH,YES
MSG03031,I can't access my account at all. I contacted support about this last week too. Let me know what you need from me. (ref: TK56407),TK56407,HIGH,YES
MSG03032,What I received doesn't work at all. I contacted support about this last week too. Let me know what you need from me. Reference number TK76983.,TK76983,LOW,NO
MSG03033,Ticket #TK35387. Could you clarify something about my plan? Hoping to hear back this week. Appreciate your help.,TK35387,HIGH,YES
MSG03034,Case TK22985. The package showed up damaged. Not time-sensitive. Appreciate your help.,TK22985,LOW,NO
MSG03035,I was charged twice this month. Not time-sensitive. Thanks. (ref: TK39529),TK39529,LOW,NO
MSG03036,(ref: TK78220) I was charged twice this month. I need this resolved right away.,TK78220,HIGH,NO
MSG03037,Everything is offline on my end. Would appreciate a response soon. Let me know what you need from me. Case TK74403.,TK74403,HIGH,YES
MSG03038,My invoice doesn't match what I agreed to. Would appreciate a response soon. Let me know what you need from me. Ticket #TK68355.,TK68355,HIGH,YES
MSG03039,reference number tk45523. my order still hasn't arrived. let me know when you can. let me know what you need from me.,TK45523,HIGH,YES
MSG03040,Re: TK84302. My login keeps failing after the update. No rush at all. Let me know what you need from me.,TK84302,MEDIUM,YES
MSG03041,(ref: TK21037) There's a charge I don't recognize. Thanks.,TK21037,HIGH,NO
MSG03042,Reference number TK64694. The package showed up damaged. No rush at all.,TK64694,HIGH,NO
MSG03043,Could you clarify something about my plan? Let me know what you need from me. Reference number TK28527.,TK28527,LOW,YES
MSG03044,Ticket #TK64873. The item arrived broken. I need this resolved right away.,TK64873,LOW,NO
MSG03045,ticket #tk46048. any chance a public api could be supported? not time-sensitive. let me know what you need from me.,TK46048,LOW,NO
MSG03046,your service has been down since this morning. whenever you get a chance is fine. thanks. re: tk62758.,TK62758,HIGH,NO
MSG03047,Reference number TK04051. I was charged twice this month. No rush at all.,TK04051,HIGH,NO
MSG03048,Case TK01276. I can't sign in no matter what I try. Hoping to hear back this week.,TK01276,HIGH,NO
MSG03049,Ticket #TK93779. Quick question about the API. I've already emailed twice with no reply. Please treat this as high priority. Thanks.,TK93779,HIGH,NO
MSG03050,I can't access the billing portal at all. No rush at all. Let me know what you need from me. Ticket #TK54972.,TK54972,HIGH,YES
MSG03051,My order still hasn't arrived. Hoping to hear back this week. (ref: TK46083),TK46083,HIGH,YES
MSG03052,Re: TK95907. The item arrived broken. No rush at all. Appreciate your help.,TK95907,HIGH,NO
MSG03053,My invoice doesn't match what I agreed to. Let me know when you can. Thanks. Re: TK58910.,TK58910,LOW,YES
MSG03054,case tk45687. what i received doesn't work at all. no rush at all. let me know what you need from me.,TK45687,LOW,NO
MSG03055,Case TK56939. My order still hasn't arrived. Not time-sensitive. Let me know what you need from me.,TK56939,LOW,NO
MSG03056,Reference number TK70063. My order still hasn't arrived. Thanks.,TK70063,MEDIUM,YES
MSG03057,Re: TK36449. My order still hasn't arrived. Would appreciate a response soon. Let me know what you need from me.,TK36449,LOW,NO
MSG03058,The item arrived broken. Appreciate your help. Ticket #TK26237.,TK26237,LOW,YES
MSG03059,My login keeps failing after the update. No rush at all. Thanks. Ticket #TK78121.,TK78121,HIGH,YES
MSG03060,What I received doesn't work at all. Re: TK91967.,TK91967,HIGH,NO
MSG03061,Re: TK09076. I'm locked out of my account. Please treat this as high priority. Thanks.,TK09076,LOW,YES
MSG03062,the package showed up damaged. this is urgent. let me know what you need from me. case tk81263.,TK81263,LOW,YES
MSG03063,I can't access the API at all. (ref: TK61310),TK61310,LOW,YES
MSG03064,Reference number TK89362. It would be great if you added dark mode. Hoping to hear back this week. Let me know what you need from me.,TK89362,HIGH,NO
MSG03065,Ticket #TK44830. My invoice doesn't match what I agreed to. No rush at all. Thanks.,TK44830,HIGH,YES
MSG03066,(ref: TK86923) I can't sign in no matter what I try. Would appreciate a response soon. Let me know what you need from me.,TK86923,HIGH,NO
MSG03067,Case TK92673. The delivery is way later than promised. I've already emailed twice with no reply. This is urgent. Let me know what you need from me.,TK92673,HIGH,YES
MSG03068,Ticket #TK80852. Tracking hasn't updated in days. Thanks.,TK80852,HIGH,YES
MSG03069,Case TK44981. Any chance usage alerts could be supported? This is urgent.,TK44981,HIGH,NO
MSG03070,The item arrived broken. I contacted support about this last week too. Whenever you get a chance is fine. Thanks. Case TK13032.,TK13032,HIGH,YES
MSG03071,Re: TK49183. I can't sign in no matter what I try. I've already emailed twice with no reply. Let me know when you can. Thanks.,TK49183,HIGH,YES
MSG03072,(ref: TK40467) I was charged twice this month. I need this resolved right away.,TK40467,HIGH,YES
MSG03073,Re: TK99979. Any chance usage alerts could be supported? Let me know when you can. Thanks.,TK99979,LOW,NO
MSG03074,Ticket #TK05511. Could you clarify something about my plan? No rush at all. Appreciate your help.,TK05511,HIGH,NO
MSG03075,Ticket #TK74096. I can't access the API at all. Not time-sensitive.,TK74096,HIGH,YES
MSG03076,It would be great if you added SSO login. I need this resolved right away. Let me know what you need from me. Reference number TK87140.,TK87140,LOW,NO
MSG03077,The package showed up damaged. Please treat this as high priority. Let me know what you need from me. Case TK90419.,TK90419,HIGH,YES
MSG03078,Everything is offline on my end. I contacted support about this last week too. (ref: TK32930),TK32930,HIGH,NO
MSG03079,Tracking hasn't updated in days. Ticket #TK06125.,TK06125,LOW,NO
MSG03080,Reference number TK14718. The delivery is way later than promised. I've already emailed twice with no reply. Thanks.,TK14718,HIGH,NO
MSG03081,It would be great if you added dark mode. Thanks. Ticket #TK53701.,TK53701,LOW,NO
MSG03082,Ticket #TK28356. Everything is offline on my end. No rush at all.,TK28356,HIGH,NO
MSG03083,Case TK03763. Could you clarify something about my plan? Would appreciate a response soon. Appreciate your help.,TK03763,LOW,NO
MSG03084,There's a charge I don't recognize. Case TK60101.,TK60101,LOW,YES
MSG03085,Everything is offline on my end. I need this resolved right away. Let me know what you need from me. Ticket #TK85341.,TK85341,LOW,YES
MSG03086,My order still hasn't arrived. Reference number TK29467.,TK29467,LOW,NO
MSG03087,It would be great if you added a public API. Appreciate your help. Reference number TK04286.,TK04286,HIGH,NO
MSG03088,Re: TK15081. My order still hasn't arrived. I contacted support about this last week too. Let me know when you can. Thanks.,TK15081,LOW,NO
MSG03089,What I received doesn't work at all. Appreciate your help. Case TK28147.,TK28147,LOW,NO
MSG03090,case tk39578. i can't sign in no matter what i try. would appreciate a response soon. let me know what you need from me.,TK39578,MEDIUM,NO
MSG03091,Could you clarify something about my plan? Hoping to hear back this week. Let me know what you need from me. Case TK27661.,TK27661,LOW,NO
MSG03092,Ticket #TK71301. The package showed up damaged. Appreciate your help.,TK71301,LOW,YES
MSG03093,I can't sign in no matter what I try. Not time-sensitive. Thanks. Re: TK08137.,TK08137,HIGH,YES
MSG03094,What I received doesn't work at all. Whenever you get a chance is fine. Thanks. Case TK71742.,TK71742,HIGH,NO
MSG03095,Reference number TK01177. My order still hasn't arrived. Not time-sensitive. Let me know what you need from me.,TK01177,HIGH,YES
MSG03096,The item arrived broken. I need this resolved right away. Appreciate your help. Reference number TK02859.,TK02859,MEDIUM,NO
MSG03097,My invoice doesn't match what I agreed to. This is urgent. Let me know what you need from me. (ref: TK20840),TK20840,LOW,YES
MSG03098,Quick question about the dashboard. Thanks. Ticket #TK12846.,TK12846,HIGH,NO
MSG03099,Your service has been down since this morning. Let me know what you need from me. Reference number TK30952.,TK30952,HIGH,YES
MSG03100,(ref: TK77020) I can't sign in no matter what I try. Let me know what you need from me.,TK77020,LOW,YES
MSG03101,Ticket #TK66663. My order still hasn't arrived. Let me know when you can.,TK66663,HIGH,YES
MSG03102,Re: TK01092. Have you considered SSO login? Not time-sensitive.,TK01092,LOW,YES
MSG03103,Quick question about the billing portal. Appreciate your help. Case TK06682.,TK06682,HIGH,NO
MSG03104,ticket #tk29091. the package showed up damaged. no rush at all. let me know what you need from me.,TK29091,LOW,NO
MSG03105,I can't access the dashboard at all. Please treat this as high priority. Re: TK40995.,TK40995,LOW,YES
MSG03106,Everything is offline on my end. I've already emailed twice with no reply. Please treat this as high priority. (ref: TK09791),TK09791,HIGH,NO
MSG03107,Case TK87561. Tracking hasn't updated in days. I contacted support about this last week too. Let me know when you can. Let me know what you need from me.,TK87561,MEDIUM,NO
MSG03108,The item arrived broken. Thanks. Re: TK95281.,TK95281,HIGH,NO
MSG03109,Ticket #TK48551. Have you considered bulk export? Appreciate your help.,TK48551,HIGH,YES
MSG03110,Your service has been down since about an hour ago. I need this resolved right away. Appreciate your help. Re: TK16938.,TK16938,HIGH,YES
MSG03111,Reference number TK72785. Just wondering how my account works. Thanks.,TK72785,HIGH,NO
MSG03112,(ref: TK32627) My order still hasn't arrived. No rush at all. Thanks.,TK32627,LOW,YES
MSG03113,Everything is offline on my end. I need this resolved right away. Appreciate your help. (ref: TK77499),TK77499,HIGH,YES
MSG03114,My login keeps failing after the update. Reference number TK67954.,TK67954,MEDIUM,YES
MSG03115,Ticket #TK65719. The item arrived broken. I've already emailed twice with no reply. Would appreciate a response soon.,TK65719,HIGH,YES
MSG03116,Your service has been down since yesterday. Please treat this as high priority. Appreciate your help. Reference number TK02466.,TK02466,HIGH,NO
MSG03117,Just wondering how the mobile app works. Whenever you get a chance is fine. Let me know what you need from me. Re: TK81740.,TK81740,LOW,YES
MSG03118,(ref: TK53085) I can't sign in no matter what I try. Appreciate your help.,TK53085,MEDIUM,YES
MSG03119,Ticket #TK27985. My invoice doesn't match what I agreed to. This is urgent. Let me know what you need from me.,TK27985,LOW,YES
MSG03120,Ticket #TK20851. I was charged twice this month. Thanks.,TK20851,HIGH,YES
MSG03121,Ticket #TK69690. My order still hasn't arrived. Let me know when you can. Thanks.,TK69690,HIGH,NO
MSG03122,Case TK05921. My order still hasn't arrived. Whenever you get a chance is fine. Thanks.,TK05921,LOW,NO
MSG03123,Everything is offline on my end. No rush at all. Let me know what you need from me. Ticket #TK02195.,TK02195,LOW,YES
MSG03124,My invoice doesn't match what I agreed to. Appreciate your help. Reference number TK03715.,TK03715,HIGH,YES
MSG03125,Reference number TK74696. The package showed up damaged. Let me know what you need from me.,TK74696,LOW,NO
MSG03126,Quick question about the dashboard. Whenever you get a chance is fine. Let me know what you need from me. Reference number TK44108.,TK44108,HIGH,NO
MSG03127,Reference number TK86906. Just wondering how my account works. Whenever you get a chance is fine.,TK86906,LOW,YES
MSG03128,The package showed up damaged. Let me know when you can. Appreciate your help. Ticket #TK43078.,TK43078,HIGH,NO
MSG03129,Everything is offline on my end. Case TK43073.,TK43073,HIGH,NO
MSG03130,I was charged twice this month. Thanks. Ticket #TK13167.,TK13167,HIGH,NO
MSG03131,(ref: TK99249) My order still hasn't arrived. This is urgent. Appreciate your help.,TK99249,LOW,NO
MSG03132,Ticket #TK06550. I can't sign in no matter what I try. Not time-sensitive. Appreciate your help.,TK06550,MEDIUM,NO
MSG03133,Ticket #TK13662. The package showed up damaged. I need this resolved right away.,TK13662,HIGH,NO
MSG03134,Have you considered SSO login? Reference number TK09905.,TK09905,LOW,YES
MSG03135,Re: TK22474. I was charged twice this month. No rush at all. Appreciate your help.,TK22474,LOW,NO
MSG03136,(ref: TK54711) My login keeps failing after the update. No rush at all. Let me know what you need from me.,TK54711,LOW,YES
MSG03137,I'm locked out of my account. Let me know when you can. Case TK32805.,TK32805,HIGH,YES
MSG03138,I'm locked out of my account. Whenever you get a chance is fine. Thanks. Re: TK87615.,TK87615,LOW,YES
MSG03139,Could you clarify something about my plan? Ticket #TK73191.,TK73191,LOW,NO
MSG03140,The delivery is way later than promised. Let me know when you can. Appreciate your help. Reference number TK67146.,TK67146,LOW,NO
MSG03141,Ticket #TK51959. Any chance usage alerts could be supported? I contacted support about this last week too. This is urgent. Thanks.,TK51959,HIGH,YES
MSG03142,Re: TK49480. Any chance a public API could be supported? Appreciate your help.,TK49480,LOW,YES
MSG03143,ticket #tk63574. my login keeps failing after the update. thanks.,TK63574,HIGH,YES
MSG03144,Have you considered usage alerts? This is urgent. Appreciate your help. Case TK95386.,TK95386,HIGH,YES
MSG03145,Your service has been down since yesterday. Thanks. (ref: TK43017),TK43017,LOW,YES
MSG03146,just wondering how my account works. i contacted support about this last week too. this is urgent. let me know what you need from me. ticket #tk02905.,TK02905,HIGH,NO
MSG03147,Ticket #TK47366. There's a charge I don't recognize. This is the second time I've reached out about this. Whenever you get a chance is fine. Appreciate your help.,TK47366,LOW,NO
MSG03148,Ticket #TK64003. Tracking hasn't updated in days. I contacted support about this last week too.,TK64003,LOW,NO
MSG03149,(ref: TK12152) The package showed up damaged. Let me know what you need from me.,TK12152,HIGH,YES
MSG03150,reference number tk63516. i can't sign in no matter what i try. thanks.,TK63516,HIGH,NO
MSG03151,Re: TK57181. My login keeps failing after the update. This is the second time I've reached out about this. Whenever you get a chance is fine. Appreciate your help.,TK57181,HIGH,YES
MSG03152,I'm locked out of my account. Hoping to hear back this week. Appreciate your help. (ref: TK89308),TK89308,HIGH,NO
MSG03153,re: tk87674. it would be great if you added a public api. please treat this as high priority. appreciate your help.,TK87674,LOW,NO
MSG03154,Tracking hasn't updated in days. Would appreciate a response soon. Appreciate your help. (ref: TK37254),TK37254,HIGH,YES
MSG03155,Quick question about the mobile app. Not time-sensitive. Thanks. Ticket #TK52084.,TK52084,LOW,YES
MSG03156,Just wondering how my account works. Please treat this as high priority. Thanks. Re: TK01689.,TK01689,LOW,NO
MSG03157,Case TK79066. Any chance SSO login could be supported? I need this resolved right away.,TK79066,LOW,YES
MSG03158,Ticket #TK84706. Have you considered SSO login? I need this resolved right away. Thanks.,TK84706,LOW,NO
MSG03159,There's a charge I don't recognize. Appreciate your help. Ticket #TK94967.,TK94967,LOW,NO
MSG03160,Quick question about the mobile app. Would appreciate a response soon. Reference number TK08672.,TK08672,HIGH,NO
MSG03161,Case TK97286. My order still hasn't arrived. This is the second time I've reached out about this. Whenever you get a chance is fine. Appreciate your help.,TK97286,HIGH,YES
MSG03162,My login keeps failing after the update. Thanks. Ticket #TK56183.,TK56183,HIGH,YES
MSG03163,Reference number TK63394. Could you clarify something about my plan? I contacted support about this last week too. Let me know what you need from me.,TK63394,LOW,NO
MSG03164,Everything is offline on my end. I've already emailed twice with no reply. Not time-sensitive. Ticket #TK95526.,TK95526,HIGH,YES
MSG03165,It would be great if you added usage alerts. Whenever you get a chance is fine. Appreciate your help. Ticket #TK92038.,TK92038,LOW,YES
MSG03166,(ref: TK35224) The item arrived broken. Would appreciate a response soon. Appreciate your help.,TK35224,LOW,NO
MSG03167,I can't access the mobile app at all. This is the second time I've reached out about this. No rush at all. Appreciate your help. Re: TK85832.,TK85832,HIGH,NO
MSG03168,(ref: TK91578) Any chance a public API could be supported? Thanks.,TK91578,HIGH,NO
MSG03169,The delivery is way later than promised. Not time-sensitive. (ref: TK36622),TK36622,LOW,NO
MSG03170,Quick question about the API. I contacted support about this last week too. Would appreciate a response soon. Let me know what you need from me. Ticket #TK04841.,TK04841,LOW,YES
MSG03171,have you considered usage alerts? please treat this as high priority. let me know what you need from me. reference number tk26109.,TK26109,HIGH,YES
MSG03172,The delivery is way later than promised. Would appreciate a response soon. Appreciate your help. Case TK29086.,TK29086,HIGH,YES
MSG03173,Case TK75881. What I received doesn't work at all. Not time-sensitive. Thanks.,TK75881,LOW,NO
MSG03174,reference number tk66542. my order still hasn't arrived. this is urgent. thanks.,TK66542,HIGH,NO
MSG03175,What I received doesn't work at all. I contacted support about this last week too. Please treat this as high priority. Let me know what you need from me. (ref: TK75090),TK75090,HIGH,NO
MSG03176,I can't sign in no matter what I try. Let me know what you need from me. Ticket #TK15752.,TK15752,HIGH,NO
MSG03177,(ref: TK96582) My order still hasn't arrived. Thanks.,TK96582,HIGH,YES
MSG03178,The delivery is way later than promised. Appreciate your help. Re: TK98266.,TK98266,HIGH,NO
MSG03179,Case TK59817. It would be great if you added dark mode. Whenever you get a chance is fine. Let me know what you need from me.,TK59817,HIGH,NO
MSG03180,Case TK36749. What I received doesn't work at all. Please treat this as high priority. Let me know what you need from me.,TK36749,HIGH,NO
MSG03181,Could you clarify something about my plan? (ref: TK47934),TK47934,LOW,NO
MSG03182,Case TK80867. My order still hasn't arrived. No rush at all. Appreciate your help.,TK80867,LOW,YES
MSG03183,The delivery is way later than promised. This is urgent. Thanks. Re: TK22773.,TK22773,LOW,YES
MSG03184,What I received doesn't work at all. Appreciate your help. Re: TK45527.,TK45527,HIGH,YES
MSG03185,The item arrived broken. Would appreciate a response soon. Ticket #TK82000.,TK82000,HIGH,YES
MSG03186,Quick question about the mobile app. This is the second time I've reached out about this. This is urgent. Thanks. Reference number TK06134.,TK06134,LOW,YES
MSG03187,Re: TK47281. What I received doesn't work at all. I contacted support about this last week too. Would appreciate a response soon. Thanks.,TK47281,HIGH,NO
MSG03188,Reference number TK66816. Quick question about the billing portal. Appreciate your help.,TK66816,LOW,NO
MSG03189,Reference number TK80674. Any chance bulk export could be supported? Appreciate your help.,TK80674,HIGH,YES
MSG03190,ticket #tk29990. my order still hasn't arrived. appreciate your help.,TK29990,HIGH,NO
MSG03191,Re: TK38756. I can't access the billing portal at all. This is the second time I've reached out about this. Hoping to hear back this week. Let me know what you need from me.,TK38756,HIGH,YES
MSG03192,Reference number TK83858. What I received doesn't work at all. Whenever you get a chance is fine.,TK83858,HIGH,NO
MSG03193,Have you considered SSO login? Appreciate your help. Reference number TK85765.,TK85765,LOW,YES
MSG03194,Your service has been down since yesterday. This is the second time I've reached out about this. This is urgent. Appreciate your help. Ticket #TK78432.,TK78432,HIGH,YES
MSG03195,(ref: tk54369) your service has been down since last night. thanks.,TK54369,HIGH,YES
MSG03196,(ref: TK63781) My invoice doesn't match what I agreed to. Please treat this as high priority. Appreciate your help.,TK63781,HIGH,YES
MSG03197,I'm locked out of my account. I contacted support about this last week too. Re: TK94719.,TK94719,HIGH,YES
MSG03198,Reference number TK01164. Any chance bulk export could be supported? Let me know what you need from me.,TK01164,HIGH,NO
MSG03199,Case TK11188. Everything is offline on my end.,TK11188,MEDIUM,NO
MSG03200,I was charged twice this month. Please treat this as high priority. (ref: TK03215),TK03215,LOW,YES
MSG03201,I'm locked out of my account. Let me know what you need from me. Ticket #TK64303.,TK64303,MEDIUM,YES
MSG03202,The package showed up damaged. Not time-sensitive. Ticket #TK86037.,TK86037,LOW,YES
MSG03203,Re: TK08722. Have you considered a public API? I've already emailed twice with no reply. Hoping to hear back this week. Let me know what you need from me.,TK08722,HIGH,YES
MSG03204,Have you considered usage alerts? I contacted support about this last week too. Appreciate your help. Re: TK86606.,TK86606,LOW,NO
MSG03205,My order still hasn't arrived. Hoping to hear back this week. Let me know what you need from me. Reference number TK09212.,TK09212,HIGH,YES
MSG03206,Case TK80821. Quick question about the API.,TK80821,LOW,NO
MSG03207,Case TK47111. My order still hasn't arrived. Thanks.,TK47111,LOW,NO
MSG03208,I can't sign in no matter what I try. Case TK63669.,TK63669,HIGH,YES
MSG03209,The item arrived broken. Whenever you get a chance is fine. Thanks. Case TK68344.,TK68344,HIGH,NO
MSG03210,My invoice doesn't match what I agreed to. Not time-sensitive. Thanks. Ticket #TK20641.,TK20641,LOW,NO
MSG03211,The delivery is way later than promised. Please treat this as high priority. Thanks. Ticket #TK81903.,TK81903,HIGH,NO
MSG03212,The delivery is way later than promised. This is urgent. Thanks. Re: TK87360.,TK87360,HIGH,YES
MSG03213,Ticket #TK71165. Could you clarify something about my plan? Let me know what you need from me.,TK71165,LOW,YES
MSG03214,case tk24546. the delivery is way later than promised. not time-sensitive.,TK24546,HIGH,YES
MSG03215,Reference number TK83991. My order still hasn't arrived. I contacted support about this last week too. Would appreciate a response soon. Appreciate your help.,TK83991,HIGH,NO
MSG03216,(ref: TK95442) What I received doesn't work at all. This is the second time I've reached out about this. Thanks.,TK95442,HIGH,YES
MSG03217,Ticket #TK52934. Everything is offline on my end. Not time-sensitive. Appreciate your help.,TK52934,LOW,NO
MSG03218,There's a charge I don't recognize. This is the second time I've reached out about this. Let me know when you can. Appreciate your help. Re: TK23313.,TK23313,LOW,YES
MSG03219,I was charged twice this month. Let me know when you can. Appreciate your help. Re: TK47480.,TK47480,LOW,NO
MSG03220,Could you clarify something about my plan? Let me know what you need from me. (ref: TK35606),TK35606,LOW,NO
MSG03221,I was charged twice this month. Appreciate your help. Re: TK92838.,TK92838,HIGH,NO
MSG03222,Everything is offline on my end. Let me know when you can. Thanks. Ticket #TK04799.,TK04799,HIGH,YES
MSG03223,Just wondering how the mobile app works. Appreciate your help. Re: TK37837.,TK37837,HIGH,YES
MSG03224,Ticket #TK41297. Have you considered dark mode? Whenever you get a chance is fine. Thanks.,TK41297,LOW,YES
MSG03225,Re: TK01570. I can't sign in no matter what I try. Would appreciate a response soon. Let me know what you need from me.,TK01570,LOW,YES
MSG03226,I was charged twice this month. Not time-sensitive. Ticket #TK03381.,TK03381,LOW,YES
MSG03227,Any chance SSO login could be supported? No rush at all. Re: TK43448.,TK43448,LOW,NO
MSG03228,Reference number TK06105. Everything is offline on my end.,TK06105,HIGH,NO
MSG03229,There's a charge I don't recognize. I need this resolved right away. Let me know what you need from me. Case TK14268.,TK14268,HIGH,YES
MSG03230,I was charged twice this month. No rush at all. Thanks. Ticket #TK56765.,TK56765,LOW,NO
MSG03231,quick question about the billing portal. thanks. (ref: tk84088),TK84088,HIGH,NO
MSG03232,Reference number TK86488. I can't sign in no matter what I try. Whenever you get a chance is fine. Thanks.,TK86488,HIGH,YES
MSG03233,reference number tk16940. it would be great if you added dark mode. this is urgent. let me know what you need from me.,TK16940,LOW,NO
MSG03234,Case TK52748. Any chance usage alerts could be supported? Not time-sensitive. Thanks.,TK52748,LOW,YES
MSG03235,Case TK40296. My order still hasn't arrived. I need this resolved right away. Thanks.,TK40296,HIGH,YES
MSG03236,Quick question about the mobile app. Hoping to hear back this week. Let me know what you need from me. Case TK70334.,TK70334,HIGH,NO
MSG03237,The item arrived broken. (ref: TK78829),TK78829,LOW,YES
MSG03238,Re: TK37692. My order still hasn't arrived. This is urgent.,TK37692,HIGH,NO
MSG03239,Have you considered bulk export? Let me know what you need from me. Re: TK16153.,TK16153,HIGH,YES
MSG03240,There's a charge I don't recognize. This is the second time I've reached out about this. Hoping to hear back this week. Let me know what you need from me. Re: TK53499.,TK53499,HIGH,YES
MSG03241,Just wondering how the billing portal works. No rush at all. Appreciate your help. Case TK94192.,TK94192,MEDIUM,NO
MSG03242,My invoice doesn't match what I agreed to. This is urgent. Appreciate your help. Ticket #TK77593.,TK77593,HIGH,YES
MSG03243,Re: TK95776. My invoice doesn't match what I agreed to. Would appreciate a response soon. Let me know what you need from me.,TK95776,LOW,YES
MSG03244,I can't access the API at all. Hoping to hear back this week. Appreciate your help. Ticket #TK86414.,TK86414,LOW,NO
MSG03245,My order still hasn't arrived. Hoping to hear back this week. Appreciate your help. Re: TK19111.,TK19111,HIGH,YES
MSG03246,Just wondering how the dashboard works. Not time-sensitive. Re: TK21284.,TK21284,HIGH,NO
MSG03247,Ticket #TK11546. Everything is offline on my end. I've already emailed twice with no reply. Would appreciate a response soon. Appreciate your help.,TK11546,LOW,YES
MSG03248,Ticket #TK57570. The delivery is way later than promised.,TK57570,HIGH,YES
MSG03249,My login keeps failing after the update. Reference number TK35477.,TK35477,LOW,NO
MSG03250,There's a charge I don't recognize. Appreciate your help. Ticket #TK42523.,TK42523,HIGH,YES
MSG03251,Ticket #TK02624. Quick question about the dashboard. Let me know what you need from me.,TK02624,LOW,NO
MSG03252,My order still hasn't arrived. I contacted support about this last week too. Please treat this as high priority. Appreciate your help. Reference number TK64112.,TK64112,HIGH,YES
MSG03253,Re: TK03135. There's a charge I don't recognize. Let me know what you need from me.,TK03135,HIGH,NO
MSG03254,I'm locked out of my account. This is the second time I've reached out about this. Please treat this as high priority. Thanks. Reference number TK57056.,TK57056,HIGH,NO
MSG03255,Reference number TK41756. I was charged twice this month.,TK41756,LOW,YES
MSG03256,My login keeps failing after the update. Hoping to hear back this week. Thanks. (ref: TK27344),TK27344,MEDIUM,NO
MSG03257,I can't access the API at all. Whenever you get a chance is fine. Reference number TK86743.,TK86743,HIGH,YES
MSG03258,Case TK14840. Your service has been down since yesterday. No rush at all. Let me know what you need from me.,TK14840,HIGH,NO
MSG03259,Reference number TK23123. Have you considered SSO login?,TK23123,HIGH,YES
MSG03260,re: tk92160. i can't sign in no matter what i try. thanks.,TK92160,HIGH,NO
MSG03261,(ref: TK76818) What I received doesn't work at all. Hoping to hear back this week.,TK76818,HIGH,NO
MSG03262,Tracking hasn't updated in days. Not time-sensitive. Thanks. Case TK60176.,TK60176,MEDIUM,NO
MSG03263,Case TK48362. Just wondering how the mobile app works. This is urgent. Appreciate your help.,TK48362,MEDIUM,YES
MSG03264,Re: TK01913. The item arrived broken. Not time-sensitive. Appreciate your help.,TK01913,LOW,NO
MSG03265,Re: TK60960. What I received doesn't work at all. Not time-sensitive. Appreciate your help.,TK60960,LOW,NO
MSG03266,Case TK67695. Tracking hasn't updated in days.,TK67695,LOW,NO
MSG03267,any chance sso login could be supported? i've already emailed twice with no reply. i need this resolved right away. appreciate your help. case tk18957.,TK18957,MEDIUM,YES
MSG03268,my login keeps failing after the update. let me know what you need from me. reference number tk60634.,TK60634,HIGH,YES
MSG03269,i can't sign in no matter what i try. would appreciate a response soon. appreciate your help. re: tk84233.,TK84233,LOW,NO
MSG03270,What I received doesn't work at all. Reference number TK48635.,TK48635,MEDIUM,YES
MSG03271,Reference number TK07864. There's a charge I don't recognize. This is urgent. Thanks.,TK07864,HIGH,NO
MSG03272,(ref: TK48849) There's a charge I don't recognize. Thanks.,TK48849,HIGH,NO
MSG03273,Ticket #TK36276. There's a charge I don't recognize. Whenever you get a chance is fine. Let me know what you need from me.,TK36276,MEDIUM,YES
MSG03274,Case TK54581. It would be great if you added dark mode. Let me know what you need from me.,TK54581,MEDIUM,YES
MSG03275,reference number tk59259. i was charged twice this month. let me know what you need from me.,TK59259,HIGH,NO
MSG03276,Reference number TK68724. It would be great if you added bulk export. I contacted support about this last week too. Let me know what you need from me.,TK68724,MEDIUM,YES
MSG03277,Re: TK72011. I'm locked out of my account. I need this resolved right away. Appreciate your help.,TK72011,HIGH,YES
MSG03278,My invoice doesn't match what I agreed to. I contacted support about this last week too. I need this resolved right away. Thanks. Re: TK69004.,TK69004,HIGH,NO
MSG03279,Tracking hasn't updated in days. Would appreciate a response soon. Let me know what you need from me. Case TK46830.,TK46830,HIGH,NO
MSG03280,i'm locked out of my account. hoping to hear back this week. let me know what you need from me. ticket #tk21335.,TK21335,LOW,YES
MSG03281,My login keeps failing after the update. This is urgent. Appreciate your help. Reference number TK46816.,TK46816,MEDIUM,YES
MSG03282,My login keeps failing after the update. I need this resolved right away. Let me know what you need from me. (ref: TK97140),TK97140,HIGH,YES
MSG03283,reference number tk03948. everything is offline on my end. i contacted support about this last week too. no rush at all.,TK03948,HIGH,YES
MSG03284,(ref: tk35325) my order still hasn't arrived. i contacted support about this last week too. let me know what you need from me.,TK35325,LOW,YES
MSG03285,Just wondering how the dashboard works. Would appreciate a response soon. Let me know what you need from me. (ref: TK58736),TK58736,HIGH,YES
MSG03286,I was charged twice this month. Please treat this as high priority. Let me know what you need from me. (ref: TK47265),TK47265,HIGH,YES
MSG03287,Any chance a public API could be supported? No rush at all. Appreciate your help. (ref: TK26436),TK26436,LOW,NO
MSG03288,any chance dark mode could be supported? thanks. case tk58522.,TK58522,LOW,NO
MSG03289,reference number tk54324. my login keeps failing after the update. i contacted support about this last week too.,TK54324,HIGH,YES
MSG03290,Reference number TK07021. Could you clarify something about my plan? Whenever you get a chance is fine. Appreciate your help.,TK07021,HIGH,YES
MSG03291,My invoice doesn't match what I agreed to. I contacted support about this last week too. Appreciate your help. (ref: TK47186),TK47186,HIGH,YES
MSG03292,Re: TK01104. Quick question about the billing portal. I've already emailed twice with no reply. Would appreciate a response soon. Appreciate your help.,TK01104,LOW,NO
MSG03293,(ref: TK06788) Your service has been down since last night.,TK06788,LOW,NO
MSG03294,the package showed up damaged. whenever you get a chance is fine. (ref: tk21881),TK21881,HIGH,YES
MSG03295,Ticket #TK61070. The delivery is way later than promised. I need this resolved right away. Thanks.,TK61070,HIGH,YES
MSG03296,The delivery is way later than promised. (ref: TK66550),TK66550,HIGH,NO
MSG03297,Reference number TK84199. Could you clarify something about my plan?,TK84199,LOW,YES
MSG03298,There's a charge I don't recognize. No rush at all. Thanks. (ref: TK64385),TK64385,LOW,YES
MSG03299,Ticket #TK08829. Just wondering how the billing portal works. Thanks.,TK08829,HIGH,YES
MSG03300,My order still hasn't arrived. Whenever you get a chance is fine. Re: TK55585.,TK55585,HIGH,NO
MSG03301,Re: TK14680. Quick question about the billing portal. Hoping to hear back this week. Appreciate your help.,TK14680,LOW,NO
MSG03302,Ticket #TK37868. Any chance dark mode could be supported? Not time-sensitive.,TK37868,HIGH,YES
MSG03303,quick question about the api. i contacted support about this last week too. would appreciate a response soon. let me know what you need from me. ticket #tk04553.,TK04553,MEDIUM,NO
MSG03304,Reference number TK29692. Any chance a public API could be supported? This is urgent. Thanks.,TK29692,HIGH,YES
MSG03305,I'm locked out of my account. Hoping to hear back this week. Case TK11394.,TK11394,HIGH,YES
MSG03306,Reference number TK70609. Could you clarify something about my plan? This is urgent. Thanks.,TK70609,MEDIUM,NO
MSG03307,What I received doesn't work at all. I've already emailed twice with no reply. Not time-sensitive. Thanks. (ref: TK36124),TK36124,HIGH,NO
MSG03308,There's a charge I don't recognize. Thanks. Case TK31986.,TK31986,HIGH,NO
MSG03309,Re: TK53699. The delivery is way later than promised. Whenever you get a chance is fine.,TK53699,HIGH,NO
MSG03310,Ticket #TK13642. Your service has been down since about an hour ago. Let me know when you can. Let me know what you need from me.,TK13642,HIGH,YES
MSG03311,The delivery is way later than promised. This is urgent. Thanks. Case TK92376.,TK92376,LOW,YES
MSG03312,i can't sign in no matter what i try. i need this resolved right away. appreciate your help. case tk76367.,TK76367,HIGH,YES
MSG03313,Reference number TK42499. The delivery is way later than promised. Hoping to hear back this week. Thanks.,TK42499,LOW,YES
MSG03314,My order still hasn't arrived. Ticket #TK37983.,TK37983,HIGH,YES
MSG03315,Reference number TK59144. Everything is offline on my end. No rush at all.,TK59144,LOW,NO
MSG03316,(ref: TK18580) I'm locked out of my account. No rush at all. Appreciate your help.,TK18580,LOW,NO
MSG03317,What I received doesn't work at all. I contacted support about this last week too. Whenever you get a chance is fine. Reference number TK44910.,TK44910,HIGH,YES
MSG03318,Quick question about my account. I contacted support about this last week too. Let me know what you need from me. (ref: TK59162),TK59162,MEDIUM,NO
MSG03319,My order still hasn't arrived. No rush at all. Re: TK03206.,TK03206,HIGH,NO
MSG03320,The delivery is way later than promised. I contacted support about this last week too. Hoping to hear back this week. Let me know what you need from me. Ticket #TK79357.,TK79357,HIGH,YES
MSG03321,Re: TK50185. My order still hasn't arrived. Let me know when you can. Let me know what you need from me.,TK50185,MEDIUM,YES
MSG03322,quick question about the dashboard. i need this resolved right away. thanks. re: tk89261.,TK89261,LOW,YES
MSG03323,Case TK72026. Could you clarify something about my plan? Whenever you get a chance is fine. Let me know what you need from me.,TK72026,HIGH,NO
MSG03324,Have you considered bulk export? Thanks. Re: TK89250.,TK89250,LOW,NO
MSG03325,What I received doesn't work at all. Appreciate your help. Reference number TK22832.,TK22832,LOW,YES
MSG03326,The delivery is way later than promised. Let me know what you need from me. Ticket #TK11143.,TK11143,MEDIUM,NO
MSG03327,My login keeps failing after the update. I need this resolved right away. Appreciate your help. Ticket #TK28677.,TK28677,LOW,NO
MSG03328,Ticket #TK49874. Just wondering how the mobile app works. Appreciate your help.,TK49874,LOW,NO
MSG03329,Ticket #TK96518. The delivery is way later than promised. Let me know when you can. Let me know what you need from me.,TK96518,HIGH,YES
MSG03330,Tracking hasn't updated in days. Thanks. Re: TK25296.,TK25296,HIGH,NO
MSG03331,Quick question about the API. This is the second time I've reached out about this. No rush at all. Appreciate your help. Re: TK23344.,TK23344,LOW,NO
MSG03332,My invoice doesn't match what I agreed to. Would appreciate a response soon. Thanks. Re: TK84170.,TK84170,LOW,NO
MSG03333,Case TK68982. Your service has been down since this morning. I've already emailed twice with no reply. Not time-sensitive. Thanks.,TK68982,LOW,NO
MSG03334,Case TK82249. The package showed up damaged. Let me know when you can.,TK82249,LOW,NO
MSG03335,quick question about my account. let me know what you need from me. reference number tk36381.,TK36381,LOW,NO
MSG03336,I can't sign in no matter what I try. I contacted support about this last week too. (ref: TK28143),TK28143,HIGH,NO
MSG03337,Case TK25518. I was charged twice this month. I contacted support about this last week too. Thanks.,TK25518,LOW,NO
MSG03338,I can't access the API at all. This is the second time I've reached out about this. This is urgent. Appreciate your help. Case TK05441.,TK05441,HIGH,YES
MSG03339,the delivery is way later than promised. ticket #tk11015.,TK11015,LOW,YES
MSG03340,(ref: TK48705) The package showed up damaged. Hoping to hear back this week. Thanks.,TK48705,HIGH,YES
MSG03341,(ref: TK43353) It would be great if you added SSO login. Appreciate your help.,TK43353,MEDIUM,NO
MSG03342,My login keeps failing after the update. Let me know when you can. Appreciate your help. Reference number TK66151.,TK66151,HIGH,YES
MSG03343,Ticket #TK31866. My login keeps failing after the update. I need this resolved right away. Thanks.,TK31866,LOW,YES
MSG03344,re: tk04808. my invoice doesn't match what i agreed to. let me know what you need from me.,TK04808,LOW,YES
MSG03345,The package showed up damaged. Let me know when you can. Appreciate your help. Reference number TK09092.,TK09092,LOW,NO
MSG03346,re: tk48165. have you considered dark mode? not time-sensitive. let me know what you need from me.,TK48165,LOW,NO
MSG03347,(ref: TK16636) The item arrived broken. No rush at all. Let me know what you need from me.,TK16636,LOW,NO
MSG03348,There's a charge I don't recognize. I need this resolved right away. Appreciate your help. Re: TK41946.,TK41946,HIGH,YES
MSG03349,i can't sign in no matter what i try. appreciate your help. ticket #tk63446.,TK63446,HIGH,NO
MSG03350,Any chance SSO login could be supported? Please treat this as high priority. Appreciate your help. Re: TK03549.,TK03549,LOW,NO
MSG03351,Ticket #TK73565. I'm locked out of my account.,TK73565,LOW,YES
MSG03352,Re: TK02573. Just wondering how the mobile app works. I've already emailed twice with no reply.,TK02573,HIGH,YES
MSG03353,Case TK29161. The delivery is way later than promised. No rush at all. Let me know what you need from me.,TK29161,HIGH,YES
MSG03354,The delivery is way later than promised. I've already emailed twice with no reply. Would appreciate a response soon. Appreciate your help. Ticket #TK22775.,TK22775,HIGH,YES
MSG03355,reference number tk32170. the item arrived broken. appreciate your help.,TK32170,LOW,NO
MSG03356,Re: TK79302. It would be great if you added SSO login. Thanks.,TK79302,LOW,NO
MSG03357,ticket #tk46078. my invoice doesn't match what i agreed to. i contacted support about this last week too. no rush at all. appreciate your help.,TK46078,HIGH,NO
MSG03358,Re: TK31472. There's a charge I don't recognize. I've already emailed twice with no reply. Not time-sensitive. Let me know what you need from me.,TK31472,HIGH,YES
MSG03359,The item arrived broken. Appreciate your help. Case TK63833.,TK63833,HIGH,YES
MSG03360,Re: TK23577. Tracking hasn't updated in days. Let me know what you need from me.,TK23577,HIGH,NO
MSG03361,Everything is offline on my end. No rush at all. Appreciate your help. Reference number TK87872.,TK87872,LOW,YES
MSG03362,(ref: TK52363) My order still hasn't arrived. This is the second time I've reached out about this. Not time-sensitive. Thanks.,TK52363,LOW,NO
MSG03363,My login keeps failing after the update. I need this resolved right away. Thanks. Case TK70249.,TK70249,HIGH,YES
MSG03364,(ref: TK45827) The item arrived broken. Thanks.,TK45827,LOW,YES
MSG03365,(ref: TK06595) Have you considered bulk export? Appreciate your help.,TK06595,LOW,YES
MSG03366,Case TK28345. My invoice doesn't match what I agreed to. Let me know when you can. Appreciate your help.,TK28345,MEDIUM,NO
MSG03367,Reference number TK09335. I can't access the API at all. Whenever you get a chance is fine. Appreciate your help.,TK09335,HIGH,YES
MSG03368,Case TK38226. Everything is offline on my end. Whenever you get a chance is fine. Let me know what you need from me.,TK38226,HIGH,YES
MSG03369,Quick question about the billing portal. Thanks. Reference number TK12985.,TK12985,MEDIUM,NO
MSG03370,Ticket #TK75053. The package showed up damaged. Thanks.,TK75053,LOW,YES
MSG03371,The delivery is way later than promised. Would appreciate a response soon. Ticket #TK15439.,TK15439,HIGH,NO
MSG03372,My order still hasn't arrived. Not time-sensitive. Thanks. Re: TK91786.,TK91786,LOW,NO
MSG03373,Ticket #TK59677. What I received doesn't work at all. Let me know when you can. Let me know what you need from me.,TK59677,HIGH,NO
MSG03374,Ticket #TK43117. The item arrived broken. This is urgent. Let me know what you need from me.,TK43117,HIGH,YES
MSG03375,Ticket #TK20911. Everything is offline on my end. Let me know when you can. Appreciate your help.,TK20911,LOW,NO
MSG03376,(ref: tk49445) have you considered bulk export? please treat this as high priority. appreciate your help.,TK49445,LOW,YES
MSG03377,Re: TK68111. I'm locked out of my account. Let me know what you need from me.,TK68111,MEDIUM,YES
MSG03378,Re: TK93933. I'm locked out of my account. Thanks.,TK93933,LOW,YES
MSG03379,The delivery is way later than promised. This is urgent. Appreciate your help. Case TK86040.,TK86040,HIGH,YES
MSG03380,Case TK45201. What I received doesn't work at all. I've already emailed twice with no reply. This is urgent. Appreciate your help.,TK45201,HIGH,NO
MSG03381,Ticket #TK15715. My order still hasn't arrived. Thanks.,TK15715,HIGH,YES
MSG03382,(ref: TK90330) Have you considered usage alerts? No rush at all.,TK90330,LOW,YES
MSG03383,It would be great if you added SSO login. I contacted support about this last week too. Hoping to hear back this week. Thanks. Case TK99844.,TK99844,MEDIUM,YES
MSG03384,Any chance bulk export could be supported? Let me know what you need from me. Re: TK68645.,TK68645,LOW,NO
MSG03385,my order still hasn't arrived. whenever you get a chance is fine. let me know what you need from me. re: tk74094.,TK74094,HIGH,NO
MSG03386,Everything is offline on my end. Case TK03681.,TK03681,HIGH,YES
MSG03387,I can't sign in no matter what I try. Would appreciate a response soon. Let me know what you need from me. (ref: TK21517),TK21517,LOW,YES
MSG03388,Have you considered a public API? Whenever you get a chance is fine. Case TK97074.,TK97074,LOW,YES
MSG03389,(ref: tk95982) quick question about the dashboard. please treat this as high priority. appreciate your help.,TK95982,LOW,YES
MSG03390,Ticket #TK67900. Have you considered usage alerts? Hoping to hear back this week. Thanks.,TK67900,HIGH,YES
MSG03391,Re: TK26280. I'm locked out of my account. No rush at all.,TK26280,HIGH,NO
MSG03392,(ref: TK63788) My invoice doesn't match what I agreed to. Let me know what you need from me.,TK63788,LOW,NO
MSG03393,Case TK98144. Tracking hasn't updated in days. I need this resolved right away. Let me know what you need from me.,TK98144,LOW,YES
MSG03394,(ref: TK69630) Any chance usage alerts could be supported? This is the second time I've reached out about this. Please treat this as high priority. Appreciate your help.,TK69630,HIGH,YES
MSG03395,Reference number TK49329. Your service has been down since last night. This is urgent. Thanks.,TK49329,LOW,NO
MSG03396,Ticket #TK65995. What I received doesn't work at all. No rush at all. Thanks.,TK65995,LOW,NO
MSG03397,my login keeps failing after the update. no rush at all. case tk84143.,TK84143,HIGH,YES
MSG03398,Case TK46984. The package showed up damaged. Not time-sensitive. Let me know what you need from me.,TK46984,HIGH,NO
MSG03399,(ref: TK94105) I'm locked out of my account. Would appreciate a response soon.,TK94105,LOW,YES
MSG03400,Re: TK64202. It would be great if you added bulk export. I contacted support about this last week too. I need this resolved right away. Let me know what you need from me.,TK64202,HIGH,YES
MSG03401,(ref: TK35309) What I received doesn't work at all.,TK35309,HIGH,YES
MSG03402,Everything is offline on my end. Hoping to hear back this week. Appreciate your help. Re: TK96777.,TK96777,LOW,YES
MSG03403,reference number tk65724. your service has been down since last night. i contacted support about this last week too.,TK65724,LOW,YES
MSG03404,(ref: TK99292) Everything is offline on my end. This is urgent. Appreciate your help.,TK99292,LOW,YES
MSG03405,(ref: TK86386) I'm locked out of my account. I've already emailed twice with no reply. Hoping to hear back this week. Appreciate your help.,TK86386,LOW,YES
MSG03406,The item arrived broken. I need this resolved right away. Reference number TK15557.,TK15557,MEDIUM,NO
MSG03407,It would be great if you added SSO login. Would appreciate a response soon. Ticket #TK56470.,TK56470,LOW,YES
MSG03408,Tracking hasn't updated in days. Appreciate your help. Re: TK35559.,TK35559,LOW,NO
MSG03409,There's a charge I don't recognize. This is the second time I've reached out about this. Please treat this as high priority. Case TK80568.,TK80568,MEDIUM,YES
MSG03410,I'm locked out of my account. Appreciate your help. Reference number TK75776.,TK75776,MEDIUM,NO
MSG03411,My login keeps failing after the update. Hoping to hear back this week. Thanks. Reference number TK70164.,TK70164,HIGH,NO
MSG03412,Tracking hasn't updated in days. Hoping to hear back this week. Reference number TK38000.,TK38000,MEDIUM,NO
MSG03413,(ref: TK94108) Have you considered bulk export? I need this resolved right away. Let me know what you need from me.,TK94108,HIGH,YES
MSG03414,I was charged twice this month. Would appreciate a response soon. Re: TK11243.,TK11243,HIGH,YES
MSG03415,It would be great if you added bulk export. Ticket #TK82965.,TK82965,LOW,NO
MSG03416,Ticket #TK59627. My order still hasn't arrived. This is the second time I've reached out about this. Not time-sensitive.,TK59627,HIGH,NO
MSG03417,The package showed up damaged. Whenever you get a chance is fine. Appreciate your help. Ticket #TK83201.,TK83201,HIGH,YES
MSG03418,your service has been down since last night. appreciate your help. case tk55476.,TK55476,HIGH,NO
MSG03419,I'm locked out of my account. Appreciate your help. (ref: TK26106),TK26106,LOW,NO
MSG03420,Reference number TK39334. My invoice doesn't match what I agreed to. Thanks.,TK39334,HIGH,YES
MSG03421,(ref: TK85514) Your service has been down since about an hour ago. Please treat this as high priority.,TK85514,LOW,YES
MSG03422,it would be great if you added usage alerts. whenever you get a chance is fine. let me know what you need from me. reference number tk55794.,TK55794,HIGH,NO
MSG03423,Ticket #TK04728. Any chance a public API could be supported?,TK04728,LOW,YES
MSG03424,Have you considered bulk export? I contacted support about this last week too. I need this resolved right away. Thanks. Case TK51661.,TK51661,HIGH,YES
MSG03425,I'm locked out of my account. No rush at all. Appreciate your help. (ref: TK06657),TK06657,LOW,YES
MSG03426,Quick question about the mobile app. Hoping to hear back this week. Thanks. Re: TK56704.,TK56704,LOW,NO
MSG03427,everything is offline on my end. no rush at all. let me know what you need from me. reference number tk87181.,TK87181,HIGH,NO
MSG03428,The delivery is way later than promised. Case TK50028.,TK50028,HIGH,NO
MSG03429,My login keeps failing after the update. Would appreciate a response soon. Thanks. Case TK97440.,TK97440,HIGH,NO
MSG03430,I'm locked out of my account. Whenever you get a chance is fine. Let me know what you need from me. Ticket #TK04548.,TK04548,MEDIUM,YES
MSG03431,Any chance usage alerts could be supported? Let me know when you can. Reference number TK02857.,TK02857,LOW,NO
MSG03432,Quick question about the API. Please treat this as high priority. Let me know what you need from me. Re: TK19404.,TK19404,HIGH,NO
MSG03433,Ticket #TK58165. Could you clarify something about my plan? Thanks.,TK58165,LOW,NO
MSG03434,(ref: TK28721) The package showed up damaged. I've already emailed twice with no reply. Whenever you get a chance is fine. Thanks.,TK28721,LOW,YES
MSG03435,Case TK82700. It would be great if you added dark mode. I contacted support about this last week too. Appreciate your help.,TK82700,LOW,NO
MSG03436,My login keeps failing after the update. Case TK54819.,TK54819,LOW,YES
MSG03437,Re: TK96746. Just wondering how the API works. Whenever you get a chance is fine.,TK96746,LOW,NO
MSG03438,Ticket #TK97921. What I received doesn't work at all. I contacted support about this last week too. Let me know what you need from me.,TK97921,HIGH,NO
MSG03439,Ticket #TK94929. Everything is offline on my end. Let me know when you can. Let me know what you need from me.,TK94929,HIGH,YES
MSG03440,(ref: TK23883) The item arrived broken. Please treat this as high priority. Let me know what you need from me.,TK23883,HIGH,YES
MSG03441,My login keeps failing after the update. I need this resolved right away. Let me know what you need from me. Case TK92227.,TK92227,HIGH,YES
MSG03442,Quick question about the billing portal. Thanks. Reference number TK52919.,TK52919,HIGH,YES
MSG03443,(ref: tk19271) i can't access the mobile app at all. thanks.,TK19271,HIGH,NO
MSG03444,The item arrived broken. This is the second time I've reached out about this. Thanks. Reference number TK87883.,TK87883,HIGH,NO
MSG03445,Just wondering how the mobile app works. No rush at all. Let me know what you need from me. Re: TK26016.,TK26016,HIGH,NO
MSG03446,There's a charge I don't recognize. Let me know when you can. Case TK11390.,TK11390,LOW,NO
MSG03447,Your service has been down since yesterday. I contacted support about this last week too. Thanks. Case TK45339.,TK45339,LOW,NO
MSG03448,The delivery is way later than promised. I need this resolved right away. Reference number TK63178.,TK63178,LOW,NO
MSG03449,Any chance bulk export could be supported? Whenever you get a chance is fine. Ticket #TK85301.,TK85301,LOW,YES
MSG03450,My invoice doesn't match what I agreed to. Case TK47093.,TK47093,MEDIUM,NO
MSG03451,Re: TK12942. Any chance usage alerts could be supported? Whenever you get a chance is fine.,TK12942,LOW,NO
MSG03452,my login keeps failing after the update. whenever you get a chance is fine. thanks. case tk42585.,TK42585,LOW,NO
MSG03453,Reference number TK55739. Tracking hasn't updated in days. Let me know when you can. Thanks.,TK55739,HIGH,NO
MSG03454,The item arrived broken. Appreciate your help. Re: TK57703.,TK57703,HIGH,YES
MSG03455,Reference number TK71289. It would be great if you added usage alerts. Let me know when you can.,TK71289,MEDIUM,YES
MSG03456,Case TK37075. Any chance usage alerts could be supported? Please treat this as high priority. Let me know what you need from me.,TK37075,HIGH,NO
MSG03457,(ref: TK10681) The item arrived broken. Let me know when you can.,TK10681,HIGH,NO
MSG03458,Any chance dark mode could be supported? Re: TK07489.,TK07489,LOW,NO
MSG03459,Re: TK17380. My invoice doesn't match what I agreed to. I've already emailed twice with no reply. Would appreciate a response soon. Let me know what you need from me.,TK17380,LOW,YES
MSG03460,It would be great if you added a public API. Would appreciate a response soon. Ticket #TK88574.,TK88574,HIGH,NO
MSG03461,case tk79236. have you considered bulk export? whenever you get a chance is fine.,TK79236,LOW,YES
MSG03462,I can't sign in no matter what I try. Not time-sensitive. Thanks. Ticket #TK79074.,TK79074,LOW,YES
MSG03463,Could you clarify something about my plan? Would appreciate a response soon. Appreciate your help. Reference number TK78000.,TK78000,MEDIUM,NO
MSG03464,Tracking hasn't updated in days. Not time-sensitive. Thanks. Reference number TK07387.,TK07387,LOW,YES
MSG03465,there's a charge i don't recognize. whenever you get a chance is fine. (ref: tk04714),TK04714,HIGH,YES
MSG03466,Case TK15076. Everything is offline on my end. I need this resolved right away. Let me know what you need from me.,TK15076,HIGH,YES
MSG03467,Ticket #TK84284. The item arrived broken.,TK84284,HIGH,NO
MSG03468,Tracking hasn't updated in days. Re: TK59235.,TK59235,HIGH,YES
MSG03469,I'm locked out of my account. Whenever you get a chance is fine. Re: TK08379.,TK08379,HIGH,NO
MSG03470,My order still hasn't arrived. Thanks. Ticket #TK37211.,TK37211,LOW,NO
MSG03471,Case TK63551. There's a charge I don't recognize. Hoping to hear back this week. Let me know what you need from me.,TK63551,LOW,NO
MSG03472,Re: TK45681. Quick question about the API. I've already emailed twice with no reply. Let me know when you can. Thanks.,TK45681,MEDIUM,NO
MSG03473,Everything is offline on my end. Appreciate your help. Reference number TK07593.,TK07593,LOW,NO
MSG03474,Just wondering how the dashboard works. Would appreciate a response soon. Re: TK66876.,TK66876,LOW,YES
MSG03475,Reference number TK69737. I'm locked out of my account. Not time-sensitive. Thanks.,TK69737,LOW,NO
MSG03476,my invoice doesn't match what i agreed to. hoping to hear back this week. appreciate your help. case tk35745.,TK35745,HIGH,NO
MSG03477,Could you clarify something about my plan? This is the second time I've reached out about this. I need this resolved right away. Let me know what you need from me. Ticket #TK71125.,TK71125,LOW,YES
MSG03478,Case TK21468. The package showed up damaged. No rush at all. Let me know what you need from me.,TK21468,HIGH,NO
MSG03479,Reference number TK02520. Have you considered a public API? Not time-sensitive. Let me know what you need from me.,TK02520,MEDIUM,YES
MSG03480,Reference number TK03770. Tracking hasn't updated in days. I've already emailed twice with no reply. I need this resolved right away.,TK03770,LOW,NO
MSG03481,Everything is offline on my end. Let me know when you can. Ticket #TK08006.,TK08006,HIGH,YES
MSG03482,Have you considered dark mode? Let me know what you need from me. Case TK57096.,TK57096,LOW,YES
MSG03483,Re: TK93170. Could you clarify something about my plan? Hoping to hear back this week. Let me know what you need from me.,TK93170,LOW,YES
MSG03484,(ref: TK01824) My invoice doesn't match what I agreed to. Let me know when you can.,TK01824,LOW,NO
MSG03485,Have you considered usage alerts? I need this resolved right away. (ref: TK18614),TK18614,LOW,YES
MSG03486,reference number tk44508. my order still hasn't arrived. this is the second time i've reached out about this. not time-sensitive.,TK44508,LOW,YES
MSG03487,Everything is offline on my end. Would appreciate a response soon. Case TK86216.,TK86216,HIGH,YES
MSG03488,Reference number TK13132. There's a charge I don't recognize. Appreciate your help.,TK13132,LOW,YES
MSG03489,I was charged twice this month. This is the second time I've reached out about this. Whenever you get a chance is fine. Thanks. Case TK01722.,TK01722,LOW,NO
MSG03490,Re: TK66423. I'm locked out of my account.,TK66423,LOW,YES
MSG03491,Have you considered dark mode? (ref: TK46304),TK46304,LOW,YES
MSG03492,Case TK54257. The item arrived broken. Appreciate your help.,TK54257,HIGH,NO
MSG03493,I was charged twice this month. Let me know when you can. Let me know what you need from me. Ticket #TK12057.,TK12057,HIGH,NO
MSG03494,Ticket #TK70919. The delivery is way later than promised. Whenever you get a chance is fine. Let me know what you need from me.,TK70919,LOW,NO
MSG03495,(ref: TK38236) The delivery is way later than promised. I contacted support about this last week too. Thanks.,TK38236,HIGH,YES
MSG03496,Reference number TK41643. I can't access the API at all. Appreciate your help.,TK41643,LOW,YES
MSG03497,Case TK03693. My invoice doesn't match what I agreed to. Let me know when you can. Thanks.,TK03693,LOW,NO
MSG03498,Tracking hasn't updated in days. I contacted support about this last week too. Let me know what you need from me. Ticket #TK94974.,TK94974,LOW,YES
MSG03499,(ref: TK98583) The package showed up damaged. Would appreciate a response soon. Let me know what you need from me.,TK98583,LOW,YES
MSG03500,just wondering how the mobile app works. reference number tk71065.,TK71065,LOW,YES
MSG03501,Reference number TK19251. There's a charge I don't recognize. Thanks.,TK19251,HIGH,YES
MSG03502,Ticket #TK42547. It would be great if you added usage alerts.,TK42547,HIGH,NO
MSG03503,Re: TK20799. Have you considered a public API? Whenever you get a chance is fine. Appreciate your help.,TK20799,LOW,NO
MSG03504,(ref: TK81480) My login keeps failing after the update. This is urgent. Appreciate your help.,TK81480,HIGH,YES
MSG03505,Re: TK04246. I can't access the billing portal at all. Whenever you get a chance is fine. Let me know what you need from me.,TK04246,HIGH,YES
MSG03506,Could you clarify something about my plan? Not time-sensitive. Appreciate your help. Reference number TK74177.,TK74177,HIGH,NO
MSG03507,(ref: TK73541) Have you considered SSO login? Whenever you get a chance is fine. Let me know what you need from me.,TK73541,LOW,NO
MSG03508,(ref: TK42470) Any chance a public API could be supported? Let me know when you can.,TK42470,LOW,NO
MSG03509,the delivery is way later than promised. thanks. case tk17229.,TK17229,HIGH,YES
MSG03510,i can't access the mobile app at all. thanks. (ref: tk46235),TK46235,LOW,YES
MSG03511,Ticket #TK40444. Your service has been down since yesterday. This is the second time I've reached out about this.,TK40444,HIGH,NO
MSG03512,Reference number TK25373. The item arrived broken. Hoping to hear back this week. Thanks.,TK25373,HIGH,NO
MSG03513,My invoice doesn't match what I agreed to. Whenever you get a chance is fine. Reference number TK99566.,TK99566,HIGH,YES
MSG03514,Reference number TK66838. I can't sign in no matter what I try. Hoping to hear back this week. Thanks.,TK66838,HIGH,YES
MSG03515,Could you clarify something about my plan? Let me know when you can. Appreciate your help. Ticket #TK41705.,TK41705,LOW,NO
MSG03516,(ref: TK70426) My order still hasn't arrived. Hoping to hear back this week.,TK70426,MEDIUM,YES
MSG03517,Reference number TK40048. What I received doesn't work at all. Not time-sensitive.,TK40048,HIGH,NO
MSG03518,I can't access the dashboard at all. Thanks. Ticket #TK78402.,TK78402,LOW,YES
MSG03519,The item arrived broken. Please treat this as high priority. Appreciate your help. Case TK33544.,TK33544,HIGH,YES
MSG03520,(ref: TK86919) My login keeps failing after the update. Let me know what you need from me.,TK86919,MEDIUM,YES
MSG03521,Reference number TK68031. I'm locked out of my account. This is urgent.,TK68031,MEDIUM,NO
MSG03522,Everything is offline on my end. I need this resolved right away. Appreciate your help. Ticket #TK70590.,TK70590,MEDIUM,YES
MSG03523,Just wondering how the API works. Let me know what you need from me. Case TK79926.,TK79926,LOW,NO
MSG03524,Case TK96467. My invoice doesn't match what I agreed to. No rush at all.,TK96467,HIGH,NO
MSG03525,What I received doesn't work at all. Case TK69921.,TK69921,HIGH,NO
MSG03526,any chance bulk export could be supported? no rush at all. let me know what you need from me. reference number tk56049.,TK56049,LOW,YES
MSG03527,I was charged twice this month. Let me know what you need from me. Reference number TK32908.,TK32908,MEDIUM,NO
MSG03528,I'm locked out of my account. Would appreciate a response soon. Ticket #TK40079.,TK40079,LOW,YES
MSG03529,Tracking hasn't updated in days. Let me know what you need from me. Re: TK82170.,TK82170,LOW,NO
MSG03530,Could you clarify something about my plan? Whenever you get a chance is fine. Thanks. Case TK54951.,TK54951,HIGH,YES
MSG03531,Ticket #TK73756. There's a charge I don't recognize. This is urgent. Thanks.,TK73756,HIGH,YES
MSG03532,I was charged twice this month. I've already emailed twice with no reply. I need this resolved right away. Ticket #TK18883.,TK18883,HIGH,YES
MSG03533,Tracking hasn't updated in days. Would appreciate a response soon. Appreciate your help. Case TK83477.,TK83477,LOW,YES
MSG03534,Any chance SSO login could be supported? I've already emailed twice with no reply. Please treat this as high priority. Ticket #TK24966.,TK24966,HIGH,YES
MSG03535,My invoice doesn't match what I agreed to. Let me know what you need from me. (ref: TK56647),TK56647,HIGH,YES
MSG03536,my order still hasn't arrived. let me know when you can. thanks. ticket #tk80698.,TK80698,HIGH,NO
MSG03537,Ticket #TK55203. My order still hasn't arrived. Not time-sensitive. Thanks.,TK55203,HIGH,NO
MSG03538,The package showed up damaged. I contacted support about this last week too. Not time-sensitive. Appreciate your help. Reference number TK15588.,TK15588,HIGH,YES
MSG03539,I can't access the mobile app at all. Reference number TK96405.,TK96405,HIGH,NO
MSG03540,Just wondering how the billing portal works. I contacted support about this last week too. Whenever you get a chance is fine. Reference number TK44291.,TK44291,HIGH,YES
MSG03541,My login keeps failing after the update. Re: TK43662.,TK43662,HIGH,NO
MSG03542,(ref: TK61735) There's a charge I don't recognize. Let me know when you can. Thanks.,TK61735,HIGH,YES
MSG03543,Just wondering how the mobile app works. I need this resolved right away. Let me know what you need from me. Case TK88269.,TK88269,LOW,NO
MSG03544,Any chance usage alerts could be supported? Case TK36983.,TK36983,LOW,NO
MSG03545,what i received doesn't work at all. would appreciate a response soon. ticket #tk38793.,TK38793,HIGH,YES
MSG03546,The item arrived broken. Would appreciate a response soon. Thanks. Re: TK66027.,TK66027,LOW,NO
MSG03547,I can't sign in no matter what I try. This is urgent. Appreciate your help. Ticket #TK74948.,TK74948,HIGH,YES
MSG03548,Re: TK76703. There's a charge I don't recognize. I need this resolved right away. Let me know what you need from me.,TK76703,LOW,NO
MSG03549,(ref: TK70391) There's a charge I don't recognize. This is the second time I've reached out about this. Hoping to hear back this week.,TK70391,LOW,NO
MSG03550,I'm locked out of my account. Thanks. Ticket #TK73096.,TK73096,HIGH,NO
MSG03551,Your service has been down since this morning. Hoping to hear back this week. Ticket #TK32955.,TK32955,HIGH,YES
MSG03552,reference number tk52009. it would be great if you added usage alerts. not time-sensitive. let me know what you need from me.,TK52009,HIGH,NO
MSG03553,The item arrived broken. Appreciate your help. Case TK68713.,TK68713,LOW,YES
MSG03554,(ref: TK00782) My order still hasn't arrived. Would appreciate a response soon. Let me know what you need from me.,TK00782,HIGH,YES
MSG03555,Re: TK51422. The package showed up damaged. This is the second time I've reached out about this. Thanks.,TK51422,LOW,NO
MSG03556,Everything is offline on my end. Hoping to hear back this week. Let me know what you need from me. Reference number TK94472.,TK94472,HIGH,NO
MSG03557,(ref: TK17268) Any chance usage alerts could be supported? Not time-sensitive. Thanks.,TK17268,LOW,NO
MSG03558,Re: TK33122. Tracking hasn't updated in days.,TK33122,HIGH,YES
MSG03559,Ticket #TK04667. What I received doesn't work at all. I've already emailed twice with no reply. Whenever you get a chance is fine. Thanks.,TK04667,HIGH,YES
MSG03560,(ref: TK27170) My order still hasn't arrived. This is urgent.,TK27170,LOW,NO
MSG03561,(ref: tk18332) there's a charge i don't recognize. appreciate your help.,TK18332,MEDIUM,NO
MSG03562,Case TK07413. Any chance usage alerts could be supported?,TK07413,LOW,NO
MSG03563,I'm locked out of my account. Whenever you get a chance is fine. Thanks. Case TK99782.,TK99782,HIGH,NO
MSG03564,Ticket #TK40363. Your service has been down since yesterday. Let me know when you can. Appreciate your help.,TK40363,LOW,NO
MSG03565,case tk77351. your service has been down since about an hour ago. please treat this as high priority. thanks.,TK77351,LOW,YES
MSG03566,My login keeps failing after the update. I need this resolved right away. Re: TK63492.,TK63492,HIGH,YES
MSG03567,Ticket #TK00420. My order still hasn't arrived. Let me know what you need from me.,TK00420,LOW,NO
MSG03568,I was charged twice this month. Would appreciate a response soon. Thanks. Re: TK86338.,TK86338,LOW,YES
MSG03569,Reference number TK03570. Tracking hasn't updated in days. Would appreciate a response soon. Thanks.,TK03570,HIGH,YES
MSG03570,Tracking hasn't updated in days. No rush at all. Thanks. Case TK08012.,TK08012,LOW,YES
MSG03571,Reference number TK01030. My login keeps failing after the update. Not time-sensitive. Appreciate your help.,TK01030,HIGH,YES
MSG03572,(ref: TK30602) The package showed up damaged. Let me know when you can.,TK30602,LOW,NO
MSG03573,I was charged twice this month. Please treat this as high priority. Thanks. (ref: TK61975),TK61975,HIGH,YES
MSG03574,Everything is offline on my end. Hoping to hear back this week. Thanks. (ref: TK83120),TK83120,HIGH,NO
MSG03575,Reference number TK55995. Could you clarify something about my plan? I've already emailed twice with no reply. Please treat this as high priority. Thanks.,TK55995,HIGH,YES
MSG03576,Case TK71828. I can't access the dashboard at all. I've already emailed twice with no reply. Hoping to hear back this week. Appreciate your help.,TK71828,LOW,NO
MSG03577,(ref: TK86809) Any chance dark mode could be supported? I contacted support about this last week too. Let me know when you can. Thanks.,TK86809,HIGH,YES
MSG03578,(ref: TK86121) It would be great if you added usage alerts.,TK86121,LOW,YES
MSG03579,Case TK25113. There's a charge I don't recognize. Not time-sensitive.,TK25113,LOW,YES
MSG03580,Ticket #TK11918. Could you clarify something about my plan? Hoping to hear back this week. Thanks.,TK11918,LOW,NO
MSG03581,Ticket #TK84726. The delivery is way later than promised. I've already emailed twice with no reply. Let me know when you can.,TK84726,HIGH,YES
MSG03582,It would be great if you added dark mode. This is the second time I've reached out about this. No rush at all. Thanks. (ref: TK43814),TK43814,HIGH,YES
MSG03583,Just wondering how the dashboard works. I've already emailed twice with no reply. Hoping to hear back this week. Let me know what you need from me. Case TK68558.,TK68558,HIGH,NO
MSG03584,Case TK65358. I can't sign in no matter what I try. Not time-sensitive.,TK65358,HIGH,NO
MSG03585,Case TK49466. I'm locked out of my account. I contacted support about this last week too. Appreciate your help.,TK49466,HIGH,YES
MSG03586,Reference number TK37727. I was charged twice this month. I need this resolved right away.,TK37727,HIGH,YES
MSG03587,Tracking hasn't updated in days. Please treat this as high priority. Re: TK32562.,TK32562,LOW,NO
MSG03588,Ticket #TK68643. My login keeps failing after the update. This is urgent. Let me know what you need from me.,TK68643,LOW,NO
MSG03589,Just wondering how the dashboard works. (ref: TK66194),TK66194,LOW,NO
MSG03590,I was charged twice this month. I contacted support about this last week too. This is urgent. Thanks. Case TK69023.,TK69023,HIGH,NO
MSG03591,Your service has been down since this morning. Hoping to hear back this week. Let me know what you need from me. Ticket #TK00068.,TK00068,HIGH,YES
MSG03592,Re: TK43317. The package showed up damaged.,TK43317,MEDIUM,YES
MSG03593,Re: TK57726. It would be great if you added bulk export. I need this resolved right away.,TK57726,LOW,YES
MSG03594,There's a charge I don't recognize. Let me know what you need from me. Case TK73251.,TK73251,HIGH,YES
MSG03595,Any chance dark mode could be supported? Please treat this as high priority. Appreciate your help. (ref: TK46918),TK46918,HIGH,YES
MSG03596,(ref: TK22038) Could you clarify something about my plan? Let me know what you need from me.,TK22038,MEDIUM,NO
MSG03597,Everything is offline on my end. Whenever you get a chance is fine. Appreciate your help. Ticket #TK08466.,TK08466,LOW,YES
MSG03598,(ref: TK75924) Just wondering how the API works. Not time-sensitive. Appreciate your help.,TK75924,LOW,YES
MSG03599,Reference number TK56846. I can't sign in no matter what I try. This is urgent. Thanks.,TK56846,HIGH,NO
MSG03600,Have you considered usage alerts? This is the second time I've reached out about this. Thanks. Re: TK73270.,TK73270,LOW,YES
MSG03601,Just wondering how the mobile app works. I need this resolved right away. Appreciate your help. Reference number TK71699.,TK71699,LOW,NO
MSG03602,Ticket #TK03201. The delivery is way later than promised. Please treat this as high priority. Let me know what you need from me.,TK03201,HIGH,YES
MSG03603,The delivery is way later than promised. I need this resolved right away. Case TK20710.,TK20710,HIGH,YES
MSG03604,Case TK90900. There's a charge I don't recognize. I've already emailed twice with no reply. No rush at all. Thanks.,TK90900,LOW,NO
MSG03605,My login keeps failing after the update. Appreciate your help. Case TK30126.,TK30126,MEDIUM,YES
MSG03606,What I received doesn't work at all. Appreciate your help. Case TK03850.,TK03850,HIGH,YES
MSG03607,The delivery is way later than promised. I need this resolved right away. Appreciate your help. Re: TK89659.,TK89659,LOW,NO
MSG03608,I can't sign in no matter what I try. Let me know what you need from me. (ref: TK52455),TK52455,HIGH,NO
MSG03609,Re: TK17532. I can't sign in no matter what I try. Whenever you get a chance is fine. Appreciate your help.,TK17532,HIGH,YES
MSG03610,My invoice doesn't match what I agreed to. Ticket #TK41265.,TK41265,LOW,NO
MSG03611,Ticket #TK30718. My login keeps failing after the update. I need this resolved right away. Appreciate your help.,TK30718,HIGH,YES
MSG03612,My login keeps failing after the update. I've already emailed twice with no reply. Appreciate your help. Re: TK33126.,TK33126,HIGH,NO
MSG03613,Case TK85932. Have you considered SSO login? Not time-sensitive. Thanks.,TK85932,MEDIUM,NO
MSG03614,Re: TK79833. The package showed up damaged. Appreciate your help.,TK79833,MEDIUM,NO
MSG03615,Could you clarify something about my plan? I contacted support about this last week too. No rush at all. Case TK91824.,TK91824,LOW,NO
MSG03616,ticket #tk96137. have you considered bulk export?,TK96137,LOW,YES
MSG03617,I can't sign in no matter what I try. Appreciate your help. Reference number TK53255.,TK53255,HIGH,YES
MSG03618,(ref: TK53503) My invoice doesn't match what I agreed to. I contacted support about this last week too.,TK53503,LOW,YES
MSG03619,The item arrived broken. Let me know what you need from me. Re: TK57327.,TK57327,HIGH,NO
MSG03620,I can't access the dashboard at all. This is urgent. Let me know what you need from me. Case TK63142.,TK63142,MEDIUM,NO
MSG03621,Your service has been down since yesterday. Whenever you get a chance is fine. Re: TK52587.,TK52587,HIGH,NO
MSG03622,Re: TK34628. What I received doesn't work at all. I contacted support about this last week too. Would appreciate a response soon. Appreciate your help.,TK34628,HIGH,YES
MSG03623,Any chance dark mode could be supported? Hoping to hear back this week. Let me know what you need from me. Reference number TK25977.,TK25977,LOW,YES
MSG03624,Have you considered bulk export? No rush at all. Let me know what you need from me. Ticket #TK95757.,TK95757,LOW,YES
MSG03625,My login keeps failing after the update. Appreciate your help. Case TK04905.,TK04905,HIGH,YES
MSG03626,Could you clarify something about my plan? No rush at all. Thanks. Re: TK76559.,TK76559,HIGH,YES
MSG03627,Case TK53934. I can't access the API at all. I've already emailed twice with no reply. Hoping to hear back this week.,TK53934,LOW,NO
MSG03628,Everything is offline on my end. Hoping to hear back this week. Thanks. Reference number TK39062.,TK39062,HIGH,NO
MSG03629,re: tk40835. everything is offline on my end. appreciate your help.,TK40835,MEDIUM,NO
MSG03630,Could you clarify something about my plan? Would appreciate a response soon. (ref: TK08435),TK08435,HIGH,NO
MSG03631,any chance dark mode could be supported? not time-sensitive. let me know what you need from me. case tk14732.,TK14732,HIGH,YES
MSG03632,Ticket #TK83500. Your service has been down since this morning. I've already emailed twice with no reply. Let me know what you need from me.,TK83500,HIGH,YES
MSG03633,Everything is offline on my end. Not time-sensitive. Let me know what you need from me. Reference number TK53940.,TK53940,HIGH,NO
MSG03634,Re: TK46900. I can't access the API at all.,TK46900,HIGH,NO
MSG03635,i'm locked out of my account. appreciate your help. re: tk10038.,TK10038,HIGH,NO
MSG03636,Case TK36442. Your service has been down since yesterday. I need this resolved right away. Appreciate your help.,TK36442,HIGH,YES
MSG03637,Just wondering how my account works. Let me know what you need from me. (ref: TK75816),TK75816,HIGH,YES
MSG03638,Re: TK28866. Your service has been down since this morning. Thanks.,TK28866,MEDIUM,YES
MSG03639,Case TK78006. What I received doesn't work at all. Appreciate your help.,TK78006,HIGH,YES
MSG03640,What I received doesn't work at all. Appreciate your help. (ref: TK93730),TK93730,LOW,NO
MSG03641,any chance usage alerts could be supported? i contacted support about this last week too. not time-sensitive. thanks. case tk08477.,TK08477,LOW,NO
MSG03642,My order still hasn't arrived. Please treat this as high priority. Re: TK86038.,TK86038,HIGH,YES
MSG03643,I can't access my account at all. Thanks. Re: TK07106.,TK07106,LOW,YES
MSG03644,reference number tk16059. i was charged twice this month. no rush at all. appreciate your help.,TK16059,LOW,NO
MSG03645,My invoice doesn't match what I agreed to. Ticket #TK30703.,TK30703,LOW,NO
MSG03646,Re: TK46366. Any chance bulk export could be supported? Would appreciate a response soon. Thanks.,TK46366,HIGH,NO
MSG03647,Any chance SSO login could be supported? Let me know what you need from me. Case TK28320.,TK28320,MEDIUM,NO
MSG03648,Ticket #TK26871. My login keeps failing after the update. This is urgent. Let me know what you need from me.,TK26871,HIGH,YES
MSG03649,Tracking hasn't updated in days. Whenever you get a chance is fine. Re: TK18465.,TK18465,HIGH,NO
MSG03650,Everything is offline on my end. This is the second time I've reached out about this. Hoping to hear back this week. Thanks. Case TK01865.,TK01865,HIGH,YES
MSG03651,The item arrived broken. Thanks. (ref: TK69981),TK69981,LOW,YES
MSG03652,The delivery is way later than promised. Appreciate your help. Case TK97983.,TK97983,LOW,YES
MSG03653,Everything is offline on my end. Please treat this as high priority. (ref: TK47649),TK47649,HIGH,YES
MSG03654,i can't sign in no matter what i try. reference number tk14580.,TK14580,LOW,YES
MSG03655,Everything is offline on my end. Whenever you get a chance is fine. Reference number TK64511.,TK64511,HIGH,NO
MSG03656,Tracking hasn't updated in days. Let me know what you need from me. Case TK34102.,TK34102,HIGH,YES
MSG03657,Everything is offline on my end. Appreciate your help. (ref: TK56827),TK56827,HIGH,NO
MSG03658,Could you clarify something about my plan? Thanks. Re: TK78799.,TK78799,LOW,YES
MSG03659,Tracking hasn't updated in days. I need this resolved right away. Let me know what you need from me. (ref: TK11081),TK11081,LOW,NO
MSG03660,I'm locked out of my account. Please treat this as high priority. Let me know what you need from me. Ticket #TK75576.,TK75576,LOW,NO
MSG03661,I can't sign in no matter what I try. Please treat this as high priority. Reference number TK69703.,TK69703,LOW,YES
MSG03662,Tracking hasn't updated in days. Would appreciate a response soon. Thanks. Ticket #TK82805.,TK82805,MEDIUM,NO
MSG03663,any chance bulk export could be supported? case tk84403.,TK84403,HIGH,YES
MSG03664,(ref: tk93816) quick question about my account. thanks.,TK93816,LOW,NO
MSG03665,Ticket #TK03305. The delivery is way later than promised. Appreciate your help.,TK03305,LOW,NO
MSG03666,(ref: TK45870) Just wondering how the dashboard works. Not time-sensitive. Appreciate your help.,TK45870,LOW,NO
MSG03667,the delivery is way later than promised. i need this resolved right away. thanks. case tk55914.,TK55914,MEDIUM,YES
MSG03668,my order still hasn't arrived. please treat this as high priority. reference number tk94356.,TK94356,LOW,YES
MSG03669,My login keeps failing after the update. Please treat this as high priority. Appreciate your help. Case TK29546.,TK29546,LOW,YES
MSG03670,Have you considered usage alerts? Let me know when you can. Thanks. Re: TK73597.,TK73597,LOW,NO
MSG03671,Any chance bulk export could be supported? No rush at all. Thanks. Reference number TK52281.,TK52281,LOW,NO
MSG03672,Ticket #TK40329. I'm locked out of my account. This is the second time I've reached out about this. Not time-sensitive. Let me know what you need from me.,TK40329,HIGH,YES
MSG03673,Re: TK60843. I'm locked out of my account. Would appreciate a response soon.,TK60843,LOW,NO
MSG03674,Re: TK85293. The delivery is way later than promised. Please treat this as high priority. Appreciate your help.,TK85293,MEDIUM,NO
MSG03675,Any chance usage alerts could be supported? Whenever you get a chance is fine. Thanks. (ref: TK09247),TK09247,LOW,NO
MSG03676,Ticket #TK24642. Quick question about the billing portal. Let me know what you need from me.,TK24642,HIGH,YES
MSG03677,Everything is offline on my end. I've already emailed twice with no reply. Appreciate your help. (ref: TK46095),TK46095,HIGH,NO
MSG03678,Reference number TK61985. My order still hasn't arrived. Would appreciate a response soon. Thanks.,TK61985,LOW,NO
MSG03679,Have you considered dark mode? This is urgent. Let me know what you need from me. (ref: TK60548),TK60548,HIGH,YES
MSG03680,My order still hasn't arrived. I've already emailed twice with no reply. I need this resolved right away. Appreciate your help. Reference number TK70123.,TK70123,HIGH,NO
MSG03681,Case TK42479. Everything is offline on my end. I need this resolved right away. Let me know what you need from me.,TK42479,LOW,YES
MSG03682,(ref: TK85117) My invoice doesn't match what I agreed to. Whenever you get a chance is fine. Let me know what you need from me.,TK85117,LOW,YES
MSG03683,Re: TK36559. The delivery is way later than promised. Would appreciate a response soon. Let me know what you need from me.,TK36559,LOW,NO
MSG03684,Case TK04111. Your service has been down since yesterday. Would appreciate a response soon. Thanks.,TK04111,HIGH,YES
MSG03685,Just wondering how the billing portal works. Let me know when you can. (ref: TK92565),TK92565,HIGH,YES
MSG03686,Ticket #TK64012. I can't sign in no matter what I try. Please treat this as high priority. Appreciate your help.,TK64012,LOW,YES
MSG03687,My order still hasn't arrived. I need this resolved right away. (ref: TK98494),TK98494,LOW,YES
MSG03688,reference number tk17651. the item arrived broken. this is urgent. appreciate your help.,TK17651,LOW,YES
MSG03689,Re: TK14808. I'm locked out of my account. This is the second time I've reached out about this.,TK14808,LOW,YES
MSG03690,Re: TK24163. Quick question about the mobile app. I contacted support about this last week too. Let me know when you can. Appreciate your help.,TK24163,LOW,NO
MSG03691,just wondering how my account works. this is urgent. case tk54996.,TK54996,HIGH,YES
MSG03692,Reference number TK35788. Have you considered a public API?,TK35788,HIGH,YES
MSG03693,Reference number TK51023. My invoice doesn't match what I agreed to. Please treat this as high priority.,TK51023,HIGH,YES
MSG03694,Ticket #TK27495. Quick question about the API. Thanks.,TK27495,HIGH,YES
MSG03695,Reference number TK27358. Your service has been down since about an hour ago. Not time-sensitive.,TK27358,LOW,NO
MSG03696,My login keeps failing after the update. Whenever you get a chance is fine. (ref: TK46985),TK46985,MEDIUM,NO
MSG03697,(ref: TK95676) Your service has been down since this morning. No rush at all. Let me know what you need from me.,TK95676,HIGH,NO
MSG03698,Case TK52037. The package showed up damaged. No rush at all. Thanks.,TK52037,HIGH,NO
MSG03699,reference number tk49835. my invoice doesn't match what i agreed to. no rush at all. let me know what you need from me.,TK49835,LOW,YES
MSG03700,Reference number TK53364. The item arrived broken. I contacted support about this last week too. Not time-sensitive. Thanks.,TK53364,LOW,YES
MSG03701,Case TK81771. I was charged twice this month. I've already emailed twice with no reply. Let me know when you can. Thanks.,TK81771,LOW,YES
MSG03702,Re: TK42260. Could you clarify something about my plan? Appreciate your help.,TK42260,MEDIUM,NO
MSG03703,I'm locked out of my account. Appreciate your help. (ref: TK24880),TK24880,LOW,YES
MSG03704,My order still hasn't arrived. Not time-sensitive. Case TK17570.,TK17570,LOW,NO
MSG03705,What I received doesn't work at all. Thanks. Re: TK64859.,TK64859,LOW,YES
MSG03706,ticket #tk44513. the delivery is way later than promised. this is the second time i've reached out about this. no rush at all. thanks.,TK44513,LOW,YES
MSG03707,(ref: TK71962) I can't access the billing portal at all. Not time-sensitive. Appreciate your help.,TK71962,HIGH,NO
MSG03708,Ticket #TK34870. The package showed up damaged. I've already emailed twice with no reply. Please treat this as high priority. Appreciate your help.,TK34870,LOW,YES
MSG03709,Reference number TK97513. The package showed up damaged. This is urgent. Appreciate your help.,TK97513,LOW,NO
MSG03710,what i received doesn't work at all. let me know what you need from me. case tk65526.,TK65526,LOW,NO
MSG03711,My login keeps failing after the update. I've already emailed twice with no reply. Hoping to hear back this week. Let me know what you need from me. Ticket #TK24521.,TK24521,LOW,YES
MSG03712,Quick question about the API. Appreciate your help. (ref: TK58100),TK58100,LOW,NO
MSG03713,I can't sign in no matter what I try. I need this resolved right away. Thanks. (ref: TK75945),TK75945,LOW,YES
MSG03714,Re: TK35958. There's a charge I don't recognize. No rush at all.,TK35958,HIGH,NO
MSG03715,(ref: TK53002) The item arrived broken. Appreciate your help.,TK53002,HIGH,NO
MSG03716,I can't access the mobile app at all. Thanks. Reference number TK68075.,TK68075,LOW,YES
MSG03717,(ref: TK28181) What I received doesn't work at all. Hoping to hear back this week. Thanks.,TK28181,MEDIUM,YES
MSG03718,Ticket #TK94406. What I received doesn't work at all. I contacted support about this last week too. Let me know when you can. Let me know what you need from me.,TK94406,LOW,YES
MSG03719,I was charged twice this month. This is urgent. (ref: TK74446),TK74446,LOW,YES
MSG03720,I'm locked out of my account. This is the second time I've reached out about this. Re: TK31091.,TK31091,HIGH,NO
MSG03721,Ticket #TK62850. Have you considered SSO login? Whenever you get a chance is fine. Appreciate your help.,TK62850,LOW,YES
MSG03722,Re: TK88408. My invoice doesn't match what I agreed to. Let me know what you need from me.,TK88408,MEDIUM,NO
MSG03723,My order still hasn't arrived. This is the second time I've reached out about this. Would appreciate a response soon. Thanks. Ticket #TK43274.,TK43274,HIGH,YES
MSG03724,I'm locked out of my account. This is urgent. Appreciate your help. (ref: TK67471),TK67471,HIGH,NO
MSG03725,There's a charge I don't recognize. I've already emailed twice with no reply. Not time-sensitive. Appreciate your help. (ref: TK27122),TK27122,LOW,YES
MSG03726,Everything is offline on my end. Would appreciate a response soon. Let me know what you need from me. Ticket #TK07004.,TK07004,HIGH,YES
MSG03727,It would be great if you added SSO login. Whenever you get a chance is fine. Reference number TK81699.,TK81699,HIGH,YES
MSG03728,The item arrived broken. This is the second time I've reached out about this. Reference number TK91952.,TK91952,LOW,YES
MSG03729,My login keeps failing after the update. Let me know what you need from me. Reference number TK45352.,TK45352,LOW,YES
MSG03730,Ticket #TK12395. It would be great if you added dark mode. Not time-sensitive.,TK12395,HIGH,YES
MSG03731,it would be great if you added a public api. whenever you get a chance is fine. let me know what you need from me. (ref: tk84130),TK84130,HIGH,YES
MSG03732,My invoice doesn't match what I agreed to. Hoping to hear back this week. Appreciate your help. Case TK00147.,TK00147,LOW,NO
MSG03733,Just wondering how the API works. Case TK67817.,TK67817,LOW,NO
MSG03734,re: tk65429. the package showed up damaged. this is urgent.,TK65429,HIGH,NO
MSG03735,(ref: TK94800) I was charged twice this month.,TK94800,LOW,NO
MSG03736,Reference number TK67840. I can't access the billing portal at all. I contacted support about this last week too. Let me know what you need from me.,TK67840,HIGH,NO
MSG03737,What I received doesn't work at all. Whenever you get a chance is fine. Reference number TK35045.,TK35045,LOW,YES
MSG03738,case tk76114. what i received doesn't work at all. no rush at all. appreciate your help.,TK76114,HIGH,NO
MSG03739,Re: TK34790. The delivery is way later than promised. This is urgent. Let me know what you need from me.,TK34790,LOW,YES
MSG03740,Ticket #TK65060. Your service has been down since last night. Please treat this as high priority.,TK65060,HIGH,YES
MSG03741,I'm locked out of my account. No rush at all. Thanks. Re: TK46996.,TK46996,HIGH,YES
MSG03742,could you clarify something about my plan? thanks. reference number tk81059.,TK81059,HIGH,YES
MSG03743,Ticket #TK30990. Just wondering how the mobile app works. Hoping to hear back this week.,TK30990,LOW,YES
MSG03744,Reference number TK26585. Any chance bulk export could be supported? Appreciate your help.,TK26585,HIGH,YES
MSG03745,Ticket #TK35456. There's a charge I don't recognize. This is urgent. Let me know what you need from me.,TK35456,HIGH,YES
MSG03746,Your service has been down since about an hour ago. This is urgent. Appreciate your help. Re: TK18925.,TK18925,HIGH,NO
MSG03747,My invoice doesn't match what I agreed to. Hoping to hear back this week. Appreciate your help. Ticket #TK75140.,TK75140,HIGH,YES
MSG03748,What I received doesn't work at all. No rush at all. Let me know what you need from me. Ticket #TK29644.,TK29644,HIGH,YES
MSG03749,Ticket #TK78531. Could you clarify something about my plan? Hoping to hear back this week. Thanks.,TK78531,LOW,YES
MSG03750,Quick question about the dashboard. This is the second time I've reached out about this. This is urgent. Thanks. Ticket #TK08643.,TK08643,HIGH,NO
MSG03751,I can't sign in no matter what I try. I've already emailed twice with no reply. I need this resolved right away. Thanks. Reference number TK30689.,TK30689,HIGH,YES
MSG03752,The package showed up damaged. Appreciate your help. Re: TK53266.,TK53266,LOW,NO
MSG03753,(ref: TK69299) Quick question about the dashboard. Let me know what you need from me.,TK69299,LOW,NO
MSG03754,Just wondering how the mobile app works. Would appreciate a response soon. Appreciate your help. Re: TK13734.,TK13734,LOW,NO
MSG03755,Re: TK95703. My login keeps failing after the update. No rush at all. Thanks.,TK95703,HIGH,YES
MSG03756,Re: TK86443. Just wondering how the mobile app works. Please treat this as high priority. Appreciate your help.,TK86443,HIGH,NO
MSG03757,Re: TK80938. It would be great if you added a public API. Appreciate your help.,TK80938,LOW,YES
MSG03758,Reference number TK68603. My login keeps failing after the update. I've already emailed twice with no reply. I need this resolved right away. Thanks.,TK68603,LOW,YES
MSG03759,tracking hasn't updated in days. whenever you get a chance is fine. appreciate your help. re: tk76348.,TK76348,HIGH,YES
MSG03760,Just wondering how the mobile app works. Whenever you get a chance is fine. Thanks. Ticket #TK05332.,TK05332,LOW,YES
MSG03761,I can't sign in no matter what I try. No rush at all. Appreciate your help. Re: TK62127.,TK62127,LOW,YES
MSG03762,Any chance a public API could be supported? No rush at all. Thanks. Re: TK54497.,TK54497,HIGH,NO
MSG03763,(ref: TK33642) My login keeps failing after the update. Let me know when you can.,TK33642,LOW,YES
MSG03764,What I received doesn't work at all. Whenever you get a chance is fine. Thanks. Reference number TK86049.,TK86049,HIGH,NO
MSG03765,My invoice doesn't match what I agreed to. I've already emailed twice with no reply. Appreciate your help. Ticket #TK83287.,TK83287,HIGH,YES
MSG03766,The item arrived broken. Thanks. Case TK49111.,TK49111,HIGH,YES
MSG03767,The package showed up damaged. Would appreciate a response soon. Let me know what you need from me. Reference number TK04451.,TK04451,LOW,YES
MSG03768,The delivery is way later than promised. Appreciate your help. Reference number TK04080.,TK04080,LOW,YES
MSG03769,The item arrived broken. No rush at all. Appreciate your help. Reference number TK94393.,TK94393,HIGH,NO
MSG03770,Could you clarify something about my plan? I contacted support about this last week too. Hoping to hear back this week. Re: TK21785.,TK21785,LOW,YES
MSG03771,The delivery is way later than promised. This is urgent. Let me know what you need from me. Re: TK15064.,TK15064,LOW,YES
MSG03772,The package showed up damaged. Let me know when you can. Reference number TK72855.,TK72855,HIGH,YES
MSG03773,Re: TK54233. My login keeps failing after the update. Please treat this as high priority.,TK54233,LOW,YES
MSG03774,I can't sign in no matter what I try. I need this resolved right away. Thanks. (ref: TK95937),TK95937,HIGH,YES
MSG03775,I can't access the mobile app at all. Thanks. Re: TK73258.,TK73258,HIGH,YES
MSG03776,I'm locked out of my account. Re: TK47992.,TK47992,HIGH,NO
MSG03777,Case TK42826. I can't sign in no matter what I try. Hoping to hear back this week. Thanks.,TK42826,LOW,YES
MSG03778,Reference number TK19219. There's a charge I don't recognize. Would appreciate a response soon.,TK19219,LOW,YES
MSG03779,What I received doesn't work at all. I need this resolved right away. Let me know what you need from me. (ref: TK01953),TK01953,LOW,YES
MSG03780,(ref: tk38169) i was charged twice this month. this is urgent. appreciate your help.,TK38169,HIGH,YES
MSG03781,(ref: TK03544) The item arrived broken. I contacted support about this last week too. Would appreciate a response soon. Thanks.,TK03544,HIGH,YES
MSG03782,Reference number TK10559. Could you clarify something about my plan?,TK10559,LOW,NO
MSG03783,Case TK76207. The delivery is way later than promised. Appreciate your help.,TK76207,HIGH,YES
MSG03784,your service has been down since about an hour ago. not time-sensitive. thanks. case tk64626.,TK64626,LOW,YES
MSG03785,There's a charge I don't recognize. (ref: TK50012),TK50012,MEDIUM,NO
MSG03786,Your service has been down since about an hour ago. I've already emailed twice with no reply. Thanks. Re: TK64104.,TK64104,HIGH,NO
MSG03787,Ticket #TK84474. The package showed up damaged. I contacted support about this last week too. Please treat this as high priority.,TK84474,LOW,YES
MSG03788,Ticket #TK35338. I'm locked out of my account. Would appreciate a response soon. Let me know what you need from me.,TK35338,LOW,YES
MSG03789,Ticket #TK14629. The package showed up damaged. I've already emailed twice with no reply. Not time-sensitive. Thanks.,TK14629,HIGH,YES
MSG03790,ticket #tk60056. any chance usage alerts could be supported? this is the second time i've reached out about this.,TK60056,HIGH,NO
MSG03791,(ref: TK07674) I'm locked out of my account. Not time-sensitive. Thanks.,TK07674,HIGH,NO
MSG03792,I can't access the API at all. No rush at all. Ticket #TK21126.,TK21126,LOW,NO
MSG03793,Everything is offline on my end. (ref: TK52932),TK52932,HIGH,YES
MSG03794,Re: TK92606. Tracking hasn't updated in days. Let me know when you can.,TK92606,LOW,YES
MSG03795,My order still hasn't arrived. I've already emailed twice with no reply. I need this resolved right away. Appreciate your help. Case TK39298.,TK39298,HIGH,NO
MSG03796,I'm locked out of my account. Would appreciate a response soon. Appreciate your help. (ref: TK20209),TK20209,HIGH,YES
MSG03797,Case TK73016. I'm locked out of my account. Appreciate your help.,TK73016,HIGH,YES
MSG03798,Reference number TK90809. Quick question about the dashboard. Would appreciate a response soon.,TK90809,LOW,YES
MSG03799,The item arrived broken. Not time-sensitive. Case TK89638.,TK89638,HIGH,NO
MSG03800,Re: TK26973. My login keeps failing after the update. This is urgent. Thanks.,TK26973,HIGH,YES
MSG03801,There's a charge I don't recognize. No rush at all. Appreciate your help. Case TK74135.,TK74135,HIGH,YES
MSG03802,i'm locked out of my account. appreciate your help. ticket #tk70376.,TK70376,HIGH,YES
MSG03803,Re: TK42575. Any chance usage alerts could be supported? Would appreciate a response soon.,TK42575,LOW,YES
MSG03804,(ref: TK53230) Everything is offline on my end. Thanks.,TK53230,LOW,NO
MSG03805,The delivery is way later than promised. Let me know when you can. Thanks. Re: TK58797.,TK58797,LOW,YES
MSG03806,(ref: TK16511) I can't sign in no matter what I try. This is the second time I've reached out about this.,TK16511,HIGH,YES
MSG03807,Ticket #TK99374. It would be great if you added a public API. Would appreciate a response soon. Thanks.,TK99374,HIGH,YES
MSG03808,(ref: TK49900) The package showed up damaged. Thanks.,TK49900,LOW,YES
MSG03809,Reference number TK21314. Everything is offline on my end. Not time-sensitive.,TK21314,HIGH,NO
MSG03810,I can't access my account at all. No rush at all. Thanks. Case TK15012.,TK15012,HIGH,YES
MSG03811,Reference number TK49569. Have you considered SSO login?,TK49569,HIGH,YES
MSG03812,(ref: tk43746) i was charged twice this month. hoping to hear back this week. let me know what you need from me.,TK43746,MEDIUM,YES
MSG03813,The package showed up damaged. Let me know what you need from me. Ticket #TK81366.,TK81366,HIGH,YES
MSG03814,Could you clarify something about my plan? Thanks. Re: TK68405.,TK68405,HIGH,NO
MSG03815,There's a charge I don't recognize. Case TK21689.,TK21689,HIGH,YES
MSG03816,(ref: TK04302) What I received doesn't work at all. This is urgent. Thanks.,TK04302,LOW,NO
MSG03817,I can't access my account at all. I need this resolved right away. Thanks. Re: TK65569.,TK65569,HIGH,YES
MSG03818,Reference number TK48998. My invoice doesn't match what I agreed to. Hoping to hear back this week. Appreciate your help.,TK48998,LOW,YES
MSG03819,I can't access the API at all. Thanks. (ref: TK37734),TK37734,HIGH,NO
MSG03820,Case TK40862. What I received doesn't work at all. Whenever you get a chance is fine. Thanks.,TK40862,LOW,YES
MSG03821,My login keeps failing after the update. No rush at all. Ticket #TK65899.,TK65899,LOW,NO
MSG03822,Case TK11265. There's a charge I don't recognize. I need this resolved right away. Let me know what you need from me.,TK11265,MEDIUM,YES
MSG03823,Reference number TK54702. My order still hasn't arrived. This is the second time I've reached out about this. Let me know when you can.,TK54702,HIGH,YES
MSG03824,Case TK68790. I was charged twice this month. Let me know what you need from me.,TK68790,HIGH,YES
MSG03825,What I received doesn't work at all. Thanks. (ref: TK48365),TK48365,HIGH,YES
MSG03826,Ticket #TK45314. Any chance bulk export could be supported? Whenever you get a chance is fine. Appreciate your help.,TK45314,LOW,NO
MSG03827,The package showed up damaged. (ref: TK35867),TK35867,HIGH,YES
MSG03828,Re: TK97702. I can't access the dashboard at all. Would appreciate a response soon.,TK97702,LOW,YES
MSG03829,Everything is offline on my end. Hoping to hear back this week. Let me know what you need from me. Re: TK25785.,TK25785,HIGH,YES
MSG03830,There's a charge I don't recognize. Thanks. (ref: TK28480),TK28480,LOW,NO
MSG03831,Case TK25120. The delivery is way later than promised. No rush at all.,TK25120,HIGH,YES
MSG03832,Tracking hasn't updated in days. I've already emailed twice with no reply. Thanks. Ticket #TK34539.,TK34539,LOW,NO
MSG03833,I'm locked out of my account. I need this resolved right away. Ticket #TK87065.,TK87065,HIGH,YES
MSG03834,Case TK20130. I'm locked out of my account. Please treat this as high priority. Appreciate your help.,TK20130,LOW,NO
MSG03835,Could you clarify something about my plan? Whenever you get a chance is fine. Let me know what you need from me. Reference number TK70229.,TK70229,LOW,NO
MSG03836,(ref: TK23640) My invoice doesn't match what I agreed to. I've already emailed twice with no reply. Not time-sensitive. Appreciate your help.,TK23640,LOW,YES
MSG03837,Re: TK18393. The package showed up damaged. I've already emailed twice with no reply. Let me know what you need from me.,TK18393,MEDIUM,YES
MSG03838,Re: TK54119. Just wondering how the mobile app works. Not time-sensitive.,TK54119,LOW,NO
MSG03839,My order still hasn't arrived. (ref: TK60984),TK60984,HIGH,YES
MSG03840,Reference number TK13269. Tracking hasn't updated in days. I've already emailed twice with no reply. Let me know what you need from me.,TK13269,HIGH,YES
MSG03841,Reference number TK31554. The delivery is way later than promised. This is urgent. Let me know what you need from me.,TK31554,HIGH,NO
MSG03842,Case TK22662. It would be great if you added SSO login. Whenever you get a chance is fine. Thanks.,TK22662,HIGH,YES
MSG03843,Ticket #TK38709. The item arrived broken. I've already emailed twice with no reply. Let me know what you need from me.,TK38709,HIGH,YES
MSG03844,I was charged twice this month. I need this resolved right away. Appreciate your help. Ticket #TK43179.,TK43179,HIGH,NO
MSG03845,Tracking hasn't updated in days. This is urgent. (ref: TK95614),TK95614,LOW,NO
MSG03846,The item arrived broken. I contacted support about this last week too. Not time-sensitive. Re: TK97565.,TK97565,LOW,NO
MSG03847,I'm locked out of my account. Case TK50970.,TK50970,LOW,NO
MSG03848,What I received doesn't work at all. Appreciate your help. Ticket #TK83100.,TK83100,LOW,YES
MSG03849,Reference number TK94381. The item arrived broken.,TK94381,LOW,NO
MSG03850,I was charged twice this month. I need this resolved right away. Thanks. Ticket #TK78446.,TK78446,HIGH,NO
MSG03851,The package showed up damaged. No rush at all. Thanks. Case TK18906.,TK18906,LOW,YES
MSG03852,It would be great if you added a public API. This is the second time I've reached out about this. I need this resolved right away. Reference number TK31983.,TK31983,LOW,YES
MSG03853,Ticket #TK91434. Have you considered a public API? I need this resolved right away. Appreciate your help.,TK91434,LOW,YES
MSG03854,Ticket #TK50129. The package showed up damaged. This is urgent. Let me know what you need from me.,TK50129,HIGH,YES
MSG03855,Ticket #TK83679. The item arrived broken.,TK83679,HIGH,NO
MSG03856,ticket #tk58646. everything is offline on my end. i need this resolved right away. let me know what you need from me.,TK58646,HIGH,NO
MSG03857,My invoice doesn't match what I agreed to. Let me know what you need from me. Reference number TK10111.,TK10111,LOW,YES
MSG03858,Re: TK18945. I'm locked out of my account.,TK18945,HIGH,NO
MSG03859,(ref: TK99439) The item arrived broken. Whenever you get a chance is fine. Appreciate your help.,TK99439,LOW,NO
MSG03860,Reference number TK75413. What I received doesn't work at all. Thanks.,TK75413,LOW,YES
MSG03861,Your service has been down since about an hour ago. This is urgent. Appreciate your help. Ticket #TK69678.,TK69678,HIGH,YES
MSG03862,Everything is offline on my end. Thanks. Reference number TK62122.,TK62122,LOW,NO
MSG03863,There's a charge I don't recognize. I contacted support about this last week too. Thanks. Reference number TK95778.,TK95778,HIGH,YES
MSG03864,Reference number TK64767. Could you clarify something about my plan? I've already emailed twice with no reply. Not time-sensitive. Let me know what you need from me.,TK64767,LOW,YES
MSG03865,My order still hasn't arrived. Let me know when you can. Appreciate your help. Re: TK90086.,TK90086,HIGH,YES
MSG03866,Ticket #TK45472. My order still hasn't arrived. Please treat this as high priority. Thanks.,TK45472,LOW,YES
MSG03867,Ticket #TK18367. There's a charge I don't recognize. Whenever you get a chance is fine. Thanks.,TK18367,LOW,NO
MSG03868,Reference number TK57133. I can't sign in no matter what I try. This is the second time I've reached out about this. Thanks.,TK57133,LOW,YES
MSG03869,Re: TK06977. Any chance bulk export could be supported? Would appreciate a response soon.,TK06977,LOW,NO
MSG03870,(ref: TK94327) The package showed up damaged. Let me know when you can. Thanks.,TK94327,LOW,NO
MSG03871,tracking hasn't updated in days. this is the second time i've reached out about this. let me know what you need from me. (ref: tk95535),TK95535,LOW,YES
MSG03872,reference number tk12032. everything is offline on my end. appreciate your help.,TK12032,LOW,NO
MSG03873,My login keeps failing after the update. Appreciate your help. Reference number TK30814.,TK30814,HIGH,YES
MSG03874,reference number tk22818. i can't sign in no matter what i try. i need this resolved right away. appreciate your help.,TK22818,LOW,YES
MSG03875,There's a charge I don't recognize. Please treat this as high priority. Let me know what you need from me. Re: TK48630.,TK48630,LOW,YES
MSG03876,Could you clarify something about my plan? Hoping to hear back this week. Ticket #TK39896.,TK39896,HIGH,NO
MSG03877,Case TK99582. The item arrived broken. Thanks.,TK99582,LOW,YES
MSG03878,just wondering how the mobile app works. i contacted support about this last week too. not time-sensitive. thanks. ticket #tk06060.,TK06060,HIGH,NO
MSG03879,My login keeps failing after the update. I contacted support about this last week too. Re: TK75290.,TK75290,LOW,NO
MSG03880,my invoice doesn't match what i agreed to. this is urgent. let me know what you need from me. ticket #tk23995.,TK23995,LOW,YES
MSG03881,Reference number TK29924. Have you considered SSO login? I've already emailed twice with no reply.,TK29924,MEDIUM,YES
MSG03882,(ref: TK09024) It would be great if you added usage alerts. Not time-sensitive. Let me know what you need from me.,TK09024,LOW,YES
MSG03883,my order still hasn't arrived. i need this resolved right away. let me know what you need from me. re: tk94625.,TK94625,HIGH,NO
MSG03884,What I received doesn't work at all. I contacted support about this last week too. Thanks. Reference number TK98522.,TK98522,HIGH,YES
MSG03885,(ref: TK80082) I was charged twice this month. Thanks.,TK80082,LOW,NO
MSG03886,I can't access the API at all. Case TK37803.,TK37803,LOW,NO
MSG03887,Tracking hasn't updated in days. Would appreciate a response soon. Thanks. Case TK90567.,TK90567,HIGH,YES
MSG03888,What I received doesn't work at all. No rush at all. Appreciate your help. Re: TK38960.,TK38960,LOW,NO
MSG03889,Everything is offline on my end. Please treat this as high priority. Let me know what you need from me. Ticket #TK22248.,TK22248,HIGH,YES
MSG03890,I'm locked out of my account. Appreciate your help. Reference number TK59365.,TK59365,LOW,YES
MSG03891,I was charged twice this month. Would appreciate a response soon. Appreciate your help. Ticket #TK23988.,TK23988,HIGH,NO
MSG03892,Case TK89415. The item arrived broken. Please treat this as high priority. Appreciate your help.,TK89415,HIGH,NO
MSG03893,case tk24712. my invoice doesn't match what i agreed to. whenever you get a chance is fine. thanks.,TK24712,HIGH,YES
MSG03894,Case TK85901. I can't sign in no matter what I try.,TK85901,HIGH,YES
MSG03895,Could you clarify something about my plan? Let me know what you need from me. Ticket #TK66457.,TK66457,HIGH,NO
MSG03896,(ref: TK88822) My invoice doesn't match what I agreed to. This is the second time I've reached out about this. Let me know what you need from me.,TK88822,MEDIUM,NO
MSG03897,There's a charge I don't recognize. I've already emailed twice with no reply. Not time-sensitive. Re: TK24987.,TK24987,LOW,YES
MSG03898,Have you considered a public API? Appreciate your help. Ticket #TK63812.,TK63812,MEDIUM,NO
MSG03899,There's a charge I don't recognize. No rush at all. Appreciate your help. Re: TK05567.,TK05567,MEDIUM,NO
MSG03900,Ticket #TK02301. The package showed up damaged. Hoping to hear back this week.,TK02301,HIGH,NO
MSG03901,Reference number TK01530. My login keeps failing after the update. Let me know what you need from me.,TK01530,LOW,NO
MSG03902,Reference number TK49133. I can't access the dashboard at all. Appreciate your help.,TK49133,HIGH,YES
MSG03903,Re: TK79476. I was charged twice this month. This is urgent. Thanks.,TK79476,MEDIUM,YES
MSG03904,Case TK93506. What I received doesn't work at all. Let me know what you need from me.,TK93506,MEDIUM,NO
MSG03905,The item arrived broken. Please treat this as high priority. Re: TK71581.,TK71581,HIGH,NO
MSG03906,Could you clarify something about my plan? Let me know when you can. Reference number TK34121.,TK34121,LOW,YES
MSG03907,Could you clarify something about my plan? I've already emailed twice with no reply. I need this resolved right away. Thanks. (ref: TK50027),TK50027,HIGH,NO
MSG03908,I'm locked out of my account. Hoping to hear back this week. Let me know what you need from me. Case TK83125.,TK83125,HIGH,YES
MSG03909,The package showed up damaged. I've already emailed twice with no reply. Please treat this as high priority. Appreciate your help. Case TK11736.,TK11736,LOW,YES
MSG03910,Re: TK46716. I can't sign in no matter what I try. Let me know what you need from me.,TK46716,LOW,YES
MSG03911,Case TK13575. Quick question about the dashboard. I need this resolved right away. Thanks.,TK13575,LOW,NO
MSG03912,The item arrived broken. Let me know what you need from me. (ref: TK36517),TK36517,LOW,NO
MSG03913,(ref: TK82476) I was charged twice this month. This is the second time I've reached out about this. Please treat this as high priority. Let me know what you need from me.,TK82476,HIGH,YES
MSG03914,There's a charge I don't recognize. Thanks. Case TK42733.,TK42733,HIGH,NO
MSG03915,My order still hasn't arrived. Would appreciate a response soon. Let me know what you need from me. (ref: TK26002),TK26002,LOW,NO
MSG03916,Re: TK00962. My invoice doesn't match what I agreed to. Let me know when you can. Appreciate your help.,TK00962,MEDIUM,YES
MSG03917,It would be great if you added a public API. Thanks. (ref: TK71676),TK71676,LOW,NO
MSG03918,Re: TK55427. I can't access my account at all. This is the second time I've reached out about this. Appreciate your help.,TK55427,HIGH,NO
MSG03919,Reference number TK04437. There's a charge I don't recognize.,TK04437,LOW,YES
MSG03920,I can't access my account at all. No rush at all. Let me know what you need from me. Reference number TK66426.,TK66426,LOW,NO
MSG03921,(ref: tk05912) quick question about the api. would appreciate a response soon.,TK05912,LOW,NO
MSG03922,(ref: TK32958) Just wondering how the billing portal works. This is urgent.,TK32958,HIGH,NO
MSG03923,Case TK96324. I can't access my account at all. Let me know what you need from me.,TK96324,HIGH,YES
MSG03924,Re: TK87418. What I received doesn't work at all. Not time-sensitive. Appreciate your help.,TK87418,HIGH,YES
MSG03925,my order still hasn't arrived. this is the second time i've reached out about this. not time-sensitive. thanks. (ref: tk25418),TK25418,LOW,YES
MSG03926,(ref: TK38656) Tracking hasn't updated in days. No rush at all.,TK38656,LOW,YES
MSG03927,The package showed up damaged. Hoping to hear back this week. Let me know what you need from me. Reference number TK91845.,TK91845,LOW,NO
MSG03928,Could you clarify something about my plan? I've already emailed twice with no reply. I need this resolved right away. Reference number TK91508.,TK91508,LOW,YES
MSG03929,Ticket #TK84439. I can't access the API at all. No rush at all. Thanks.,TK84439,HIGH,NO
MSG03930,Ticket #TK55730. Have you considered bulk export? Thanks.,TK55730,LOW,YES
MSG03931,I was charged twice this month. Please treat this as high priority. Appreciate your help. Case TK88590.,TK88590,HIGH,YES
MSG03932,My invoice doesn't match what I agreed to. Appreciate your help. Reference number TK90726.,TK90726,LOW,NO
MSG03933,(ref: TK11123) There's a charge I don't recognize. Hoping to hear back this week.,TK11123,MEDIUM,NO
MSG03934,reference number tk15640. my order still hasn't arrived. whenever you get a chance is fine.,TK15640,MEDIUM,YES
MSG03935,Everything is offline on my end. Whenever you get a chance is fine. Appreciate your help. Re: TK25118.,TK25118,HIGH,YES
MSG03936,I was charged twice this month. Not time-sensitive. Re: TK74582.,TK74582,HIGH,NO
MSG03937,Everything is offline on my end. This is the second time I've reached out about this. Not time-sensitive. Thanks. Re: TK06053.,TK06053,HIGH,NO
MSG03938,The package showed up damaged. I've already emailed twice with no reply. Please treat this as high priority. Thanks. Re: TK45942.,TK45942,HIGH,NO
MSG03939,i'm locked out of my account. i need this resolved right away. (ref: tk18823),TK18823,HIGH,YES
MSG03940,Case TK02101. The delivery is way later than promised.,TK02101,LOW,YES
MSG03941,My invoice doesn't match what I agreed to. I contacted support about this last week too. Let me know what you need from me. (ref: TK55718),TK55718,HIGH,NO
MSG03942,Have you considered usage alerts? Let me know when you can. Thanks. Case TK39721.,TK39721,LOW,NO
MSG03943,I can't sign in no matter what I try. Please treat this as high priority. Ticket #TK77290.,TK77290,LOW,NO
MSG03944,Reference number TK82210. Any chance bulk export could be supported? Appreciate your help.,TK82210,LOW,NO
MSG03945,(ref: tk50326) it would be great if you added dark mode. hoping to hear back this week. let me know what you need from me.,TK50326,LOW,YES
MSG03946,it would be great if you added bulk export. let me know what you need from me. ticket #tk08501.,TK08501,HIGH,NO
MSG03947,(ref: TK94773) I can't access my account at all. Thanks.,TK94773,LOW,NO
MSG03948,The package showed up damaged. Not time-sensitive. Appreciate your help. Reference number TK40893.,TK40893,LOW,NO
MSG03949,Ticket #TK63044. I was charged twice this month. Let me know what you need from me.,TK63044,HIGH,YES
MSG03950,I'm locked out of my account. Let me know what you need from me. Reference number TK29458.,TK29458,LOW,NO
MSG03951,(ref: TK14749) What I received doesn't work at all. Please treat this as high priority. Appreciate your help.,TK14749,MEDIUM,YES
MSG03952,I can't access the API at all. Please treat this as high priority. Reference number TK57450.,TK57450,HIGH,YES
MSG03953,My invoice doesn't match what I agreed to. This is urgent. Let me know what you need from me. Re: TK83039.,TK83039,LOW,NO
MSG03954,I can't access the API at all. This is urgent. Let me know what you need from me. Re: TK68006.,TK68006,HIGH,YES
MSG03955,Re: TK84386. Tracking hasn't updated in days. No rush at all.,TK84386,HIGH,YES
MSG03956,(ref: TK84507) There's a charge I don't recognize. Hoping to hear back this week. Thanks.,TK84507,LOW,YES
MSG03957,any chance usage alerts could be supported? this is the second time i've reached out about this. whenever you get a chance is fine. appreciate your help. (ref: tk19725),TK19725,MEDIUM,YES
MSG03958,Re: TK04802. My login keeps failing after the update. This is the second time I've reached out about this. This is urgent. Let me know what you need from me.,TK04802,HIGH,NO
MSG03959,Ticket #TK26365. My invoice doesn't match what I agreed to. Please treat this as high priority. Let me know what you need from me.,TK26365,HIGH,YES
MSG03960,Case TK44143. My order still hasn't arrived. Let me know what you need from me.,TK44143,HIGH,YES
MSG03961,My invoice doesn't match what I agreed to. Thanks. Ticket #TK41291.,TK41291,LOW,YES
MSG03962,There's a charge I don't recognize. Re: TK69097.,TK69097,HIGH,YES
MSG03963,Just wondering how my account works. I contacted support about this last week too. Would appreciate a response soon. Thanks. Re: TK55142.,TK55142,HIGH,NO
MSG03964,Case TK58138. Everything is offline on my end.,TK58138,HIGH,NO
MSG03965,Your service has been down since last night. Not time-sensitive. Reference number TK17019.,TK17019,HIGH,YES
MSG03966,The item arrived broken. This is the second time I've reached out about this. Let me know what you need from me. Reference number TK14285.,TK14285,LOW,NO
MSG03967,Tracking hasn't updated in days. Not time-sensitive. Let me know what you need from me. Reference number TK35033.,TK35033,LOW,YES
MSG03968,Could you clarify something about my plan? Hoping to hear back this week. Thanks. Reference number TK77807.,TK77807,HIGH,YES
MSG03969,just wondering how the dashboard works. this is urgent. appreciate your help. reference number tk51370.,TK51370,HIGH,NO
MSG03970,The package showed up damaged. Whenever you get a chance is fine. Appreciate your help. Reference number TK29343.,TK29343,LOW,YES
MSG03971,Ticket #TK93759. What I received doesn't work at all. Whenever you get a chance is fine. Thanks.,TK93759,HIGH,NO
MSG03972,Case TK70031. Everything is offline on my end.,TK70031,HIGH,NO
MSG03973,It would be great if you added a public API. Would appreciate a response soon. Thanks. (ref: TK33510),TK33510,LOW,YES
MSG03974,Ticket #TK80408. What I received doesn't work at all. Let me know what you need from me.,TK80408,LOW,NO
MSG03975,What I received doesn't work at all. This is urgent. (ref: TK01625),TK01625,HIGH,NO
MSG03976,Could you clarify something about my plan? Case TK62603.,TK62603,LOW,NO
MSG03977,I can't sign in no matter what I try. No rush at all. Thanks. (ref: TK23923),TK23923,HIGH,NO
MSG03978,Ticket #TK65464. Everything is offline on my end. I've already emailed twice with no reply. This is urgent.,TK65464,LOW,YES
MSG03979,I can't sign in no matter what I try. Please treat this as high priority. Let me know what you need from me. (ref: TK30366),TK30366,HIGH,YES
MSG03980,My order still hasn't arrived. I need this resolved right away. (ref: TK31915),TK31915,LOW,YES
MSG03981,(ref: TK79183) My login keeps failing after the update. Not time-sensitive. Appreciate your help.,TK79183,MEDIUM,YES
MSG03982,(ref: TK49754) Quick question about my account. Would appreciate a response soon. Let me know what you need from me.,TK49754,HIGH,YES
MSG03983,Reference number TK92418. The delivery is way later than promised. Appreciate your help.,TK92418,LOW,NO
MSG03984,Ticket #TK90006. I can't access the API at all. I've already emailed twice with no reply. Thanks.,TK90006,HIGH,NO
MSG03985,There's a charge I don't recognize. Whenever you get a chance is fine. Thanks. Case TK73482.,TK73482,LOW,YES
MSG03986,Case TK27407. My login keeps failing after the update. I need this resolved right away. Appreciate your help.,TK27407,LOW,NO
MSG03987,(ref: TK51755) My order still hasn't arrived.,TK51755,LOW,YES
MSG03988,Re: TK25419. Your service has been down since yesterday. No rush at all.,TK25419,MEDIUM,YES
MSG03989,The delivery is way later than promised. No rush at all. Appreciate your help. (ref: TK41710),TK41710,HIGH,NO
MSG03990,Re: TK36607. What I received doesn't work at all. Would appreciate a response soon. Thanks.,TK36607,HIGH,NO
MSG03991,Ticket #TK13497. Could you clarify something about my plan? I contacted support about this last week too. This is urgent. Thanks.,TK13497,LOW,YES
MSG03992,It would be great if you added bulk export. This is urgent. Reference number TK71723.,TK71723,LOW,NO
MSG03993,The package showed up damaged. Thanks. Case TK73859.,TK73859,LOW,NO
MSG03994,Reference number TK92795. There's a charge I don't recognize. This is urgent. Let me know what you need from me.,TK92795,LOW,NO
MSG03995,Re: TK46949. I can't sign in no matter what I try. Not time-sensitive. Appreciate your help.,TK46949,HIGH,YES
MSG03996,(ref: TK72826) The package showed up damaged. I contacted support about this last week too. Thanks.,TK72826,LOW,YES
MSG03997,Have you considered dark mode? Whenever you get a chance is fine. Thanks. (ref: TK30525),TK30525,HIGH,YES
MSG03998,Case TK35801. My order still hasn't arrived. I contacted support about this last week too. Whenever you get a chance is fine. Thanks.,TK35801,HIGH,NO
MSG03999,Ticket #TK47468. I can't access the billing portal at all. Hoping to hear back this week. Let me know what you need from me.,TK47468,HIGH,NO
MSG04000,The delivery is way later than promised. No rush at all. Thanks. Re: TK12103.,TK12103,LOW,NO
