message_id,raw_message,priority,escalate
MSG00001,Everything is offline on my end. Not time-sensitive. Let me know what you need from me.,LOW,YES
MSG00002,I can't access the mobile app at all. Not time-sensitive. Thanks.,HIGH,NO
MSG00003,My login keeps failing after the update. Hoping to hear back this week. Appreciate your help.,MEDIUM,YES
MSG00004,Your service has been down since this morning. Hoping to hear back this week. Thanks.,MEDIUM,YES
MSG00005,I was charged twice this month. Would appreciate a response soon. Thanks.,HIGH,NO
MSG00006,My order still hasn't arrived. I contacted support about this last week too. Let me know what you need from me.,LOW,YES
MSG00007,i'm locked out of my account. hoping to hear back this week.,HIGH,NO
MSG00008,There's a charge I don't recognize. Not time-sensitive. Appreciate your help.,LOW,NO
MSG00009,I can't access the mobile app at all. Would appreciate a response soon.,MEDIUM,NO
MSG00010,It would be great if you added bulk export. Let me know what you need from me.,MEDIUM,NO
MSG00011,Tracking hasn't updated in days. This is the second time I've reached out about this.,LOW,NO
MSG00012,Any chance bulk export could be supported? I contacted support about this last week too. Let me know what you need from me.,LOW,NO
MSG00013,i'm locked out of my account. let me know when you can. appreciate your help.,HIGH,YES
MSG00014,My login keeps failing after the update. I contacted support about this last week too. Appreciate your help.,MEDIUM,YES
MSG00015,I was charged twice this month. Appreciate your help.,HIGH,NO
MSG00016,Quick question about the dashboard. No rush at all.,LOW,NO
MSG00017,My invoice doesn't match what I agreed to.,MEDIUM,NO
MSG00018,I'm locked out of my account. No rush at all. Let me know what you need from me.,LOW,NO
MSG00019,The item arrived broken. I've already emailed twice with no reply. Please treat this as high priority. Thanks.,MEDIUM,YES
MSG00020,Could you clarify something about my plan? Thanks.,MEDIUM,NO
MSG00021,Could you clarify something about my plan? Appreciate your help.,HIGH,YES
MSG00022,I was charged twice this month. Please treat this as high priority. Thanks.,HIGH,YES
MSG00023,Could you clarify something about my plan? No rush at all. Let me know what you need from me.,LOW,NO
MSG00024,Could you clarify something about my plan? Let me know what you need from me.,LOW,NO
MSG00025,The item arrived broken. I contacted support about this last week too. Appreciate your help.,HIGH,NO
MSG00026,It would be great if you added SSO login.,LOW,NO
MSG00027,My invoice doesn't match what I agreed to. No rush at all.,LOW,NO
MSG00028,It would be great if you added usage alerts. I've already emailed twice with no reply.,HIGH,YES
MSG00029,I'm locked out of my account. I contacted support about this last week too. Let me know what you need from me.,HIGH,YES
MSG00030,Tracking hasn't updated in days. Thanks.,MEDIUM,NO
MSG00031,My login keeps failing after the update. I've already emailed twice with no reply. Not time-sensitive.,HIGH,NO
MSG00032,Could you clarify something about my plan? Please treat this as high priority.,MEDIUM,NO
MSG00033,Any chance bulk export could be supported? Hoping to hear back this week. Let me know what you need from me.,MEDIUM,NO
MSG00034,There's a charge I don't recognize. Whenever you get a chance is fine. Let me know what you need from me.,HIGH,NO
MSG00035,What I received doesn't work at all. Please treat this as high priority. Let me know what you need from me.,HIGH,YES
MSG00036,Could you clarify something about my plan? This is the second time I've reached out about this. Let me know when you can. Appreciate your help.,LOW,YES
MSG00037,Tracking hasn't updated in days. Would appreciate a response soon. Let me know what you need from me.,LOW,NO
MSG00038,what i received doesn't work at all. no rush at all.,LOW,YES
MSG00039,Everything is offline on my end. Hoping to hear back this week. Appreciate your help.,HIGH,NO
MSG00040,The item arrived broken. I contacted support about this last week too.,MEDIUM,YES
MSG00041,Just wondering how the dashboard works. Not time-sensitive. Let me know what you need from me.,MEDIUM,NO
MSG00042,What I received doesn't work at all. I contacted support about this last week too. Would appreciate a response soon. Appreciate your help.,LOW,YES
MSG00043,Have you considered dark mode?,MEDIUM,YES
MSG00044,I can't access the billing portal at all. Thanks.,HIGH,YES
MSG00045,My invoice doesn't match what I agreed to. I've already emailed twice with no reply. Thanks.,LOW,YES
MSG00046,Your service has been down since about an hour ago. I need this resolved right away. Let me know what you need from me.,HIGH,YES
MSG00047,everything is offline on my end. let me know what you need from me.,HIGH,YES
MSG00048,I can't access my account at all.,MEDIUM,YES
MSG00049,The package showed up damaged. Let me know when you can. Appreciate your help.,MEDIUM,NO
MSG00050,The delivery is way later than promised. Thanks.,HIGH,YES
MSG00051,There's a charge I don't recognize. Let me know when you can. Thanks.,LOW,YES
MSG00052,What I received doesn't work at all. Appreciate your help.,MEDIUM,NO
MSG00053,My invoice doesn't match what I agreed to. Not time-sensitive.,HIGH,YES
MSG00054,The item arrived broken. Let me know when you can. Thanks.,HIGH,NO
MSG00055,What I received doesn't work at all. Appreciate your help.,LOW,YES
MSG00056,My login keeps failing after the update. Let me know what you need from me.,HIGH,NO
MSG00057,Any chance dark mode could be supported? I've already emailed twice with no reply. Let me know when you can.,HIGH,YES
MSG00058,I can't sign in no matter what I try. I contacted support about this last week too. I need this resolved right away. Appreciate your help.,HIGH,YES
MSG00059,I was charged twice this month. I contacted support about this last week too. This is urgent. Thanks.,HIGH,YES
MSG00060,Have you considered bulk export? Hoping to hear back this week.,MEDIUM,NO
MSG00061,I was charged twice this month. Whenever you get a chance is fine. Appreciate your help.,MEDIUM,YES
MSG00062,any chance bulk export could be supported? thanks.,LOW,NO
MSG00063,The delivery is way later than promised. Whenever you get a chance is fine. Let me know what you need from me.,MEDIUM,YES
MSG00064,Just wondering how my account works. No rush at all. Thanks.,LOW,NO
MSG00065,Any chance SSO login could be supported? Not time-sensitive. Let me know what you need from me.,MEDIUM,NO
MSG00066,i was charged twice this month. thanks.,HIGH,NO
MSG00067,It would be great if you added usage alerts. Whenever you get a chance is fine. Thanks.,MEDIUM,NO
MSG00068,have you considered bulk export? hoping to hear back this week. thanks.,MEDIUM,NO
MSG00069,Just wondering how my account works. Whenever you get a chance is fine.,LOW,NO
MSG00070,Have you considered dark mode? Thanks.,LOW,NO
MSG00071,The package showed up damaged. Please treat this as high priority.,HIGH,YES
MSG00072,My order still hasn't arrived. Whenever you get a chance is fine. Thanks.,HIGH,YES
MSG00073,Just wondering how the billing portal works.,LOW,NO
MSG00074,The item arrived broken. This is urgent. Appreciate your help.,HIGH,NO
MSG00075,My invoice doesn't match what I agreed to. Please treat this as high priority.,HIGH,YES
MSG00076,I can't sign in no matter what I try. Please treat this as high priority.,HIGH,YES
MSG00077,What I received doesn't work at all. Appreciate your help.,LOW,YES
MSG00078,What I received doesn't work at all. I contacted support about this last week too. Appreciate your help.,LOW,YES
MSG00079,I'm locked out of my account. Appreciate your help.,LOW,YES
MSG00080,The package showed up damaged. Appreciate your help.,LOW,NO
MSG00081,the item arrived broken. no rush at all.,MEDIUM,YES
MSG00082,I can't sign in no matter what I try. Appreciate your help.,LOW,YES
MSG00083,Any chance usage alerts could be supported?,LOW,NO
MSG00084,just wondering how the api works. please treat this as high priority. thanks.,HIGH,YES
MSG00085,Any chance bulk export could be supported? I've already emailed twice with no reply. Thanks.,HIGH,NO
MSG00086,My order still hasn't arrived. Let me know what you need from me.,LOW,YES
MSG00087,Quick question about the mobile app. Appreciate your help.,LOW,NO
MSG00088,The delivery is way later than promised. Hoping to hear back this week. Let me know what you need from me.,HIGH,NO
MSG00089,What I received doesn't work at all. Hoping to hear back this week.,LOW,YES
MSG00090,Your service has been down since this morning. Whenever you get a chance is fine.,MEDIUM,NO
MSG00091,My order still hasn't arrived. I need this resolved right away. Appreciate your help.,LOW,NO
MSG00092,The package showed up damaged. Hoping to hear back this week. Thanks.,MEDIUM,YES
MSG00093,The package showed up damaged. Appreciate your help.,MEDIUM,NO
MSG00094,What I received doesn't work at all. Whenever you get a chance is fine.,HIGH,NO
MSG00095,I can't access my account at all. Hoping to hear back this week. Appreciate your help.,LOW,YES
MSG00096,quick question about the dashboard. whenever you get a chance is fine. let me know what you need from me.,LOW,YES
MSG00097,the item arrived broken. appreciate your help.,MEDIUM,NO
MSG00098,Could you clarify something about my plan? Let me know what you need from me.,LOW,YES
MSG00099,I can't sign in no matter what I try. Thanks.,HIGH,NO
MSG00100,Any chance dark mode could be supported? Let me know what you need from me.,LOW,YES
MSG00101,My login keeps failing after the update. No rush at all. Thanks.,HIGH,YES
MSG00102,Everything is offline on my end. I need this resolved right away. Appreciate your help.,HIGH,YES
MSG00103,everything is offline on my end. please treat this as high priority. thanks.,HIGH,YES
MSG00104,I can't sign in no matter what I try.,MEDIUM,YES
MSG00105,Have you considered bulk export? I've already emailed twice with no reply. Whenever you get a chance is fine. Let me know what you need from me.,LOW,YES
MSG00106,the delivery is way later than promised. appreciate your help.,MEDIUM,NO
MSG00107,My invoice doesn't match what I agreed to. I've already emailed twice with no reply. Let me know what you need from me.,HIGH,YES
MSG00108,The item arrived broken. Whenever you get a chance is fine. Thanks.,MEDIUM,YES
MSG00109,There's a charge I don't recognize. Hoping to hear back this week. Let me know what you need from me.,HIGH,NO
MSG00110,It would be great if you added a public API. Not time-sensitive. Appreciate your help.,MEDIUM,NO
MSG00111,I'm locked out of my account. Thanks.,HIGH,NO
MSG00112,Could you clarify something about my plan? Let me know what you need from me.,LOW,YES
MSG00113,It would be great if you added SSO login. No rush at all. Let me know what you need from me.,LOW,NO
MSG00114,Just wondering how the API works. I've already emailed twice with no reply. Let me know when you can. Appreciate your help.,HIGH,NO
MSG00115,There's a charge I don't recognize. Not time-sensitive.,LOW,YES
MSG00116,Could you clarify something about my plan? Would appreciate a response soon. Appreciate your help.,MEDIUM,NO
MSG00117,My order still hasn't arrived. Thanks.,MEDIUM,YES
MSG00118,Have you considered dark mode? I contacted support about this last week too. Hoping to hear back this week.,LOW,NO
MSG00119,Quick question about my account. I've already emailed twice with no reply.,MEDIUM,YES
MSG00120,My login keeps failing after the update. Whenever you get a chance is fine. Thanks.,MEDIUM,YES
MSG00121,I can't access my account at all. This is urgent.,HIGH,YES
MSG00122,could you clarify something about my plan? no rush at all. let me know what you need from me.,LOW,NO
MSG00123,Quick question about the API. Thanks.,LOW,YES
MSG00124,I can't access the API at all. This is the second time I've reached out about this. This is urgent. Appreciate your help.,HIGH,YES
MSG00125,I was charged twice this month. Let me know what you need from me.,HIGH,NO
MSG00126,I'm locked out of my account. I've already emailed twice with no reply. Thanks.,HIGH,YES
MSG00127,My login keeps failing after the update. Whenever you get a chance is fine.,LOW,YES
MSG00128,My invoice doesn't match what I agreed to. Whenever you get a chance is fine. Appreciate your help.,LOW,YES
MSG00129,My invoice doesn't match what I agreed to. Would appreciate a response soon. Appreciate your help.,HIGH,YES
MSG00130,The package showed up damaged. This is the second time I've reached out about this. Appreciate your help.,HIGH,NO
MSG00131,Have you considered bulk export? Thanks.,LOW,YES
MSG00132,I can't access the mobile app at all. I contacted support about this last week too. Appreciate your help.,MEDIUM,YES
MSG00133,I'm locked out of my account. Appreciate your help.,LOW,YES
MSG00134,Your service has been down since last night. Hoping to hear back this week.,MEDIUM,NO
MSG00135,Could you clarify something about my plan? Appreciate your help.,LOW,NO
MSG00136,The item arrived broken. Appreciate your help.,LOW,YES
MSG00137,Any chance a public API could be supported? I need this resolved right away. Appreciate your help.,HIGH,YES
MSG00138,Tracking hasn't updated in days.,LOW,YES
MSG00139,I'm locked out of my account. Hoping to hear back this week.,HIGH,NO
MSG00140,Everything is offline on my end. I've already emailed twice with no reply. No rush at all.,HIGH,NO
MSG00141,My login keeps failing after the update. Appreciate your help.,HIGH,NO
MSG00142,The package showed up damaged. Whenever you get a chance is fine.,LOW,NO
MSG00143,Could you clarify something about my plan?,LOW,NO
MSG00144,There's a charge I don't recognize.,HIGH,YES
MSG00145,The item arrived broken. I've already emailed twice with no reply. Hoping to hear back this week.,LOW,YES
MSG00146,I'm locked out of my account. Thanks.,HIGH,NO
MSG00147,your service has been down since yesterday. i need this resolved right away.,HIGH,YES
MSG00148,I can't sign in no matter what I try. Thanks.,LOW,NO
MSG00149,Quick question about the billing portal. Not time-sensitive. Appreciate your help.,LOW,NO
MSG00150,My invoice doesn't match what I agreed to. Let me know what you need from me.,HIGH,YES
MSG00151,It would be great if you added a public API.,MEDIUM,NO
MSG00152,What I received doesn't work at all. No rush at all.,LOW,YES
MSG00153,Your service has been down since yesterday.,HIGH,YES
MSG00154,The item arrived broken. I contacted support about this last week too.,HIGH,NO
MSG00155,My login keeps failing after the update. Hoping to hear back this week.,MEDIUM,YES
MSG00156,There's a charge I don't recognize. No rush at all.,LOW,YES
MSG00157,It would be great if you added usage alerts. This is urgent.,HIGH,NO
MSG00158,What I received doesn't work at all. I've already emailed twice with no reply. No rush at all. Appreciate your help.,MEDIUM,NO
MSG00159,My login keeps failing after the update.,HIGH,NO
MSG00160,My invoice doesn't match what I agreed to. Hoping to hear back this week. Thanks.,HIGH,YES
MSG00161,it would be great if you added bulk export. let me know what you need from me.,LOW,YES
MSG00162,I'm locked out of my account. This is the second time I've reached out about this. Please treat this as high priority.,HIGH,YES
MSG00163,I can't sign in no matter what I try. This is the second time I've reached out about this. No rush at all. Appreciate your help.,HIGH,YES
MSG00164,What I received doesn't work at all. Would appreciate a response soon. Appreciate your help.,LOW,NO
MSG00165,It would be great if you added bulk export. Hoping to hear back this week.,MEDIUM,YES
MSG00166,My login keeps failing after the update. Please treat this as high priority.,MEDIUM,NO
MSG00167,my invoice doesn't match what i agreed to. i contacted support about this last week too. let me know what you need from me.,HIGH,NO
MSG00168,It would be great if you added dark mode. Thanks.,HIGH,NO
MSG00169,I was charged twice this month. Let me know when you can. Thanks.,HIGH,NO
MSG00170,Any chance bulk export could be supported? Please treat this as high priority.,HIGH,YES
MSG00171,Your service has been down since last night. Please treat this as high priority. Appreciate your help.,HIGH,NO
MSG00172,The delivery is way later than promised. No rush at all. Thanks.,HIGH,YES
MSG00173,I'm locked out of my account. I contacted support about this last week too. I need this resolved right away. Appreciate your help.,LOW,YES
MSG00174,The item arrived broken. Let me know when you can. Let me know what you need from me.,HIGH,YES
MSG00175,Quick question about the dashboard. Not time-sensitive. Let me know what you need from me.,MEDIUM,NO
MSG00176,have you considered a public api? let me know what you need from me.,MEDIUM,NO
MSG00177,my invoice doesn't match what i agreed to. thanks.,MEDIUM,YES
MSG00178,I'm locked out of my account. This is urgent. Let me know what you need from me.,HIGH,NO
MSG00179,Everything is offline on my end. No rush at all. Appreciate your help.,MEDIUM,YES
MSG00180,The package showed up damaged. No rush at all. Let me know what you need from me.,HIGH,NO
MSG00181,there's a charge i don't recognize. i need this resolved right away. thanks.,LOW,NO
MSG00182,Just wondering how the billing portal works. Not time-sensitive. Appreciate your help.,LOW,NO
MSG00183,my login keeps failing after the update. hoping to hear back this week. let me know what you need from me.,LOW,YES
MSG00184,The package showed up damaged. Let me know what you need from me.,HIGH,YES
MSG00185,I can't sign in no matter what I try. Hoping to hear back this week. Thanks.,MEDIUM,NO
MSG00186,The package showed up damaged. Would appreciate a response soon. Thanks.,MEDIUM,YES
MSG00187,Could you clarify something about my plan?,LOW,NO
MSG00188,I'm locked out of my account. I've already emailed twice with no reply. Let me know what you need from me.,HIGH,NO
MSG00189,I can't access my account at all. I need this resolved right away. Thanks.,HIGH,YES
MSG00190,I can't sign in no matter what I try. I've already emailed twice with no reply. Thanks.,LOW,YES
MSG00191,I'm locked out of my account. Let me know what you need from me.,MEDIUM,YES
MSG00192,what i received doesn't work at all. i contacted support about this last week too. would appreciate a response soon. appreciate your help.,MEDIUM,NO
MSG00193,Quick question about the API. Whenever you get a chance is fine. Let me know what you need from me.,LOW,NO
MSG00194,Could you clarify something about my plan? Whenever you get a chance is fine. Appreciate your help.,LOW,YES
MSG00195,could you clarify something about my plan? not time-sensitive. let me know what you need from me.,LOW,YES
MSG00196,It would be great if you added bulk export. This is the second time I've reached out about this. Whenever you get a chance is fine. Appreciate your help.,MEDIUM,YES
MSG00197,Have you considered SSO login? I need this resolved right away. Appreciate your help.,LOW,NO
MSG00198,Tracking hasn't updated in days. This is urgent. Appreciate your help.,LOW,YES
MSG00199,What I received doesn't work at all. Thanks.,MEDIUM,NO
MSG00200,There's a charge I don't recognize. Whenever you get a chance is fine. Thanks.,HIGH,YES
MSG00201,The package showed up damaged. No rush at all. Appreciate your help.,LOW,NO
MSG00202,My order still hasn't arrived. This is the second time I've reached out about this. Appreciate your help.,HIGH,YES
MSG00203,I was charged twice this month. This is urgent.,HIGH,YES
MSG00204,i can't sign in no matter what i try. let me know when you can. thanks.,HIGH,NO
MSG00205,i can't access my account at all. i've already emailed twice with no reply. would appreciate a response soon. let me know what you need from me.,MEDIUM,NO
MSG00206,Just wondering how the dashboard works. Would appreciate a response soon. Thanks.,LOW,YES
MSG00207,Any chance usage alerts could be supported? Let me know what you need from me.,LOW,NO
MSG00208,Could you clarify something about my plan? I need this resolved right away. Let me know what you need from me.,HIGH,NO
MSG00209,The delivery is way later than promised.,MEDIUM,NO
MSG00210,I can't access the dashboard at all.,HIGH,NO
MSG00211,i can't sign in no matter what i try. thanks.,LOW,YES
MSG00212,The delivery is way later than promised. I've already emailed twice with no reply. Let me know what you need from me.,HIGH,YES
MSG00213,The package showed up damaged. No rush at all. Thanks.,MEDIUM,YES
MSG00214,Your service has been down since last night. This is the second time I've reached out about this. Let me know what you need from me.,HIGH,YES
MSG00215,My order still hasn't arrived. This is the second time I've reached out about this. Hoping to hear back this week.,HIGH,YES
MSG00216,The item arrived broken. Appreciate your help.,LOW,NO
MSG00217,Everything is offline on my end. Hoping to hear back this week. Appreciate your help.,MEDIUM,YES
MSG00218,The item arrived broken. Appreciate your help.,HIGH,YES
MSG00219,My invoice doesn't match what I agreed to. I contacted support about this last week too. Thanks.,HIGH,YES
MSG00220,Quick question about the mobile app. Please treat this as high priority. Appreciate your help.,LOW,NO
MSG00221,Could you clarify something about my plan? Thanks.,MEDIUM,NO
MSG00222,I was charged twice this month. Whenever you get a chance is fine. Appreciate your help.,LOW,YES
MSG00223,I can't sign in no matter what I try. This is the second time I've reached out about this.,HIGH,YES
MSG00224,My login keeps failing after the update. Hoping to hear back this week.,HIGH,NO
MSG00225,I can't sign in no matter what I try.,LOW,YES
MSG00226,Your service has been down since this morning. Thanks.,MEDIUM,YES
MSG00227,I'm locked out of my account. Please treat this as high priority.,HIGH,YES
MSG00228,My login keeps failing after the update. Let me know when you can. Thanks.,LOW,NO
MSG00229,i can't access the dashboard at all.,LOW,NO
MSG00230,I was charged twice this month. Not time-sensitive. Appreciate your help.,MEDIUM,YES
MSG00231,Any chance a public API could be supported? Whenever you get a chance is fine. Appreciate your help.,HIGH,YES
MSG00232,Have you considered a public API? This is urgent.,MEDIUM,NO
MSG00233,I was charged twice this month. I've already emailed twice with no reply. This is urgent. Thanks.,MEDIUM,YES
MSG00234,I was charged twice this month. I contacted support about this last week too. Hoping to hear back this week. Let me know what you need from me.,HIGH,NO
MSG00235,the item arrived broken. thanks.,HIGH,NO
MSG00236,The delivery is way later than promised. Please treat this as high priority.,MEDIUM,NO
MSG00237,My login keeps failing after the update. I've already emailed twice with no reply. Let me know what you need from me.,HIGH,YES
MSG00238,The item arrived broken. Appreciate your help.,LOW,YES
MSG00239,I'm locked out of my account. Appreciate your help.,MEDIUM,YES
MSG00240,i can't sign in no matter what i try. not time-sensitive.,MEDIUM,YES
MSG00241,The package showed up damaged. I've already emailed twice with no reply. Whenever you get a chance is fine. Appreciate your help.,LOW,YES
MSG00242,Have you considered a public API? This is the second time I've reached out about this. This is urgent.,HIGH,YES
MSG00243,I was charged twice this month. This is the second time I've reached out about this. Let me know what you need from me.,LOW,NO
MSG00244,I'm locked out of my account. I've already emailed twice with no reply. Appreciate your help.,HIGH,YES
MSG00245,it would be great if you added sso login. whenever you get a chance is fine.,MEDIUM,NO
MSG00246,my invoice doesn't match what i agreed to.,MEDIUM,YES
MSG00247,Quick question about the dashboard. I contacted support about this last week too. Whenever you get a chance is fine. Appreciate your help.,LOW,NO
MSG00248,My login keeps failing after the update. I contacted support about this last week too. I need this resolved right away. Thanks.,HIGH,YES
MSG00249,my order still hasn't arrived. would appreciate a response soon. appreciate your help.,HIGH,YES
MSG00250,Everything is offline on my end. Please treat this as high priority.,HIGH,YES
MSG00251,The delivery is way later than promised. Appreciate your help.,MEDIUM,NO
MSG00252,My invoice doesn't match what I agreed to. Not time-sensitive. Thanks.,LOW,YES
MSG00253,my order still hasn't arrived. would appreciate a response soon.,MEDIUM,NO
MSG00254,There's a charge I don't recognize.,MEDIUM,YES
MSG00255,I was charged twice this month.,MEDIUM,NO
MSG00256,What I received doesn't work at all. Let me know what you need from me.,LOW,YES
MSG00257,i was charged twice this month.,LOW,NO
MSG00258,I can't sign in no matter what I try. I've already emailed twice with no reply. Let me know when you can. Let me know what you need from me.,HIGH,YES
MSG00259,Could you clarify something about my plan? This is urgent. Thanks.,MEDIUM,YES
MSG00260,I can't sign in no matter what I try. Whenever you get a chance is fine. Let me know what you need from me.,MEDIUM,YES
MSG00261,i can't sign in no matter what i try. let me know when you can. let me know what you need from me.,HIGH,YES
MSG00262,The delivery is way later than promised. Not time-sensitive. Appreciate your help.,HIGH,NO
MSG00263,Everything is offline on my end. Not time-sensitive. Appreciate your help.,HIGH,YES
MSG00264,The package showed up damaged.,MEDIUM,NO
MSG00265,the delivery is way later than promised. i've already emailed twice with no reply. not time-sensitive. let me know what you need from me.,HIGH,NO
MSG00266,What I received doesn't work at all. Would appreciate a response soon. Let me know what you need from me.,MEDIUM,YES
MSG00267,Just wondering how the mobile app works. This is the second time I've reached out about this. Not time-sensitive. Let me know what you need from me.,LOW,NO
MSG00268,I was charged twice this month. Not time-sensitive.,LOW,NO
MSG00269,have you considered dark mode? would appreciate a response soon. appreciate your help.,HIGH,YES
MSG00270,Any chance bulk export could be supported? Not time-sensitive. Appreciate your help.,MEDIUM,YES
MSG00271,I'm locked out of my account.,LOW,YES
MSG00272,your service has been down since about an hour ago. this is the second time i've reached out about this. whenever you get a chance is fine. appreciate your help.,HIGH,YES
MSG00273,I can't access the billing portal at all. Would appreciate a response soon. Let me know what you need from me.,HIGH,YES
MSG00274,Have you considered dark mode? Thanks.,HIGH,NO
MSG00275,Just wondering how my account works. Thanks.,LOW,NO
MSG00276,Have you considered SSO login? Appreciate your help.,MEDIUM,NO
MSG00277,The item arrived broken.,LOW,NO
MSG00278,There's a charge I don't recognize.,HIGH,NO
MSG00279,I was charged twice this month. This is urgent.,LOW,YES
MSG00280,I can't access the mobile app at all. I need this resolved right away. Thanks.,MEDIUM,YES
MSG00281,Have you considered SSO login? Whenever you get a chance is fine. Thanks.,HIGH,NO
MSG00282,It would be great if you added a public API. Whenever you get a chance is fine. Thanks.,HIGH,NO
MSG00283,There's a charge I don't recognize. No rush at all. Let me know what you need from me.,LOW,YES
MSG00284,My order still hasn't arrived. Let me know when you can.,LOW,NO
MSG00285,I can't access my account at all. This is urgent. Let me know what you need from me.,HIGH,YES
MSG00286,tracking hasn't updated in days. not time-sensitive.,HIGH,NO
MSG00287,Just wondering how the API works. I need this resolved right away. Let me know what you need from me.,LOW,YES
MSG00288,Quick question about the billing portal. Appreciate your help.,LOW,YES
MSG00289,The package showed up damaged. Appreciate your help.,LOW,NO
MSG00290,It would be great if you added dark mode. Let me know what you need from me.,LOW,YES
MSG00291,I'm locked out of my account. Thanks.,LOW,YES
MSG00292,have you considered dark mode? hoping to hear back this week.,LOW,NO
MSG00293,The package showed up damaged. Let me know when you can. Let me know what you need from me.,HIGH,YES
MSG00294,Everything is offline on my end. Appreciate your help.,HIGH,YES
MSG00295,it would be great if you added a public api. appreciate your help.,LOW,NO
MSG00296,Everything is offline on my end. Hoping to hear back this week. Appreciate your help.,MEDIUM,NO
MSG00297,My order still hasn't arrived. Let me know when you can.,MEDIUM,YES
MSG00298,any chance a public api could be supported? i've already emailed twice with no reply. no rush at all.,LOW,YES
MSG00299,My login keeps failing after the update. This is urgent. Appreciate your help.,LOW,YES
MSG00300,It would be great if you added a public API. This is the second time I've reached out about this. Let me know when you can.,LOW,NO
MSG00301,your service has been down since last night. no rush at all. let me know what you need from me.,MEDIUM,YES
MSG00302,My invoice doesn't match what I agreed to. Hoping to hear back this week. Thanks.,MEDIUM,YES
MSG00303,Any chance usage alerts could be supported? Whenever you get a chance is fine.,LOW,NO
MSG00304,What I received doesn't work at all. Not time-sensitive. Appreciate your help.,LOW,YES
MSG00305,There's a charge I don't recognize. Appreciate your help.,LOW,YES
MSG00306,My invoice doesn't match what I agreed to. This is the second time I've reached out about this. Appreciate your help.,HIGH,NO
MSG00307,I can't access my account at all. I've already emailed twice with no reply. Thanks.,HIGH,NO
MSG00308,I was charged twice this month. Hoping to hear back this week. Let me know what you need from me.,HIGH,NO
MSG00309,Tracking hasn't updated in days. Thanks.,LOW,NO
MSG00310,what i received doesn't work at all. thanks.,HIGH,NO
MSG00311,Tracking hasn't updated in days. Not time-sensitive. Let me know what you need from me.,LOW,NO
MSG00312,Could you clarify something about my plan? No rush at all. Thanks.,LOW,NO
MSG00313,Any chance usage alerts could be supported? Thanks.,HIGH,NO
MSG00314,It would be great if you added SSO login. This is urgent.,MEDIUM,YES
MSG00315,Quick question about the dashboard. No rush at all. Appreciate your help.,LOW,NO
MSG00316,The package showed up damaged. Let me know what you need from me.,HIGH,NO
MSG00317,Just wondering how the dashboard works. I've already emailed twice with no reply. Thanks.,LOW,YES
MSG00318,the delivery is way later than promised. this is urgent.,LOW,YES
MSG00319,just wondering how my account works. i need this resolved right away. thanks.,HIGH,NO
MSG00320,have you considered sso login?,MEDIUM,NO
MSG00321,My order still hasn't arrived. Thanks.,LOW,NO
MSG00322,Have you considered bulk export? Let me know when you can. Thanks.,MEDIUM,YES
MSG00323,The delivery is way later than promised. Appreciate your help.,LOW,YES
MSG00324,Any chance usage alerts could be supported? No rush at all.,LOW,NO
MSG00325,Just wondering how the billing portal works. This is the second time I've reached out about this. Would appreciate a response soon.,HIGH,YES
MSG00326,I can't access the API at all. Not time-sensitive. Let me know what you need from me.,MEDIUM,YES
MSG00327,It would be great if you added bulk export. This is urgent. Let me know what you need from me.,MEDIUM,NO
MSG00328,Have you considered usage alerts?,MEDIUM,NO
MSG00329,There's a charge I don't recognize. This is the second time I've reached out about this. No rush at all.,MEDIUM,YES
MSG00330,My invoice doesn't match what I agreed to. Would appreciate a response soon. Appreciate your help.,HIGH,YES
MSG00331,The delivery is way later than promised. Not time-sensitive. Appreciate your help.,MEDIUM,NO
MSG00332,Any chance usage alerts could be supported? Appreciate your help.,LOW,YES
MSG00333,The item arrived broken. Appreciate your help.,MEDIUM,NO
MSG00334,my order still hasn't arrived. i've already emailed twice with no reply. this is urgent. thanks.,LOW,YES
MSG00335,My login keeps failing after the update. I've already emailed twice with no reply. Whenever you get a chance is fine. Appreciate your help.,HIGH,YES
MSG00336,Everything is offline on my end. Thanks.,HIGH,YES
MSG00337,There's a charge I don't recognize. Hoping to hear back this week. Let me know what you need from me.,MEDIUM,YES
MSG00338,Everything is offline on my end. This is urgent.,HIGH,YES
MSG00339,My order still hasn't arrived. I contacted support about this last week too. Let me know what you need from me.,HIGH,NO
MSG00340,i can't access the billing portal at all. this is urgent. thanks.,HIGH,YES
MSG00341,I'm locked out of my account. Let me know what you need from me.,HIGH,YES
MSG00342,My order still hasn't arrived. Thanks.,MEDIUM,NO
MSG00343,Could you clarify something about my plan? Thanks.,HIGH,NO
MSG00344,your service has been down since about an hour ago. please treat this as high priority.,HIGH,YES
MSG00345,I was charged twice this month. Whenever you get a chance is fine. Appreciate your help.,HIGH,NO
MSG00346,My order still hasn't arrived. I've already emailed twice with no reply. This is urgent. Thanks.,HIGH,YES
MSG00347,Any chance usage alerts could be supported? Let me know what you need from me.,LOW,NO
MSG00348,The delivery is way later than promised. Hoping to hear back this week. Appreciate your help.,HIGH,YES
MSG00349,Your service has been down since last night. Appreciate your help.,HIGH,YES
MSG00350,There's a charge I don't recognize. No rush at all. Thanks.,MEDIUM,NO
MSG00351,the item arrived broken. let me know what you need from me.,LOW,YES
MSG00352,Everything is offline on my end. This is urgent. Thanks.,HIGH,YES
MSG00353,Your service has been down since last night. Thanks.,LOW,YES
MSG00354,Any chance dark mode could be supported? Appreciate your help.,LOW,YES
MSG00355,The item arrived broken. Appreciate your help.,HIGH,YES
MSG00356,The delivery is way later than promised. No rush at all. Appreciate your help.,LOW,YES
MSG00357,What I received doesn't work at all. Whenever you get a chance is fine. Thanks.,LOW,YES
MSG00358,My invoice doesn't match what I agreed to. Would appreciate a response soon. Thanks.,HIGH,YES
MSG00359,Any chance usage alerts could be supported?,HIGH,NO
MSG00360,the item arrived broken. let me know when you can. thanks.,MEDIUM,YES
MSG00361,Just wondering how my account works. Hoping to hear back this week.,LOW,YES
MSG00362,The package showed up damaged. I need this resolved right away.,HIGH,YES
MSG00363,Everything is offline on my end. Appreciate your help.,MEDIUM,NO
MSG00364,Could you clarify something about my plan? Hoping to hear back this week.,LOW,NO
MSG00365,My login keeps failing after the update. This is urgent. Let me know what you need from me.,MEDIUM,YES
MSG00366,My order still hasn't arrived. This is the second time I've reached out about this. Appreciate your help.,MEDIUM,NO
MSG00367,Everything is offline on my end. I've already emailed twice with no reply. No rush at all. Thanks.,HIGH,NO
MSG00368,My login keeps failing after the update. This is the second time I've reached out about this. Hoping to hear back this week. Appreciate your help.,HIGH,YES
MSG00369,Any chance usage alerts could be supported? Not time-sensitive. Thanks.,LOW,NO
MSG00370,Quick question about my account. No rush at all. Let me know what you need from me.,MEDIUM,NO
MSG00371,Tracking hasn't updated in days. I've already emailed twice with no reply. Not time-sensitive.,MEDIUM,NO
MSG00372,There's a charge I don't recognize. Whenever you get a chance is fine. Appreciate your help.,HIGH,NO
MSG00373,Any chance usage alerts could be supported?,HIGH,NO
MSG00374,tracking hasn't updated in days. not time-sensitive. appreciate your help.,HIGH,NO
MSG00375,Quick question about the dashboard. Please treat this as high priority. Appreciate your help.,LOW,YES
MSG00376,Any chance a public API could be supported? This is the second time I've reached out about this. No rush at all. Let me know what you need from me.,HIGH,NO
MSG00377,The item arrived broken. This is the second time I've reached out about this. This is urgent. Thanks.,HIGH,NO
MSG00378,It would be great if you added usage alerts. This is urgent.,MEDIUM,NO
MSG00379,Have you considered bulk export? Whenever you get a chance is fine. Appreciate your help.,LOW,NO
MSG00380,My invoice doesn't match what I agreed to. I need this resolved right away. Let me know what you need from me.,HIGH,YES
MSG00381,could you clarify something about my plan? not time-sensitive. appreciate your help.,MEDIUM,NO
MSG00382,Everything is offline on my end. This is urgent. Let me know what you need from me.,HIGH,NO
MSG00383,The package showed up damaged. This is the second time I've reached out about this. Let me know what you need from me.,HIGH,NO
MSG00384,My order still hasn't arrived. Would appreciate a response soon. Appreciate your help.,HIGH,YES
MSG00385,I can't sign in no matter what I try. Would appreciate a response soon.,HIGH,YES
MSG00386,quick question about the billing portal. whenever you get a chance is fine. appreciate your help.,LOW,NO
MSG00387,Everything is offline on my end. I've already emailed twice with no reply.,HIGH,YES
MSG00388,There's a charge I don't recognize. Let me know what you need from me.,HIGH,YES
MSG00389,I can't access the mobile app at all. Please treat this as high priority. Appreciate your help.,HIGH,YES
MSG00390,just wondering how the mobile app works. hoping to hear back this week. appreciate your help.,LOW,NO
MSG00391,I can't sign in no matter what I try. I contacted support about this last week too. Let me know when you can. Let me know what you need from me.,HIGH,YES
MSG00392,the delivery is way later than promised. let me know what you need from me.,MEDIUM,YES
MSG00393,I can't access the dashboard at all. Whenever you get a chance is fine. Appreciate your help.,HIGH,NO
MSG00394,Any chance usage alerts could be supported? Let me know when you can. Appreciate your help.,MEDIUM,NO
MSG00395,It would be great if you added SSO login. Please treat this as high priority.,LOW,YES
MSG00396,My order still hasn't arrived. Would appreciate a response soon. Let me know what you need from me.,LOW,NO
MSG00397,Quick question about the billing portal. Would appreciate a response soon. Thanks.,MEDIUM,YES
MSG00398,I'm locked out of my account. Please treat this as high priority. Let me know what you need from me.,HIGH,YES
MSG00399,what i received doesn't work at all. appreciate your help.,LOW,YES
MSG00400,My login keeps failing after the update. Hoping to hear back this week. Let me know what you need from me.,HIGH,NO
MSG00401,The package showed up damaged. Not time-sensitive. Appreciate your help.,LOW,NO
MSG00402,just wondering how my account works. not time-sensitive. appreciate your help.,LOW,NO
MSG00403,It would be great if you added bulk export. No rush at all. Appreciate your help.,MEDIUM,NO
MSG00404,My login keeps failing after the update. I've already emailed twice with no reply. Let me know what you need from me.,HIGH,YES
MSG00405,Just wondering how the dashboard works.,LOW,NO
MSG00406,My invoice doesn't match what I agreed to. I've already emailed twice with no reply. Whenever you get a chance is fine. Let me know what you need from me.,MEDIUM,YES
MSG00407,My invoice doesn't match what I agreed to. Not time-sensitive. Appreciate your help.,HIGH,YES
MSG00408,My login keeps failing after the update. Hoping to hear back this week. Appreciate your help.,HIGH,NO
MSG00409,just wondering how my account works. no rush at all. thanks.,MEDIUM,NO
MSG00410,The item arrived broken. Let me know when you can. Appreciate your help.,HIGH,NO
MSG00411,It would be great if you added usage alerts. This is the second time I've reached out about this.,MEDIUM,NO
MSG00412,My invoice doesn't match what I agreed to. Please treat this as high priority.,HIGH,NO
MSG00413,The item arrived broken. Hoping to hear back this week.,LOW,NO
MSG00414,Your service has been down since yesterday. Let me know what you need from me.,HIGH,YES
MSG00415,The item arrived broken. Not time-sensitive. Let me know what you need from me.,MEDIUM,YES
MSG00416,Any chance a public API could be supported? Let me know what you need from me.,LOW,NO
MSG00417,Your service has been down since this morning. This is urgent. Appreciate your help.,HIGH,YES
MSG00418,i was charged twice this month. this is the second time i've reached out about this. not time-sensitive. appreciate your help.,LOW,YES
MSG00419,I can't sign in no matter what I try. This is urgent. Let me know what you need from me.,HIGH,NO
MSG00420,everything is offline on my end. appreciate your help.,LOW,YES
MSG00421,my invoice doesn't match what i agreed to. thanks.,HIGH,NO
MSG00422,My order still hasn't arrived. I contacted support about this last week too. Thanks.,MEDIUM,NO
MSG00423,I can't sign in no matter what I try. Let me know what you need from me.,HIGH,NO
MSG00424,Your service has been down since about an hour ago. This is the second time I've reached out about this. Appreciate your help.,LOW,NO
MSG00425,I was charged twice this month. No rush at all.,MEDIUM,NO
MSG00426,I can't sign in no matter what I try.,HIGH,YES
MSG00427,I can't sign in no matter what I try. Let me know what you need from me.,HIGH,NO
MSG00428,Just wondering how the mobile app works. Whenever you get a chance is fine. Appreciate your help.,LOW,YES
MSG00429,Just wondering how my account works. This is the second time I've reached out about this. Hoping to hear back this week. Appreciate your help.,MEDIUM,NO
MSG00430,The package showed up damaged. Let me know when you can. Thanks.,HIGH,NO
MSG00431,I was charged twice this month. Please treat this as high priority. Let me know what you need from me.,LOW,YES
MSG00432,Quick question about the billing portal. Whenever you get a chance is fine. Appreciate your help.,LOW,YES
MSG00433,Tracking hasn't updated in days. No rush at all. Let me know what you need from me.,LOW,NO
MSG00434,I'm locked out of my account. This is the second time I've reached out about this. Thanks.,LOW,NO
MSG00435,Tracking hasn't updated in days. Let me know when you can. Thanks.,LOW,NO
MSG00436,Everything is offline on my end. Please treat this as high priority. Appreciate your help.,HIGH,YES
MSG00437,My login keeps failing after the update. I need this resolved right away.,HIGH,NO
MSG00438,i can't access the dashboard at all. whenever you get a chance is fine. thanks.,HIGH,YES
MSG00439,The item arrived broken. No rush at all. Appreciate your help.,MEDIUM,NO
MSG00440,i was charged twice this month. let me know what you need from me.,HIGH,YES
MSG00441,There's a charge I don't recognize. Appreciate your help.,HIGH,NO
MSG00442,Your service has been down since last night.,LOW,YES
MSG00443,The delivery is way later than promised. No rush at all.,LOW,YES
MSG00444,The delivery is way later than promised. I need this resolved right away. Let me know what you need from me.,MEDIUM,YES
MSG00445,The delivery is way later than promised. Thanks.,LOW,NO
MSG00446,It would be great if you added a public API. Would appreciate a response soon.,MEDIUM,YES
MSG00447,tracking hasn't updated in days. this is the second time i've reached out about this. not time-sensitive. appreciate your help.,LOW,YES
MSG00448,I can't sign in no matter what I try. I contacted support about this last week too. Appreciate your help.,HIGH,NO
MSG00449,My order still hasn't arrived. Hoping to hear back this week. Let me know what you need from me.,MEDIUM,YES
MSG00450,Tracking hasn't updated in days. Please treat this as high priority. Thanks.,HIGH,YES
MSG00451,My login keeps failing after the update. Appreciate your help.,HIGH,NO
MSG00452,Quick question about my account. I need this resolved right away. Appreciate your help.,LOW,NO
MSG00453,It would be great if you added usage alerts. Hoping to hear back this week. Appreciate your help.,LOW,NO
MSG00454,Quick question about the dashboard. This is the second time I've reached out about this. Let me know when you can.,MEDIUM,NO
MSG00455,The delivery is way later than promised. I contacted support about this last week too. Would appreciate a response soon. Appreciate your help.,HIGH,YES
MSG00456,Just wondering how my account works. Would appreciate a response soon. Appreciate your help.,HIGH,NO
MSG00457,The package showed up damaged. I need this resolved right away. Let me know what you need from me.,HIGH,YES
MSG00458,have you considered dark mode? this is urgent.,HIGH,YES
MSG00459,the item arrived broken. would appreciate a response soon.,HIGH,YES
MSG00460,I'm locked out of my account.,MEDIUM,YES
MSG00461,The package showed up damaged. Not time-sensitive. Thanks.,MEDIUM,YES
MSG00462,the delivery is way later than promised.,LOW,YES
MSG00463,Have you considered a public API? No rush at all. Thanks.,MEDIUM,NO
MSG00464,I'm locked out of my account. Would appreciate a response soon. Thanks.,HIGH,YES
MSG00465,What I received doesn't work at all. This is urgent. Let me know what you need from me.,MEDIUM,NO
MSG00466,I can't access my account at all. Not time-sensitive. Let me know what you need from me.,MEDIUM,YES
MSG00467,Everything is offline on my end. Whenever you get a chance is fine. Thanks.,HIGH,YES
MSG00468,I'm locked out of my account. Appreciate your help.,HIGH,YES
MSG00469,What I received doesn't work at all. Thanks.,MEDIUM,YES
MSG00470,have you considered bulk export? this is urgent. appreciate your help.,HIGH,YES
MSG00471,there's a charge i don't recognize. appreciate your help.,HIGH,YES
MSG00472,the item arrived broken. please treat this as high priority. let me know what you need from me.,HIGH,YES
MSG00473,The delivery is way later than promised. No rush at all. Appreciate your help.,MEDIUM,NO
MSG00474,The delivery is way later than promised. Appreciate your help.,HIGH,NO
MSG00475,The package showed up damaged. I need this resolved right away. Appreciate your help.,MEDIUM,NO
MSG00476,I'm locked out of my account. Appreciate your help.,LOW,NO
MSG00477,Just wondering how my account works. Whenever you get a chance is fine. Thanks.,LOW,YES
MSG00478,everything is offline on my end. not time-sensitive. thanks.,MEDIUM,YES
MSG00479,I'm locked out of my account. Not time-sensitive.,HIGH,YES
MSG00480,Have you considered SSO login? Whenever you get a chance is fine. Let me know what you need from me.,MEDIUM,NO
MSG00481,What I received doesn't work at all.,HIGH,YES
MSG00482,my login keeps failing after the update. let me know what you need from me.,HIGH,NO
MSG00483,The package showed up damaged.,HIGH,NO
MSG00484,Your service has been down since yesterday. I contacted support about this last week too. I need this resolved right away. Appreciate your help.,HIGH,YES
MSG00485,It would be great if you added a public API. No rush at all. Let me know what you need from me.,HIGH,NO
MSG00486,Tracking hasn't updated in days. This is urgent.,HIGH,YES
MSG00487,Just wondering how the mobile app works. Would appreciate a response soon. Thanks.,LOW,NO
MSG00488,There's a charge I don't recognize. Please treat this as high priority. Thanks.,LOW,YES
MSG00489,I can't sign in no matter what I try. Let me know what you need from me.,MEDIUM,YES
MSG00490,Tracking hasn't updated in days.,LOW,NO
MSG00491,The item arrived broken. Thanks.,MEDIUM,YES
MSG00492,Everything is offline on my end. Appreciate your help.,HIGH,YES
MSG00493,The delivery is way later than promised. Thanks.,HIGH,NO
MSG00494,Have you considered usage alerts? I contacted support about this last week too. This is urgent. Thanks.,MEDIUM,YES
MSG00495,i can't access the billing portal at all. i need this resolved right away. let me know what you need from me.,HIGH,YES
MSG00496,Everything is offline on my end. This is the second time I've reached out about this. Appreciate your help.,HIGH,YES
MSG00497,There's a charge I don't recognize. Let me know when you can. Appreciate your help.,HIGH,NO
MSG00498,there's a charge i don't recognize. not time-sensitive. appreciate your help.,LOW,YES
MSG00499,What I received doesn't work at all. Let me know what you need from me.,HIGH,YES
MSG00500,Any chance bulk export could be supported? Whenever you get a chance is fine.,LOW,NO
MSG00501,I can't access the billing portal at all. I need this resolved right away. Thanks.,HIGH,YES
MSG00502,there's a charge i don't recognize. i've already emailed twice with no reply. hoping to hear back this week. appreciate your help.,HIGH,YES
MSG00503,I'm locked out of my account. Whenever you get a chance is fine. Thanks.,LOW,YES
MSG00504,The item arrived broken. Whenever you get a chance is fine.,HIGH,YES
MSG00505,my login keeps failing after the update. appreciate your help.,HIGH,YES
MSG00506,I can't access my account at all. This is the second time I've reached out about this. Let me know what you need from me.,HIGH,YES
MSG00507,Quick question about my account. Not time-sensitive. Thanks.,LOW,YES
MSG00508,Could you clarify something about my plan? Appreciate your help.,HIGH,NO
MSG00509,The item arrived broken. Whenever you get a chance is fine. Thanks.,LOW,NO
MSG00510,The package showed up damaged. Not time-sensitive. Let me know what you need from me.,HIGH,YES
MSG00511,The item arrived broken. Let me know when you can.,LOW,YES
MSG00512,Could you clarify something about my plan?,LOW,YES
MSG00513,Your service has been down since this morning. This is urgent. Let me know what you need from me.,HIGH,YES
MSG00514,Have you considered usage alerts? Appreciate your help.,LOW,YES
MSG00515,My order still hasn't arrived. Thanks.,MEDIUM,YES
MSG00516,I was charged twice this month. Whenever you get a chance is fine. Appreciate your help.,HIGH,YES
MSG00517,The package showed up damaged. Let me know when you can.,HIGH,YES
MSG00518,It would be great if you added bulk export. Let me know when you can. Thanks.,HIGH,NO
MSG00519,The package showed up damaged. No rush at all. Let me know what you need from me.,LOW,NO
MSG00520,There's a charge I don't recognize.,HIGH,NO
MSG00521,Everything is offline on my end. Let me know when you can. Let me know what you need from me.,HIGH,YES
MSG00522,The package showed up damaged. Appreciate your help.,MEDIUM,YES
MSG00523,My login keeps failing after the update. Thanks.,HIGH,YES
MSG00524,Tracking hasn't updated in days. No rush at all. Let me know what you need from me.,LOW,NO
MSG00525,Could you clarify something about my plan? Thanks.,LOW,NO
MSG00526,I can't access the API at all. Let me know what you need from me.,HIGH,YES
MSG00527,It would be great if you added bulk export.,HIGH,NO
MSG00528,Everything is offline on my end. Thanks.,MEDIUM,YES
MSG00529,I'm locked out of my account. Thanks.,LOW,YES
MSG00530,Just wondering how the billing portal works. Hoping to hear back this week. Let me know what you need from me.,LOW,NO
MSG00531,Have you considered SSO login? Would appreciate a response soon. Appreciate your help.,LOW,YES
MSG00532,Any chance SSO login could be supported? Hoping to hear back this week. Appreciate your help.,MEDIUM,NO
MSG00533,My order still hasn't arrived. Appreciate your help.,LOW,YES
MSG00534,My order still hasn't arrived. I need this resolved right away. Appreciate your help.,HIGH,NO
MSG00535,I can't sign in no matter what I try. Let me know what you need from me.,HIGH,NO
MSG00536,The package showed up damaged. Thanks.,HIGH,YES
MSG00537,The item arrived broken. This is urgent. Appreciate your help.,HIGH,YES
MSG00538,I was charged twice this month. Not time-sensitive. Thanks.,MEDIUM,YES
MSG00539,What I received doesn't work at all. Appreciate your help.,MEDIUM,NO
MSG00540,Everything is offline on my end.,MEDIUM,NO
MSG00541,My login keeps failing after the update. This is the second time I've reached out about this. Let me know what you need from me.,LOW,NO
MSG00542,the item arrived broken.,LOW,NO
MSG00543,Have you considered a public API? Whenever you get a chance is fine. Appreciate your help.,LOW,NO
MSG00544,have you considered usage alerts? i need this resolved right away. let me know what you need from me.,LOW,YES
MSG00545,Everything is offline on my end. Appreciate your help.,MEDIUM,NO
MSG00546,have you considered sso login? no rush at all. thanks.,LOW,NO
MSG00547,I was charged twice this month. Whenever you get a chance is fine. Let me know what you need from me.,LOW,NO
MSG00548,the delivery is way later than promised. not time-sensitive. thanks.,MEDIUM,YES
MSG00549,i'm locked out of my account. let me know what you need from me.,HIGH,NO
MSG00550,Everything is offline on my end. Thanks.,HIGH,YES
MSG00551,Everything is offline on my end. This is urgent.,HIGH,YES
MSG00552,I can't sign in no matter what I try. I've already emailed twice with no reply. Thanks.,HIGH,NO
MSG00553,have you considered dark mode? no rush at all. appreciate your help.,LOW,YES
MSG00554,What I received doesn't work at all.,MEDIUM,YES
MSG00555,Any chance SSO login could be supported? Whenever you get a chance is fine. Let me know what you need from me.,MEDIUM,NO
MSG00556,Quick question about the API. Thanks.,LOW,NO
MSG00557,I can't access the billing portal at all. Appreciate your help.,HIGH,NO
MSG00558,The item arrived broken. Would appreciate a response soon.,LOW,NO
MSG00559,Just wondering how the mobile app works. Not time-sensitive. Let me know what you need from me.,HIGH,NO
MSG00560,It would be great if you added dark mode. Would appreciate a response soon. Thanks.,MEDIUM,NO
MSG00561,Any chance usage alerts could be supported?,HIGH,NO
MSG00562,The delivery is way later than promised. Thanks.,LOW,YES
MSG00563,Everything is offline on my end. This is urgent. Let me know what you need from me.,HIGH,YES
MSG00564,i can't access my account at all.,HIGH,YES
MSG00565,I was charged twice this month. Let me know what you need from me.,LOW,NO
MSG00566,The item arrived broken. Whenever you get a chance is fine. Let me know what you need from me.,LOW,YES
MSG00567,Your service has been down since this morning. Whenever you get a chance is fine.,HIGH,YES
MSG00568,what i received doesn't work at all. let me know when you can. appreciate your help.,MEDIUM,YES
MSG00569,Tracking hasn't updated in days. Thanks.,LOW,NO
MSG00570,I was charged twice this month. This is the second time I've reached out about this. This is urgent. Let me know what you need from me.,MEDIUM,YES
MSG00571,Any chance dark mode could be supported? Hoping to hear back this week. Appreciate your help.,MEDIUM,NO
MSG00572,my login keeps failing after the update. no rush at all. appreciate your help.,LOW,NO
MSG00573,Tracking hasn't updated in days. Would appreciate a response soon. Thanks.,MEDIUM,YES
MSG00574,The package showed up damaged. Thanks.,HIGH,YES
MSG00575,The item arrived broken. Whenever you get a chance is fine.,MEDIUM,YES
MSG00576,Quick question about the API. This is urgent. Thanks.,MEDIUM,YES
MSG00577,The item arrived broken. I've already emailed twice with no reply. I need this resolved right away. Appreciate your help.,HIGH,YES
MSG00578,My invoice doesn't match what I agreed to. Not time-sensitive. Let me know what you need from me.,HIGH,NO
MSG00579,The item arrived broken. Would appreciate a response soon. Thanks.,LOW,YES
MSG00580,I can't sign in no matter what I try. Thanks.,MEDIUM,NO
MSG00581,Your service has been down since last night. Appreciate your help.,HIGH,NO
MSG00582,Everything is offline on my end. I need this resolved right away.,HIGH,YES
MSG00583,my login keeps failing after the update. i need this resolved right away. let me know what you need from me.,HIGH,YES
MSG00584,What I received doesn't work at all. This is urgent. Let me know what you need from me.,HIGH,YES
MSG00585,What I received doesn't work at all. I contacted support about this last week too. Appreciate your help.,LOW,YES
MSG00586,My login keeps failing after the update. Let me know when you can.,HIGH,YES
MSG00587,The package showed up damaged. I need this resolved right away. Let me know what you need from me.,LOW,YES
MSG00588,What I received doesn't work at all. No rush at all.,HIGH,YES
MSG00589,I can't access my account at all. Appreciate your help.,MEDIUM,YES
MSG00590,Could you clarify something about my plan? I contacted support about this last week too.,LOW,NO
MSG00591,It would be great if you added SSO login. Not time-sensitive. Let me know what you need from me.,HIGH,YES
MSG00592,It would be great if you added dark mode. Whenever you get a chance is fine. Appreciate your help.,LOW,NO
MSG00593,My invoice doesn't match what I agreed to. Hoping to hear back this week. Thanks.,MEDIUM,YES
MSG00594,Tracking hasn't updated in days. I contacted support about this last week too. Whenever you get a chance is fine. Let me know what you need from me.,HIGH,NO
MSG00595,The package showed up damaged. Thanks.,MEDIUM,YES
MSG00596,Have you considered usage alerts? Appreciate your help.,LOW,NO
MSG00597,It would be great if you added usage alerts. Appreciate your help.,LOW,YES
MSG00598,Tracking hasn't updated in days. This is the second time I've reached out about this. Hoping to hear back this week.,HIGH,NO
MSG00599,I can't sign in no matter what I try. Appreciate your help.,HIGH,NO
MSG00600,My invoice doesn't match what I agreed to. This is urgent. Thanks.,HIGH,NO
MSG00601,Could you clarify something about my plan? Appreciate your help.,LOW,NO
MSG00602,My login keeps failing after the update. I contacted support about this last week too. Please treat this as high priority. Thanks.,HIGH,NO
MSG00603,Any chance a public API could be supported? This is the second time I've reached out about this. Thanks.,MEDIUM,NO
MSG00604,what i received doesn't work at all. would appreciate a response soon. thanks.,LOW,YES
MSG00605,Could you clarify something about my plan? Not time-sensitive.,MEDIUM,NO
MSG00606,the item arrived broken. i've already emailed twice with no reply. let me know when you can. appreciate your help.,HIGH,NO
MSG00607,I can't access the billing portal at all. This is urgent. Appreciate your help.,HIGH,YES
MSG00608,Everything is offline on my end. I contacted support about this last week too. This is urgent. Let me know what you need from me.,HIGH,YES
MSG00609,Could you clarify something about my plan? Please treat this as high priority. Thanks.,LOW,YES
MSG00610,everything is offline on my end. would appreciate a response soon. thanks.,HIGH,YES
MSG00611,I can't sign in no matter what I try. Hoping to hear back this week.,HIGH,NO
MSG00612,have you considered sso login? i need this resolved right away. let me know what you need from me.,HIGH,YES
MSG00613,There's a charge I don't recognize. Please treat this as high priority.,LOW,YES
MSG00614,It would be great if you added SSO login. I need this resolved right away.,MEDIUM,YES
MSG00615,what i received doesn't work at all. not time-sensitive.,MEDIUM,NO
MSG00616,Any chance SSO login could be supported? Would appreciate a response soon. Appreciate your help.,LOW,NO
MSG00617,My invoice doesn't match what I agreed to. No rush at all. Appreciate your help.,HIGH,NO
MSG00618,Tracking hasn't updated in days. No rush at all. Thanks.,HIGH,YES
MSG00619,Just wondering how my account works. Whenever you get a chance is fine. Thanks.,LOW,NO
MSG00620,Quick question about the dashboard. I contacted support about this last week too. Thanks.,LOW,NO
MSG00621,Any chance SSO login could be supported? Not time-sensitive.,LOW,NO
MSG00622,Tracking hasn't updated in days. I need this resolved right away. Thanks.,HIGH,YES
MSG00623,I can't access the mobile app at all. I've already emailed twice with no reply. Let me know when you can.,HIGH,YES
MSG00624,i was charged twice this month. i contacted support about this last week too. let me know what you need from me.,HIGH,YES
MSG00625,It would be great if you added a public API. I've already emailed twice with no reply. Would appreciate a response soon.,LOW,YES
MSG00626,Have you considered a public API? I need this resolved right away. Let me know what you need from me.,MEDIUM,YES
MSG00627,My order still hasn't arrived. No rush at all. Thanks.,LOW,NO
MSG00628,It would be great if you added dark mode. I contacted support about this last week too. No rush at all.,MEDIUM,YES
MSG00629,There's a charge I don't recognize. Let me know what you need from me.,MEDIUM,NO
MSG00630,Tracking hasn't updated in days. I've already emailed twice with no reply. I need this resolved right away. Thanks.,MEDIUM,YES
MSG00631,What I received doesn't work at all.,HIGH,NO
MSG00632,Your service has been down since about an hour ago. Whenever you get a chance is fine.,MEDIUM,YES
MSG00633,I was charged twice this month. No rush at all. Thanks.,MEDIUM,YES
MSG00634,Tracking hasn't updated in days. Whenever you get a chance is fine.,HIGH,YES
MSG00635,My order still hasn't arrived. Let me know when you can. Thanks.,MEDIUM,NO
MSG00636,Quick question about the API. I've already emailed twice with no reply. Not time-sensitive. Appreciate your help.,LOW,YES
MSG00637,Have you considered usage alerts? Hoping to hear back this week.,LOW,NO
MSG00638,The delivery is way later than promised. This is urgent. Let me know what you need from me.,HIGH,NO
MSG00639,Everything is offline on my end. Appreciate your help.,HIGH,YES
MSG00640,Could you clarify something about my plan? Appreciate your help.,LOW,YES
MSG00641,i was charged twice this month. appreciate your help.,HIGH,YES
MSG00642,Everything is offline on my end.,HIGH,NO
MSG00643,My invoice doesn't match what I agreed to. I need this resolved right away. Thanks.,HIGH,YES
MSG00644,everything is offline on my end. no rush at all. thanks.,LOW,YES
MSG00645,My order still hasn't arrived. Thanks.,LOW,NO
MSG00646,I can't access the dashboard at all. Let me know when you can. Thanks.,HIGH,NO
MSG00647,I can't sign in no matter what I try. No rush at all. Let me know what you need from me.,HIGH,YES
MSG00648,My invoice doesn't match what I agreed to. This is urgent. Thanks.,HIGH,YES
MSG00649,Everything is offline on my end. This is the second time I've reached out about this. Thanks.,HIGH,YES
MSG00650,My invoice doesn't match what I agreed to. Would appreciate a response soon. Appreciate your help.,HIGH,YES
MSG00651,It would be great if you added bulk export.,LOW,NO
MSG00652,Have you considered a public API? Would appreciate a response soon. Appreciate your help.,LOW,NO
MSG00653,Everything is offline on my end. Let me know when you can. Appreciate your help.,HIGH,NO
MSG00654,Everything is offline on my end. Please treat this as high priority. Let me know what you need from me.,HIGH,YES
MSG00655,There's a charge I don't recognize. This is the second time I've reached out about this. Not time-sensitive. Thanks.,HIGH,NO
MSG00656,I can't sign in no matter what I try. Hoping to hear back this week.,MEDIUM,YES
MSG00657,Just wondering how the mobile app works. This is urgent.,LOW,YES
MSG00658,Your service has been down since about an hour ago. Appreciate your help.,HIGH,YES
MSG00659,Tracking hasn't updated in days. Not time-sensitive. Appreciate your help.,MEDIUM,NO
MSG00660,My login keeps failing after the update. No rush at all. Let me know what you need from me.,LOW,NO
MSG00661,I was charged twice this month. I need this resolved right away. Thanks.,HIGH,YES
MSG00662,The delivery is way later than promised. Let me know when you can. Let me know what you need from me.,LOW,YES
MSG00663,Just wondering how the dashboard works. Let me know what you need from me.,LOW,NO
MSG00664,the item arrived broken.,HIGH,YES
MSG00665,i can't access my account at all. let me know when you can. appreciate your help.,HIGH,YES
MSG00666,Could you clarify something about my plan? Not time-sensitive.,LOW,NO
MSG00667,Just wondering how the billing portal works.,LOW,NO
MSG00668,The item arrived broken.,HIGH,NO
MSG00669,My login keeps failing after the update. I contacted support about this last week too. I need this resolved right away.,HIGH,YES
MSG00670,I can't sign in no matter what I try. This is the second time I've reached out about this. This is urgent. Appreciate your help.,MEDIUM,YES
MSG00671,What I received doesn't work at all. Whenever you get a chance is fine. Let me know what you need from me.,HIGH,NO
MSG00672,Could you clarify something about my plan? I need this resolved right away. Let me know what you need from me.,HIGH,NO
MSG00673,My order still hasn't arrived. I need this resolved right away. Appreciate your help.,MEDIUM,YES
MSG00674,Just wondering how the mobile app works. Let me know what you need from me.,HIGH,YES
MSG00675,I'm locked out of my account. This is urgent.,HIGH,YES
MSG00676,What I received doesn't work at all. Please treat this as high priority.,HIGH,YES
MSG00677,I was charged twice this month. Would appreciate a response soon. Thanks.,MEDIUM,YES
MSG00678,The item arrived broken. Thanks.,HIGH,YES
MSG00679,My login keeps failing after the update. This is the second time I've reached out about this. Appreciate your help.,HIGH,YES
MSG00680,Everything is offline on my end. Would appreciate a response soon. Appreciate your help.,HIGH,NO
MSG00681,I can't access the billing portal at all. I contacted support about this last week too. Whenever you get a chance is fine. Thanks.,LOW,YES
MSG00682,The package showed up damaged. This is urgent. Thanks.,HIGH,NO
MSG00683,What I received doesn't work at all. Let me know when you can.,HIGH,YES
MSG00684,It would be great if you added SSO login. Would appreciate a response soon. Let me know what you need from me.,HIGH,YES
MSG00685,i was charged twice this month. hoping to hear back this week. let me know what you need from me.,HIGH,NO
MSG00686,Your service has been down since yesterday. Let me know when you can. Let me know what you need from me.,HIGH,YES
MSG00687,Have you considered SSO login?,LOW,NO
MSG00688,There's a charge I don't recognize. Appreciate your help.,LOW,NO
MSG00689,The package showed up damaged. I've already emailed twice with no reply. Would appreciate a response soon. Thanks.,LOW,YES
MSG00690,I can't sign in no matter what I try.,HIGH,YES
MSG00691,I was charged twice this month. Appreciate your help.,MEDIUM,YES
MSG00692,There's a charge I don't recognize. Let me know what you need from me.,MEDIUM,YES
MSG00693,I'm locked out of my account. Please treat this as high priority.,MEDIUM,YES
MSG00694,My login keeps failing after the update. Let me know what you need from me.,HIGH,YES
MSG00695,Could you clarify something about my plan? Not time-sensitive. Let me know what you need from me.,MEDIUM,NO
MSG00696,Have you considered SSO login? Hoping to hear back this week.,LOW,NO
MSG00697,Any chance SSO login could be supported? I need this resolved right away. Thanks.,MEDIUM,NO
MSG00698,Have you considered usage alerts? Whenever you get a chance is fine.,LOW,YES
MSG00699,My login keeps failing after the update. Thanks.,HIGH,YES
MSG00700,I can't access the API at all. This is the second time I've reached out about this.,HIGH,YES
MSG00701,My invoice doesn't match what I agreed to. I need this resolved right away. Let me know what you need from me.,HIGH,YES
MSG00702,I can't access the dashboard at all. Hoping to hear back this week. Let me know what you need from me.,HIGH,YES
MSG00703,The item arrived broken. Thanks.,MEDIUM,YES
MSG00704,Any chance SSO login could be supported? I've already emailed twice with no reply. Let me know what you need from me.,LOW,NO
MSG00705,My order still hasn't arrived. Not time-sensitive.,HIGH,NO
MSG00706,Have you considered usage alerts? Appreciate your help.,HIGH,YES
MSG00707,Tracking hasn't updated in days. Whenever you get a chance is fine. Let me know what you need from me.,MEDIUM,YES
MSG00708,The delivery is way later than promised. Whenever you get a chance is fine. Appreciate your help.,MEDIUM,NO
MSG00709,It would be great if you added dark mode. Please treat this as high priority. Let me know what you need from me.,HIGH,YES
MSG00710,What I received doesn't work at all. Hoping to hear back this week. Let me know what you need from me.,LOW,YES
MSG00711,I'm locked out of my account. Please treat this as high priority. Let me know what you need from me.,HIGH,YES
MSG00712,My order still hasn't arrived. No rush at all. Appreciate your help.,HIGH,YES
MSG00713,I can't access my account at all. This is urgent.,HIGH,YES
MSG00714,The delivery is way later than promised. Appreciate your help.,MEDIUM,YES
MSG00715,Tracking hasn't updated in days. Not time-sensitive. Thanks.,MEDIUM,YES
MSG00716,There's a charge I don't recognize. No rush at all.,LOW,YES
MSG00717,The delivery is way later than promised. No rush at all. Let me know what you need from me.,MEDIUM,YES
MSG00718,Any chance SSO login could be supported? No rush at all. Let me know what you need from me.,LOW,NO
MSG00719,My order still hasn't arrived. No rush at all. Let me know what you need from me.,HIGH,NO
MSG00720,The package showed up damaged. Appreciate your help.,LOW,YES
MSG00721,I can't sign in no matter what I try. Whenever you get a chance is fine. Thanks.,MEDIUM,YES
MSG00722,i can't access my account at all. appreciate your help.,HIGH,YES
MSG00723,The item arrived broken. Whenever you get a chance is fine. Let me know what you need from me.,LOW,NO
MSG00724,Have you considered usage alerts? I've already emailed twice with no reply. Whenever you get a chance is fine.,LOW,YES
MSG00725,I can't access the mobile app at all. I've already emailed twice with no reply. Let me know when you can. Appreciate your help.,HIGH,YES
MSG00726,What I received doesn't work at all. Thanks.,HIGH,YES
MSG00727,I was charged twice this month. Let me know what you need from me.,MEDIUM,NO
MSG00728,my invoice doesn't match what i agreed to. not time-sensitive.,LOW,NO
MSG00729,Everything is offline on my end. Let me know when you can. Let me know what you need from me.,MEDIUM,NO
MSG00730,My login keeps failing after the update. This is the second time I've reached out about this.,LOW,YES
MSG00731,Tracking hasn't updated in days. Not time-sensitive.,HIGH,YES
MSG00732,Tracking hasn't updated in days. Would appreciate a response soon. Let me know what you need from me.,HIGH,NO
MSG00733,Tracking hasn't updated in days. Would appreciate a response soon. Appreciate your help.,HIGH,YES
MSG00734,My order still hasn't arrived. Hoping to hear back this week. Let me know what you need from me.,HIGH,NO
MSG00735,Everything is offline on my end. Let me know when you can. Let me know what you need from me.,HIGH,YES
MSG00736,Have you considered a public API? No rush at all.,LOW,YES
MSG00737,The package showed up damaged. This is urgent. Let me know what you need from me.,MEDIUM,NO
MSG00738,What I received doesn't work at all. No rush at all. Let me know what you need from me.,LOW,NO
MSG00739,Any chance usage alerts could be supported? Let me know when you can. Let me know what you need from me.,LOW,NO
MSG00740,It would be great if you added a public API. I've already emailed twice with no reply. Thanks.,LOW,YES
MSG00741,Any chance dark mode could be supported? No rush at all.,LOW,NO
MSG00742,Have you considered dark mode? I've already emailed twice with no reply. Let me know what you need from me.,HIGH,YES
MSG00743,My login keeps failing after the update. I've already emailed twice with no reply. Whenever you get a chance is fine. Let me know what you need from me.,LOW,YES
MSG00744,I can't access the mobile app at all. Whenever you get a chance is fine. Thanks.,HIGH,NO
MSG00745,What I received doesn't work at all. Thanks.,HIGH,NO
MSG00746,Everything is offline on my end. This is urgent. Let me know what you need from me.,HIGH,YES
MSG00747,I was charged twice this month.,HIGH,NO
MSG00748,I can't access the API at all. Thanks.,MEDIUM,YES
MSG00749,Tracking hasn't updated in days. Appreciate your help.,LOW,NO
MSG00750,Quick question about my account. This is urgent. Thanks.,MEDIUM,NO
MSG00751,my invoice doesn't match what i agreed to. whenever you get a chance is fine. thanks.,MEDIUM,NO
MSG00752,My login keeps failing after the update.,MEDIUM,YES
MSG00753,The package showed up damaged. Let me know what you need from me.,LOW,YES
MSG00754,My invoice doesn't match what I agreed to.,HIGH,YES
MSG00755,Could you clarify something about my plan? No rush at all. Appreciate your help.,LOW,YES
MSG00756,The item arrived broken. Thanks.,HIGH,YES
MSG00757,The package showed up damaged.,MEDIUM,YES
MSG00758,Could you clarify something about my plan? Hoping to hear back this week. Thanks.,LOW,YES
MSG00759,What I received doesn't work at all. This is urgent. Let me know what you need from me.,HIGH,YES
MSG00760,My login keeps failing after the update. This is the second time I've reached out about this. Not time-sensitive. Appreciate your help.,MEDIUM,NO
MSG00761,My invoice doesn't match what I agreed to. Let me know what you need from me.,LOW,YES
MSG00762,Tracking hasn't updated in days. Not time-sensitive. Thanks.,MEDIUM,YES
MSG00763,I was charged twice this month. Appreciate your help.,MEDIUM,YES
MSG00764,The delivery is way later than promised. Let me know when you can. Appreciate your help.,LOW,NO
MSG00765,I'm locked out of my account. Appreciate your help.,HIGH,YES
MSG00766,Have you considered SSO login? Appreciate your help.,HIGH,YES
MSG00767,Any chance a public API could be supported? Please treat this as high priority. Thanks.,HIGH,NO
MSG00768,Just wondering how my account works. Hoping to hear back this week. Thanks.,HIGH,NO
MSG00769,There's a charge I don't recognize. I contacted support about this last week too. Would appreciate a response soon. Thanks.,HIGH,NO
MSG00770,My invoice doesn't match what I agreed to. Please treat this as high priority. Thanks.,HIGH,NO
MSG00771,Have you considered SSO login? Would appreciate a response soon.,HIGH,NO
MSG00772,There's a charge I don't recognize. Thanks.,MEDIUM,YES
MSG00773,The delivery is way later than promised. I've already emailed twice with no reply. Let me know when you can. Appreciate your help.,LOW,YES
MSG00774,Any chance bulk export could be supported? Appreciate your help.,LOW,NO
MSG00775,I was charged twice this month. Thanks.,HIGH,YES
MSG00776,Could you clarify something about my plan? Would appreciate a response soon. Thanks.,LOW,YES
MSG00777,Quick question about the dashboard. Would appreciate a response soon. Let me know what you need from me.,LOW,NO
MSG00778,the delivery is way later than promised. thanks.,HIGH,YES
MSG00779,My order still hasn't arrived. This is urgent. Appreciate your help.,HIGH,YES
MSG00780,The delivery is way later than promised. Hoping to hear back this week.,HIGH,YES
MSG00781,The item arrived broken. Please treat this as high priority. Appreciate your help.,HIGH,YES
MSG00782,i was charged twice this month. not time-sensitive. thanks.,HIGH,YES
MSG00783,The item arrived broken. I contacted support about this last week too. Let me know what you need from me.,LOW,NO
MSG00784,I was charged twice this month. Would appreciate a response soon.,MEDIUM,YES
MSG00785,Just wondering how my account works.,LOW,YES
MSG00786,Everything is offline on my end. I've already emailed twice with no reply. Whenever you get a chance is fine. Thanks.,HIGH,YES
MSG00787,the item arrived broken. no rush at all. appreciate your help.,LOW,NO
MSG00788,The package showed up damaged. Not time-sensitive. Thanks.,HIGH,NO
MSG00789,Any chance a public API could be supported? Whenever you get a chance is fine. Let me know what you need from me.,MEDIUM,YES
MSG00790,Quick question about the API. Hoping to hear back this week.,LOW,YES
MSG00791,I was charged twice this month. Appreciate your help.,LOW,NO
MSG00792,My invoice doesn't match what I agreed to. Not time-sensitive. Thanks.,MEDIUM,YES
MSG00793,The item arrived broken. Appreciate your help.,LOW,YES
MSG00794,Just wondering how my account works. Thanks.,LOW,NO
MSG00795,The package showed up damaged. Thanks.,LOW,NO
MSG00796,my order still hasn't arrived. i've already emailed twice with no reply. whenever you get a chance is fine. let me know what you need from me.,MEDIUM,NO
MSG00797,I can't access my account at all. Not time-sensitive. Appreciate your help.,LOW,YES
MSG00798,My order still hasn't arrived.,HIGH,YES
MSG00799,i'm locked out of my account. i need this resolved right away. appreciate your help.,HIGH,NO
MSG00800,I can't access my account at all. Thanks.,HIGH,YES
MSG00801,i was charged twice this month. please treat this as high priority.,LOW,YES
MSG00802,Tracking hasn't updated in days. This is urgent.,HIGH,NO
MSG00803,Just wondering how the dashboard works. I contacted support about this last week too. Let me know what you need from me.,LOW,NO
MSG00804,Your service has been down since this morning. Please treat this as high priority. Thanks.,HIGH,YES
MSG00805,My order still hasn't arrived. Appreciate your help.,LOW,NO
MSG00806,Tracking hasn't updated in days. This is urgent. Let me know what you need from me.,HIGH,YES
MSG00807,My login keeps failing after the update. Please treat this as high priority. Appreciate your help.,HIGH,YES
MSG00808,I can't access the billing portal at all. I contacted support about this last week too. Not time-sensitive.,HIGH,NO
MSG00809,Just wondering how the mobile app works. I've already emailed twice with no reply.,HIGH,NO
MSG00810,The delivery is way later than promised. Let me know when you can.,HIGH,YES
MSG00811,I'm locked out of my account.,HIGH,NO
MSG00812,My invoice doesn't match what I agreed to. Hoping to hear back this week. Let me know what you need from me.,MEDIUM,YES
MSG00813,I'm locked out of my account. Please treat this as high priority. Let me know what you need from me.,HIGH,YES
MSG00814,Could you clarify something about my plan? Hoping to hear back this week. Appreciate your help.,LOW,YES
MSG00815,Your service has been down since about an hour ago. Not time-sensitive. Thanks.,MEDIUM,YES
MSG00816,Everything is offline on my end. Let me know what you need from me.,HIGH,YES
MSG00817,The item arrived broken. Would appreciate a response soon. Let me know what you need from me.,HIGH,YES
MSG00818,Have you considered usage alerts? Whenever you get a chance is fine.,MEDIUM,YES
MSG00819,I can't access the mobile app at all. I contacted support about this last week too. Hoping to hear back this week. Let me know what you need from me.,MEDIUM,YES
MSG00820,Any chance bulk export could be supported? Let me know what you need from me.,MEDIUM,NO
MSG00821,My order still hasn't arrived. Let me know when you can. Appreciate your help.,MEDIUM,NO
MSG00822,My order still hasn't arrived. Appreciate your help.,HIGH,YES
MSG00823,I was charged twice this month. Would appreciate a response soon. Let me know what you need from me.,HIGH,YES
MSG00824,Quick question about my account. Whenever you get a chance is fine. Let me know what you need from me.,HIGH,YES
MSG00825,My login keeps failing after the update. I need this resolved right away.,LOW,YES
MSG00826,I'm locked out of my account. Hoping to hear back this week.,HIGH,YES
MSG00827,Tracking hasn't updated in days. Thanks.,HIGH,YES
MSG00828,The delivery is way later than promised. Appreciate your help.,LOW,NO
MSG00829,Tracking hasn't updated in days.,LOW,YES
MSG00830,I can't sign in no matter what I try. I've already emailed twice with no reply. Hoping to hear back this week. Let me know what you need from me.,HIGH,YES
MSG00831,Could you clarify something about my plan? This is the second time I've reached out about this. Appreciate your help.,LOW,YES
MSG00832,I can't sign in no matter what I try. No rush at all. Thanks.,MEDIUM,YES
MSG00833,Everything is offline on my end. This is the second time I've reached out about this. Let me know when you can. Thanks.,HIGH,YES
MSG00834,The delivery is way later than promised. I contacted support about this last week too. Thanks.,LOW,YES
MSG00835,It would be great if you added SSO login. Please treat this as high priority. Appreciate your help.,HIGH,YES
MSG00836,i can't sign in no matter what i try. hoping to hear back this week. appreciate your help.,HIGH,YES
MSG00837,Tracking hasn't updated in days. I need this resolved right away. Thanks.,HIGH,NO
MSG00838,Could you clarify something about my plan? Not time-sensitive.,MEDIUM,NO
MSG00839,Could you clarify something about my plan? Thanks.,LOW,NO
MSG00840,It would be great if you added SSO login.,LOW,NO
MSG00841,I can't sign in no matter what I try. Thanks.,LOW,YES
MSG00842,Tracking hasn't updated in days. Not time-sensitive. Let me know what you need from me.,MEDIUM,YES
MSG00843,Your service has been down since about an hour ago. This is urgent. Appreciate your help.,HIGH,YES
MSG00844,I can't sign in no matter what I try. I contacted support about this last week too. Hoping to hear back this week. Thanks.,MEDIUM,YES
MSG00845,My login keeps failing after the update. Let me know what you need from me.,HIGH,NO
MSG00846,My invoice doesn't match what I agreed to. I need this resolved right away.,HIGH,YES
MSG00847,Have you considered a public API? Thanks.,LOW,YES
MSG00848,Just wondering how the API works. Please treat this as high priority. Appreciate your help.,LOW,NO
MSG00849,Any chance a public API could be supported? This is urgent. Let me know what you need from me.,MEDIUM,YES
MSG00850,Tracking hasn't updated in days. Appreciate your help.,HIGH,YES
MSG00851,There's a charge I don't recognize. Not time-sensitive.,MEDIUM,YES
MSG00852,The package showed up damaged.,LOW,YES
MSG00853,I can't sign in no matter what I try. Please treat this as high priority.,HIGH,YES
MSG00854,I can't access the dashboard at all.,MEDIUM,YES
MSG00855,I was charged twice this month. Thanks.,MEDIUM,NO
MSG00856,Have you considered bulk export? I contacted support about this last week too. No rush at all. Thanks.,LOW,NO
MSG00857,It would be great if you added bulk export. This is urgent. Thanks.,LOW,NO
MSG00858,I'm locked out of my account. Let me know what you need from me.,MEDIUM,YES
MSG00859,I'm locked out of my account. Hoping to hear back this week. Appreciate your help.,LOW,YES
MSG00860,Could you clarify something about my plan? I've already emailed twice with no reply. Hoping to hear back this week. Appreciate your help.,LOW,YES
MSG00861,Could you clarify something about my plan? Appreciate your help.,LOW,NO
MSG00862,Could you clarify something about my plan? Please treat this as high priority. Appreciate your help.,HIGH,YES
MSG00863,there's a charge i don't recognize. thanks.,HIGH,YES
MSG00864,It would be great if you added bulk export. Whenever you get a chance is fine. Thanks.,LOW,NO
MSG00865,My login keeps failing after the update. Not time-sensitive. Let me know what you need from me.,HIGH,YES
MSG00866,Quick question about the dashboard. Not time-sensitive. Let me know what you need from me.,MEDIUM,NO
MSG00867,Any chance bulk export could be supported? Not time-sensitive.,LOW,NO
MSG00868,My invoice doesn't match what I agreed to. Would appreciate a response soon. Let me know what you need from me.,LOW,NO
MSG00869,It would be great if you added a public API. No rush at all.,LOW,NO
MSG00870,there's a charge i don't recognize. thanks.,HIGH,NO
MSG00871,I can't sign in no matter what I try. This is urgent.,MEDIUM,YES
MSG00872,I was charged twice this month. I've already emailed twice with no reply. Would appreciate a response soon. Let me know what you need from me.,HIGH,YES
MSG00873,Your service has been down since this morning. Please treat this as high priority. Appreciate your help.,HIGH,YES
MSG00874,My invoice doesn't match what I agreed to. I've already emailed twice with no reply. Let me know what you need from me.,HIGH,YES
MSG00875,Everything is offline on my end.,HIGH,YES
MSG00876,The delivery is way later than promised. Please treat this as high priority. Let me know what you need from me.,LOW,YES
MSG00877,Any chance dark mode could be supported? Whenever you get a chance is fine. Appreciate your help.,LOW,YES
MSG00878,My order still hasn't arrived. Thanks.,HIGH,YES
MSG00879,Any chance bulk export could be supported? Would appreciate a response soon. Let me know what you need from me.,HIGH,YES
MSG00880,The package showed up damaged. Appreciate your help.,LOW,YES
MSG00881,everything is offline on my end. thanks.,LOW,NO
MSG00882,What I received doesn't work at all. This is urgent. Thanks.,HIGH,NO
MSG00883,Quick question about the dashboard. Not time-sensitive. Appreciate your help.,MEDIUM,NO
MSG00884,I can't sign in no matter what I try. Would appreciate a response soon. Thanks.,HIGH,NO
MSG00885,There's a charge I don't recognize. Please treat this as high priority. Thanks.,HIGH,YES
MSG00886,i can't sign in no matter what i try. i need this resolved right away. appreciate your help.,HIGH,YES
MSG00887,My invoice doesn't match what I agreed to. Not time-sensitive. Appreciate your help.,HIGH,NO
MSG00888,My invoice doesn't match what I agreed to. No rush at all. Let me know what you need from me.,HIGH,NO
MSG00889,Tracking hasn't updated in days. Hoping to hear back this week. Let me know what you need from me.,LOW,YES
MSG00890,Have you considered usage alerts? Would appreciate a response soon. Thanks.,MEDIUM,NO
MSG00891,Could you clarify something about my plan? Let me know when you can. Let me know what you need from me.,MEDIUM,NO
MSG00892,Just wondering how the billing portal works. This is the second time I've reached out about this. Let me know what you need from me.,LOW,NO
MSG00893,The item arrived broken. Please treat this as high priority. Let me know what you need from me.,HIGH,YES
MSG00894,it would be great if you added a public api. let me know when you can.,LOW,NO
MSG00895,i can't access the billing portal at all. i've already emailed twice with no reply. hoping to hear back this week. thanks.,HIGH,NO
MSG00896,There's a charge I don't recognize. Please treat this as high priority. Thanks.,HIGH,NO
MSG00897,My order still hasn't arrived. Not time-sensitive. Thanks.,LOW,YES
MSG00898,I was charged twice this month. Let me know when you can.,MEDIUM,NO
MSG00899,What I received doesn't work at all. Please treat this as high priority. Appreciate your help.,LOW,YES
MSG00900,Just wondering how the billing portal works. I've already emailed twice with no reply. Not time-sensitive. Thanks.,LOW,NO
MSG00901,There's a charge I don't recognize. Let me know what you need from me.,LOW,NO
MSG00902,There's a charge I don't recognize. Whenever you get a chance is fine. Thanks.,HIGH,YES
MSG00903,There's a charge I don't recognize. I contacted support about this last week too. Whenever you get a chance is fine. Appreciate your help.,MEDIUM,NO
MSG00904,everything is offline on my end. this is urgent. thanks.,HIGH,YES
MSG00905,I was charged twice this month. I need this resolved right away. Appreciate your help.,MEDIUM,YES
MSG00906,The delivery is way later than promised. Let me know when you can.,HIGH,YES
MSG00907,The item arrived broken. Please treat this as high priority. Thanks.,MEDIUM,YES
MSG00908,Have you considered SSO login? This is urgent. Let me know what you need from me.,HIGH,NO
MSG00909,What I received doesn't work at all. Whenever you get a chance is fine. Let me know what you need from me.,LOW,NO
MSG00910,The item arrived broken. I've already emailed twice with no reply. Whenever you get a chance is fine. Let me know what you need from me.,HIGH,YES
MSG00911,My invoice doesn't match what I agreed to. This is the second time I've reached out about this. Not time-sensitive. Let me know what you need from me.,HIGH,NO
MSG00912,I can't sign in no matter what I try. Appreciate your help.,HIGH,YES
MSG00913,The delivery is way later than promised. Let me know when you can. Appreciate your help.,MEDIUM,YES
MSG00914,My login keeps failing after the update. I need this resolved right away. Let me know what you need from me.,HIGH,YES
MSG00915,I'm locked out of my account. I've already emailed twice with no reply. Whenever you get a chance is fine. Let me know what you need from me.,HIGH,NO
MSG00916,Tracking hasn't updated in days. No rush at all. Thanks.,HIGH,NO
MSG00917,Tracking hasn't updated in days. No rush at all. Appreciate your help.,HIGH,YES
MSG00918,Tracking hasn't updated in days. Hoping to hear back this week. Thanks.,HIGH,YES
MSG00919,Everything is offline on my end. Let me know when you can. Appreciate your help.,LOW,YES
MSG00920,My login keeps failing after the update. Let me know when you can. Thanks.,HIGH,NO
MSG00921,Tracking hasn't updated in days. Thanks.,LOW,YES
MSG00922,My invoice doesn't match what I agreed to. This is the second time I've reached out about this. Whenever you get a chance is fine.,LOW,YES
MSG00923,I was charged twice this month. Appreciate your help.,LOW,NO
MSG00924,There's a charge I don't recognize. No rush at all. Thanks.,MEDIUM,NO
MSG00925,The item arrived broken. Whenever you get a chance is fine. Thanks.,HIGH,YES
MSG00926,My order still hasn't arrived. Hoping to hear back this week. Let me know what you need from me.,LOW,NO
MSG00927,Any chance dark mode could be supported? Would appreciate a response soon. Thanks.,MEDIUM,YES
MSG00928,your service has been down since this morning. let me know what you need from me.,HIGH,YES
MSG00929,Quick question about the API. Please treat this as high priority. Appreciate your help.,LOW,NO
MSG00930,Quick question about the mobile app. This is the second time I've reached out about this. Whenever you get a chance is fine. Appreciate your help.,HIGH,NO
MSG00931,My invoice doesn't match what I agreed to. I need this resolved right away. Let me know what you need from me.,HIGH,YES
MSG00932,My invoice doesn't match what I agreed to. Thanks.,MEDIUM,YES
MSG00933,I can't sign in no matter what I try. This is urgent. Let me know what you need from me.,MEDIUM,NO
MSG00934,Could you clarify something about my plan? Hoping to hear back this week.,LOW,NO
MSG00935,the package showed up damaged. appreciate your help.,LOW,NO
MSG00936,What I received doesn't work at all. I contacted support about this last week too. Would appreciate a response soon.,HIGH,YES
MSG00937,The delivery is way later than promised. Whenever you get a chance is fine. Appreciate your help.,LOW,NO
MSG00938,the package showed up damaged. i need this resolved right away. let me know what you need from me.,LOW,YES
MSG00939,What I received doesn't work at all. Thanks.,HIGH,NO
MSG00940,I was charged twice this month.,LOW,YES
MSG00941,Your service has been down since last night. I've already emailed twice with no reply. No rush at all. Let me know what you need from me.,HIGH,YES
MSG00942,I'm locked out of my account. This is the second time I've reached out about this. Whenever you get a chance is fine.,HIGH,YES
MSG00943,Tracking hasn't updated in days. I need this resolved right away. Appreciate your help.,LOW,NO
MSG00944,The item arrived broken. Whenever you get a chance is fine. Appreciate your help.,LOW,NO
MSG00945,I'm locked out of my account. Appreciate your help.,HIGH,NO
MSG00946,It would be great if you added dark mode. Appreciate your help.,LOW,NO
MSG00947,My order still hasn't arrived. I've already emailed twice with no reply. Appreciate your help.,LOW,NO
MSG00948,the package showed up damaged.,LOW,NO
MSG00949,Tracking hasn't updated in days. Let me know when you can. Let me know what you need from me.,LOW,NO
MSG00950,Have you considered bulk export? No rush at all. Thanks.,LOW,NO
MSG00951,Everything is offline on my end. Let me know when you can. Let me know what you need from me.,HIGH,YES
MSG00952,Could you clarify something about my plan? Appreciate your help.,LOW,YES
MSG00953,Everything is offline on my end. No rush at all. Let me know what you need from me.,HIGH,NO
MSG00954,Everything is offline on my end. Thanks.,HIGH,YES
MSG00955,My invoice doesn't match what I agreed to. I need this resolved right away.,HIGH,NO
MSG00956,Have you considered bulk export? Not time-sensitive. Appreciate your help.,LOW,YES
MSG00957,I was charged twice this month. No rush at all. Thanks.,LOW,YES
MSG00958,Tracking hasn't updated in days. This is the second time I've reached out about this. Appreciate your help.,LOW,YES
MSG00959,My order still hasn't arrived. Let me know when you can.,LOW,YES
MSG00960,What I received doesn't work at all. Hoping to hear back this week. Let me know what you need from me.,HIGH,NO
MSG00961,My login keeps failing after the update. Let me know when you can. Appreciate your help.,HIGH,YES
MSG00962,Tracking hasn't updated in days. Let me know what you need from me.,MEDIUM,YES
MSG00963,Just wondering how the billing portal works. I contacted support about this last week too. No rush at all. Let me know what you need from me.,MEDIUM,NO
MSG00964,I was charged twice this month. Whenever you get a chance is fine. Appreciate your help.,HIGH,NO
MSG00965,Any chance dark mode could be supported? This is urgent. Let me know what you need from me.,HIGH,NO
MSG00966,Have you considered usage alerts? Would appreciate a response soon. Appreciate your help.,MEDIUM,NO
MSG00967,My order still hasn't arrived. This is the second time I've reached out about this. Hoping to hear back this week.,HIGH,YES
MSG00968,Tracking hasn't updated in days. Appreciate your help.,LOW,YES
MSG00969,i'm locked out of my account. this is the second time i've reached out about this. not time-sensitive. let me know what you need from me.,HIGH,YES
MSG00970,The package showed up damaged. Thanks.,HIGH,NO
MSG00971,My invoice doesn't match what I agreed to. I contacted support about this last week too.,LOW,YES
MSG00972,I can't access my account at all. Not time-sensitive. Thanks.,LOW,YES
MSG00973,It would be great if you added usage alerts. Hoping to hear back this week. Appreciate your help.,LOW,NO
MSG00974,i'm locked out of my account. whenever you get a chance is fine. appreciate your help.,LOW,NO
MSG00975,i was charged twice this month. please treat this as high priority. thanks.,LOW,YES
MSG00976,Your service has been down since yesterday. Would appreciate a response soon. Thanks.,MEDIUM,YES
MSG00977,I was charged twice this month. Let me know what you need from me.,MEDIUM,YES
MSG00978,it would be great if you added sso login. this is the second time i've reached out about this. this is urgent.,LOW,YES
MSG00979,What I received doesn't work at all. Thanks.,HIGH,YES
MSG00980,I'm locked out of my account. Hoping to hear back this week. Appreciate your help.,MEDIUM,YES
MSG00981,the item arrived broken. let me know when you can. appreciate your help.,HIGH,NO
MSG00982,Could you clarify something about my plan? Hoping to hear back this week. Appreciate your help.,MEDIUM,YES
MSG00983,the package showed up damaged. i need this resolved right away.,HIGH,YES
MSG00984,My invoice doesn't match what I agreed to. Not time-sensitive.,MEDIUM,YES
MSG00985,The item arrived broken. Let me know when you can. Let me know what you need from me.,HIGH,NO
MSG00986,Could you clarify something about my plan? Hoping to hear back this week.,HIGH,NO
MSG00987,Could you clarify something about my plan? Let me know what you need from me.,MEDIUM,YES
MSG00988,Quick question about the mobile app.,LOW,NO
MSG00989,Any chance bulk export could be supported? Whenever you get a chance is fine. Thanks.,MEDIUM,YES
MSG00990,The delivery is way later than promised. This is urgent. Let me know what you need from me.,HIGH,NO
MSG00991,Have you considered SSO login? Hoping to hear back this week. Thanks.,LOW,YES
MSG00992,Have you considered dark mode? Would appreciate a response soon.,MEDIUM,NO
MSG00993,Quick question about the mobile app. I contacted support about this last week too. I need this resolved right away.,LOW,YES
MSG00994,Any chance usage alerts could be supported? I need this resolved right away. Thanks.,MEDIUM,YES
MSG00995,I'm locked out of my account. Hoping to hear back this week. Let me know what you need from me.,MEDIUM,YES
MSG00996,Have you considered bulk export? Hoping to hear back this week. Thanks.,LOW,NO
MSG00997,My login keeps failing after the update. I need this resolved right away. Thanks.,HIGH,YES
MSG00998,I was charged twice this month. Hoping to hear back this week. Let me know what you need from me.,HIGH,YES
MSG00999,I'm locked out of my account. No rush at all. Let me know what you need from me.,MEDIUM,YES
MSG01000,The package showed up damaged. Appreciate your help.,MEDIUM,NO
MSG01001,I was charged twice this month. I need this resolved right away. Appreciate your help.,MEDIUM,YES
MSG01002,Could you clarify something about my plan?,HIGH,NO
MSG01003,The item arrived broken. I've already emailed twice with no reply. Let me know when you can. Let me know what you need from me.,LOW,YES
MSG01004,There's a charge I don't recognize. This is urgent. Let me know what you need from me.,LOW,NO
MSG01005,Have you considered dark mode? No rush at all. Let me know what you need from me.,LOW,NO
MSG01006,Everything is offline on my end. Appreciate your help.,LOW,YES
MSG01007,The item arrived broken. I contacted support about this last week too. Let me know when you can.,HIGH,NO
MSG01008,Could you clarify something about my plan? I've already emailed twice with no reply. Let me know what you need from me.,LOW,NO
MSG01009,Your service has been down since this morning. Please treat this as high priority.,HIGH,YES
MSG01010,I was charged twice this month. Thanks.,HIGH,NO
MSG01011,My order still hasn't arrived. Would appreciate a response soon. Thanks.,HIGH,YES
MSG01012,Your service has been down since about an hour ago. No rush at all. Appreciate your help.,MEDIUM,NO
MSG01013,Tracking hasn't updated in days. Whenever you get a chance is fine. Appreciate your help.,MEDIUM,YES
MSG01014,It would be great if you added SSO login. This is the second time I've reached out about this. Not time-sensitive. Thanks.,LOW,YES
MSG01015,Could you clarify something about my plan? This is urgent. Thanks.,MEDIUM,NO
MSG01016,Just wondering how the API works. Not time-sensitive. Thanks.,MEDIUM,NO
MSG01017,Just wondering how the mobile app works.,HIGH,NO
MSG01018,Just wondering how the dashboard works. I've already emailed twice with no reply. Thanks.,HIGH,YES
MSG01019,I'm locked out of my account. I need this resolved right away. Let me know what you need from me.,HIGH,YES
MSG01020,Have you considered bulk export? Let me know what you need from me.,MEDIUM,YES
MSG01021,Could you clarify something about my plan? Appreciate your help.,LOW,YES
MSG01022,Could you clarify something about my plan?,MEDIUM,NO
MSG01023,Tracking hasn't updated in days. Let me know when you can. Appreciate your help.,LOW,YES
MSG01024,Just wondering how the dashboard works. Thanks.,LOW,NO
MSG01025,Tracking hasn't updated in days. Whenever you get a chance is fine.,MEDIUM,NO
MSG01026,The item arrived broken. Appreciate your help.,HIGH,NO
MSG01027,My login keeps failing after the update. Appreciate your help.,HIGH,YES
MSG01028,There's a charge I don't recognize. Please treat this as high priority. Let me know what you need from me.,HIGH,NO
MSG01029,Everything is offline on my end. This is the second time I've reached out about this. Appreciate your help.,HIGH,YES
MSG01030,Could you clarify something about my plan?,LOW,NO
MSG01031,Your service has been down since last night. I contacted support about this last week too. No rush at all. Let me know what you need from me.,HIGH,YES
MSG01032,have you considered usage alerts? let me know when you can. appreciate your help.,MEDIUM,NO
MSG01033,My invoice doesn't match what I agreed to. Would appreciate a response soon. Let me know what you need from me.,HIGH,YES
MSG01034,Just wondering how the billing portal works. Not time-sensitive. Thanks.,MEDIUM,NO
MSG01035,It would be great if you added a public API. I've already emailed twice with no reply. Hoping to hear back this week. Appreciate your help.,MEDIUM,YES
MSG01036,the delivery is way later than promised. not time-sensitive. thanks.,LOW,YES
MSG01037,It would be great if you added a public API. Thanks.,HIGH,NO
MSG01038,I can't sign in no matter what I try. Let me know when you can.,LOW,NO
MSG01039,There's a charge I don't recognize. This is the second time I've reached out about this. Let me know when you can. Let me know what you need from me.,HIGH,YES
MSG01040,Any chance usage alerts could be supported? Not time-sensitive. Let me know what you need from me.,MEDIUM,YES
MSG01041,I'm locked out of my account. Let me know when you can. Let me know what you need from me.,LOW,YES
MSG01042,could you clarify something about my plan? appreciate your help.,MEDIUM,YES
MSG01043,My invoice doesn't match what I agreed to. Thanks.,HIGH,NO
MSG01044,The delivery is way later than promised. I contacted support about this last week too. No rush at all. Appreciate your help.,LOW,YES
MSG01045,Any chance dark mode could be supported? I've already emailed twice with no reply. Please treat this as high priority. Let me know what you need from me.,LOW,YES
MSG01046,my login keeps failing after the update. i contacted support about this last week too.,HIGH,YES
MSG01047,Everything is offline on my end. Whenever you get a chance is fine.,MEDIUM,NO
MSG01048,Any chance dark mode could be supported? This is urgent. Let me know what you need from me.,MEDIUM,NO
MSG01049,The item arrived broken. This is the second time I've reached out about this. I need this resolved right away. Let me know what you need from me.,HIGH,NO
MSG01050,i was charged twice this month. please treat this as high priority. let me know what you need from me.,HIGH,YES
MSG01051,My order still hasn't arrived. Would appreciate a response soon. Appreciate your help.,HIGH,YES
MSG01052,Your service has been down since last night. Would appreciate a response soon. Thanks.,HIGH,YES
MSG01053,I can't access the billing portal at all. Appreciate your help.,HIGH,YES
MSG01054,the delivery is way later than promised. this is the second time i've reached out about this. let me know when you can. let me know what you need from me.,HIGH,YES
MSG01055,Everything is offline on my end. Whenever you get a chance is fine. Appreciate your help.,HIGH,YES
MSG01056,Quick question about my account. Let me know when you can. Appreciate your help.,MEDIUM,YES
MSG01057,Tracking hasn't updated in days. I need this resolved right away. Appreciate your help.,HIGH,YES
MSG01058,my invoice doesn't match what i agreed to. not time-sensitive. let me know what you need from me.,HIGH,YES
MSG01059,my login keeps failing after the update. this is the second time i've reached out about this. let me know what you need from me.,HIGH,NO
MSG01060,Your service has been down since about an hour ago. This is the second time I've reached out about this. Please treat this as high priority. Appreciate your help.,HIGH,YES
MSG01061,Everything is offline on my end. I contacted support about this last week too. Appreciate your help.,HIGH,YES
MSG01062,Have you considered bulk export?,LOW,NO
MSG01063,your service has been down since yesterday. would appreciate a response soon. let me know what you need from me.,HIGH,NO
MSG01064,My order still hasn't arrived. Let me know when you can. Appreciate your help.,MEDIUM,YES
MSG01065,quick question about the mobile app. no rush at all. thanks.,LOW,NO
MSG01066,Tracking hasn't updated in days. This is urgent. Thanks.,LOW,YES
MSG01067,Any chance a public API could be supported? Not time-sensitive.,LOW,NO
MSG01068,My login keeps failing after the update. This is the second time I've reached out about this. Let me know when you can.,LOW,YES
MSG01069,I was charged twice this month. This is urgent. Thanks.,HIGH,NO
MSG01070,Just wondering how the dashboard works. Whenever you get a chance is fine.,HIGH,NO
MSG01071,My invoice doesn't match what I agreed to. This is the second time I've reached out about this. Appreciate your help.,HIGH,YES
MSG01072,I can't access the billing portal at all. Appreciate your help.,MEDIUM,YES
MSG01073,I can't sign in no matter what I try. Let me know when you can. Let me know what you need from me.,HIGH,YES
MSG01074,It would be great if you added dark mode. Appreciate your help.,MEDIUM,NO
MSG01075,i can't access the dashboard at all. whenever you get a chance is fine. let me know what you need from me.,MEDIUM,YES
MSG01076,What I received doesn't work at all. Please treat this as high priority.,HIGH,NO
MSG01077,i'm locked out of my account. i contacted support about this last week too. let me know when you can. thanks.,HIGH,YES
MSG01078,I was charged twice this month. Thanks.,HIGH,YES
MSG01079,My login keeps failing after the update. Let me know what you need from me.,HIGH,YES
MSG01080,My login keeps failing after the update. Whenever you get a chance is fine.,LOW,YES
MSG01081,I can't access the dashboard at all. Thanks.,MEDIUM,NO
MSG01082,The delivery is way later than promised. Hoping to hear back this week. Thanks.,LOW,YES
MSG01083,what i received doesn't work at all. hoping to hear back this week.,HIGH,NO
MSG01084,There's a charge I don't recognize. Let me know what you need from me.,HIGH,NO
MSG01085,Quick question about the billing portal. I need this resolved right away. Appreciate your help.,MEDIUM,YES
MSG01086,The delivery is way later than promised. This is the second time I've reached out about this. I need this resolved right away.,HIGH,YES
MSG01087,Have you considered SSO login? I need this resolved right away. Appreciate your help.,MEDIUM,YES
MSG01088,Your service has been down since yesterday. Would appreciate a response soon.,MEDIUM,NO
MSG01089,The item arrived broken. Let me know what you need from me.,LOW,NO
MSG01090,My login keeps failing after the update. I need this resolved right away. Thanks.,HIGH,NO
MSG01091,What I received doesn't work at all. This is the second time I've reached out about this. Let me know when you can. Appreciate your help.,LOW,YES
MSG01092,There's a charge I don't recognize. I need this resolved right away. Thanks.,MEDIUM,YES
MSG01093,I was charged twice this month. No rush at all. Let me know what you need from me.,HIGH,NO
MSG01094,Could you clarify something about my plan? This is urgent. Appreciate your help.,LOW,NO
MSG01095,What I received doesn't work at all. Not time-sensitive. Thanks.,LOW,NO
MSG01096,what i received doesn't work at all. not time-sensitive. let me know what you need from me.,HIGH,NO
MSG01097,It would be great if you added dark mode. Would appreciate a response soon. Thanks.,MEDIUM,NO
MSG01098,My login keeps failing after the update. Let me know when you can. Thanks.,HIGH,YES
MSG01099,There's a charge I don't recognize.,HIGH,YES
MSG01100,My invoice doesn't match what I agreed to. Let me know when you can.,MEDIUM,YES
MSG01101,I can't sign in no matter what I try. No rush at all. Thanks.,MEDIUM,NO
MSG01102,I was charged twice this month. This is urgent. Thanks.,MEDIUM,YES
MSG01103,There's a charge I don't recognize. Let me know when you can. Let me know what you need from me.,HIGH,NO
MSG01104,My login keeps failing after the update. Appreciate your help.,HIGH,NO
MSG01105,Everything is offline on my end. Would appreciate a response soon. Let me know what you need from me.,HIGH,NO
MSG01106,What I received doesn't work at all. Let me know when you can. Let me know what you need from me.,HIGH,NO
MSG01107,Tracking hasn't updated in days. Appreciate your help.,MEDIUM,NO
MSG01108,It would be great if you added a public API. Whenever you get a chance is fine. Let me know what you need from me.,MEDIUM,YES
MSG01109,I can't sign in no matter what I try. This is the second time I've reached out about this. This is urgent. Appreciate your help.,HIGH,YES
MSG01110,Could you clarify something about my plan? Thanks.,LOW,YES
MSG01111,the delivery is way later than promised. hoping to hear back this week. let me know what you need from me.,LOW,YES
MSG01112,I was charged twice this month. Would appreciate a response soon. Let me know what you need from me.,MEDIUM,YES
MSG01113,Everything is offline on my end. No rush at all. Appreciate your help.,MEDIUM,NO
MSG01114,Just wondering how the mobile app works. Thanks.,LOW,YES
MSG01115,I can't sign in no matter what I try. Let me know when you can. Let me know what you need from me.,LOW,NO
MSG01116,I'm locked out of my account. No rush at all. Thanks.,MEDIUM,YES
MSG01117,The delivery is way later than promised. I've already emailed twice with no reply. Not time-sensitive. Thanks.,HIGH,NO
MSG01118,My login keeps failing after the update. Appreciate your help.,HIGH,NO
MSG01119,The delivery is way later than promised. Hoping to hear back this week. Appreciate your help.,LOW,YES
MSG01120,The package showed up damaged. No rush at all.,MEDIUM,NO
MSG01121,Just wondering how the mobile app works. Please treat this as high priority. Appreciate your help.,LOW,NO
MSG01122,Have you considered usage alerts? Hoping to hear back this week. Thanks.,LOW,YES
MSG01123,I can't sign in no matter what I try.,MEDIUM,YES
MSG01124,Tracking hasn't updated in days. Please treat this as high priority. Let me know what you need from me.,LOW,YES
MSG01125,The delivery is way later than promised.,HIGH,NO
MSG01126,The item arrived broken. Hoping to hear back this week.,MEDIUM,NO
MSG01127,Your service has been down since yesterday. Let me know when you can. Thanks.,HIGH,YES
MSG01128,Any chance usage alerts could be supported? I contacted support about this last week too. No rush at all.,LOW,NO
MSG01129,I can't access the billing portal at all. Thanks.,HIGH,YES
MSG01130,The package showed up damaged. Let me know what you need from me.,LOW,NO
MSG01131,the item arrived broken. this is urgent.,HIGH,NO
MSG01132,What I received doesn't work at all. Let me know when you can. Let me know what you need from me.,MEDIUM,NO
MSG01133,I can't sign in no matter what I try. Please treat this as high priority. Thanks.,HIGH,YES
MSG01134,My order still hasn't arrived. No rush at all.,HIGH,NO
MSG01135,My login keeps failing after the update. This is urgent. Let me know what you need from me.,HIGH,YES
MSG01136,The item arrived broken. Not time-sensitive. Let me know what you need from me.,MEDIUM,NO
MSG01137,I can't access the dashboard at all. Would appreciate a response soon. Appreciate your help.,HIGH,YES
MSG01138,The item arrived broken. Would appreciate a response soon.,MEDIUM,YES
MSG01139,Tracking hasn't updated in days. This is urgent. Thanks.,HIGH,YES
MSG01140,My login keeps failing after the update. I contacted support about this last week too. Not time-sensitive. Appreciate your help.,MEDIUM,NO
MSG01141,My order still hasn't arrived. Thanks.,MEDIUM,YES
MSG01142,i can't sign in no matter what i try. not time-sensitive. appreciate your help.,HIGH,YES
MSG01143,Quick question about the mobile app. Let me know what you need from me.,MEDIUM,NO
MSG01144,My login keeps failing after the update. No rush at all. Let me know what you need from me.,MEDIUM,NO
MSG01145,Tracking hasn't updated in days. I've already emailed twice with no reply. This is urgent. Let me know what you need from me.,HIGH,YES
MSG01146,Just wondering how the dashboard works. I contacted support about this last week too. Would appreciate a response soon. Let me know what you need from me.,LOW,NO
MSG01147,Could you clarify something about my plan? Let me know when you can. Appreciate your help.,HIGH,NO
MSG01148,I can't access the billing portal at all. No rush at all. Let me know what you need from me.,LOW,YES
MSG01149,have you considered a public api? no rush at all. thanks.,LOW,NO
MSG01150,I can't access the mobile app at all. Would appreciate a response soon. Let me know what you need from me.,MEDIUM,YES
MSG01151,Any chance usage alerts could be supported?,MEDIUM,NO
MSG01152,I can't access my account at all. I need this resolved right away. Thanks.,HIGH,YES
MSG01153,Tracking hasn't updated in days. Appreciate your help.,MEDIUM,YES
MSG01154,The item arrived broken. Appreciate your help.,HIGH,NO
MSG01155,My order still hasn't arrived. Please treat this as high priority. Let me know what you need from me.,MEDIUM,YES
MSG01156,What I received doesn't work at all. Appreciate your help.,MEDIUM,NO
MSG01157,The delivery is way later than promised. Not time-sensitive.,HIGH,YES
MSG01158,The item arrived broken. Please treat this as high priority.,HIGH,YES
MSG01159,The package showed up damaged. This is urgent.,LOW,YES
MSG01160,I can't sign in no matter what I try. Would appreciate a response soon. Let me know what you need from me.,MEDIUM,YES
MSG01161,Have you considered a public API? Whenever you get a chance is fine. Thanks.,HIGH,NO
MSG01162,My invoice doesn't match what I agreed to. I contacted support about this last week too.,LOW,YES
MSG01163,Have you considered SSO login? Whenever you get a chance is fine. Thanks.,LOW,NO
MSG01164,Just wondering how the billing portal works.,LOW,NO
MSG01165,I was charged twice this month. Not time-sensitive. Appreciate your help.,HIGH,YES
MSG01166,Have you considered SSO login? No rush at all.,MEDIUM,NO
MSG01167,It would be great if you added bulk export. I need this resolved right away. Let me know what you need from me.,LOW,NO
MSG01168,My login keeps failing after the update. Please treat this as high priority.,HIGH,YES
MSG01169,Just wondering how the API works. Not time-sensitive. Let me know what you need from me.,LOW,NO
MSG01170,Your service has been down since last night. This is the second time I've reached out about this. This is urgent. Appreciate your help.,MEDIUM,YES
MSG01171,just wondering how the api works. not time-sensitive. appreciate your help.,LOW,YES
MSG01172,There's a charge I don't recognize. No rush at all. Appreciate your help.,HIGH,NO
MSG01173,I can't sign in no matter what I try. Whenever you get a chance is fine. Appreciate your help.,LOW,NO
MSG01174,I can't access the dashboard at all.,HIGH,YES
MSG01175,My order still hasn't arrived. Let me know what you need from me.,HIGH,YES
MSG01176,Everything is offline on my end. Would appreciate a response soon. Let me know what you need from me.,HIGH,YES
MSG01177,It would be great if you added SSO login. This is urgent. Appreciate your help.,LOW,NO
MSG01178,My login keeps failing after the update. Please treat this as high priority. Appreciate your help.,HIGH,NO
MSG01179,There's a charge I don't recognize. I've already emailed twice with no reply. Let me know what you need from me.,MEDIUM,YES
MSG01180,Your service has been down since this morning. Appreciate your help.,HIGH,YES
MSG01181,I can't sign in no matter what I try. Would appreciate a response soon. Let me know what you need from me.,HIGH,YES
MSG01182,My order still hasn't arrived. Let me know when you can. Thanks.,MEDIUM,YES
MSG01183,Quick question about the mobile app. I contacted support about this last week too. Let me know what you need from me.,MEDIUM,NO
MSG01184,What I received doesn't work at all. This is the second time I've reached out about this. No rush at all. Thanks.,MEDIUM,NO
MSG01185,I'm locked out of my account. I contacted support about this last week too. Let me know when you can. Let me know what you need from me.,LOW,YES
MSG01186,Quick question about the billing portal. Let me know when you can.,LOW,YES
MSG01187,I was charged twice this month. Would appreciate a response soon. Appreciate your help.,HIGH,YES
MSG01188,I can't sign in no matter what I try. I contacted support about this last week too. Let me know when you can. Appreciate your help.,HIGH,YES
MSG01189,Have you considered a public API? Thanks.,LOW,NO
MSG01190,The item arrived broken. No rush at all.,LOW,YES
MSG01191,I'm locked out of my account. Whenever you get a chance is fine. Thanks.,MEDIUM,NO
MSG01192,The delivery is way later than promised. Thanks.,HIGH,YES
MSG01193,It would be great if you added a public API. Thanks.,HIGH,YES
MSG01194,It would be great if you added bulk export. This is urgent. Let me know what you need from me.,HIGH,YES
MSG01195,The item arrived broken. I need this resolved right away.,HIGH,YES
MSG01196,I can't sign in no matter what I try. Whenever you get a chance is fine.,HIGH,YES
MSG01197,The package showed up damaged. Appreciate your help.,HIGH,YES
MSG01198,My invoice doesn't match what I agreed to. I've already emailed twice with no reply. I need this resolved right away.,HIGH,NO
MSG01199,Just wondering how the API works. I contacted support about this last week too. Whenever you get a chance is fine. Appreciate your help.,HIGH,YES
MSG01200,My login keeps failing after the update. Thanks.,MEDIUM,YES
MSG01201,I can't access the billing portal at all. I've already emailed twice with no reply. Thanks.,HIGH,YES
MSG01202,Just wondering how the dashboard works. I need this resolved right away. Let me know what you need from me.,HIGH,NO
MSG01203,It would be great if you added dark mode. This is the second time I've reached out about this. Whenever you get a chance is fine. Thanks.,LOW,YES
MSG01204,I was charged twice this month. Let me know what you need from me.,MEDIUM,YES
MSG01205,My login keeps failing after the update. Appreciate your help.,LOW,NO
MSG01206,Have you considered usage alerts? I need this resolved right away. Let me know what you need from me.,HIGH,YES
MSG01207,My invoice doesn't match what I agreed to. I've already emailed twice with no reply. Let me know what you need from me.,MEDIUM,NO
MSG01208,Have you considered usage alerts? I need this resolved right away. Let me know what you need from me.,MEDIUM,YES
MSG01209,Quick question about the dashboard. Let me know what you need from me.,HIGH,YES
MSG01210,What I received doesn't work at all. Thanks.,MEDIUM,YES
MSG01211,The item arrived broken. Hoping to hear back this week. Appreciate your help.,LOW,YES
MSG01212,Your service has been down since last night.,HIGH,NO
MSG01213,my order still hasn't arrived. please treat this as high priority. appreciate your help.,LOW,YES
MSG01214,Your service has been down since about an hour ago. I contacted support about this last week too. Appreciate your help.,HIGH,YES
MSG01215,tracking hasn't updated in days. let me know when you can. thanks.,LOW,NO
MSG01216,It would be great if you added a public API. Appreciate your help.,LOW,YES
MSG01217,Tracking hasn't updated in days. Not time-sensitive. Let me know what you need from me.,LOW,YES
MSG01218,My invoice doesn't match what I agreed to. I need this resolved right away. Thanks.,MEDIUM,YES
MSG01219,I can't access the billing portal at all. Let me know what you need from me.,HIGH,NO
MSG01220,What I received doesn't work at all. I contacted support about this last week too. Whenever you get a chance is fine. Thanks.,LOW,YES
MSG01221,The delivery is way later than promised. I contacted support about this last week too. I need this resolved right away. Appreciate your help.,HIGH,NO
MSG01222,My login keeps failing after the update. Thanks.,HIGH,YES
MSG01223,I can't sign in no matter what I try. Whenever you get a chance is fine. Let me know what you need from me.,HIGH,YES
MSG01224,The item arrived broken. Not time-sensitive. Thanks.,LOW,NO
MSG01225,Quick question about the billing portal. Let me know when you can. Thanks.,LOW,NO
MSG01226,Quick question about the billing portal. I contacted support about this last week too. Appreciate your help.,HIGH,NO
MSG01227,just wondering how the billing portal works. not time-sensitive. let me know what you need from me.,LOW,NO
MSG01228,I'm locked out of my account. Let me know when you can.,LOW,YES
MSG01229,The item arrived broken. I contacted support about this last week too.,LOW,YES
MSG01230,Tracking hasn't updated in days. Thanks.,HIGH,NO
MSG01231,I'm locked out of my account. Whenever you get a chance is fine. Thanks.,MEDIUM,NO
MSG01232,My login keeps failing after the update. Whenever you get a chance is fine. Let me know what you need from me.,LOW,YES
MSG01233,What I received doesn't work at all. Not time-sensitive.,LOW,NO
MSG01234,Your service has been down since about an hour ago. Not time-sensitive. Appreciate your help.,HIGH,NO
MSG01235,The item arrived broken. Not time-sensitive. Appreciate your help.,LOW,YES
MSG01236,Just wondering how the mobile app works. I need this resolved right away. Appreciate your help.,LOW,NO
MSG01237,The delivery is way later than promised. Hoping to hear back this week.,LOW,YES
MSG01238,Just wondering how the dashboard works. Would appreciate a response soon. Appreciate your help.,MEDIUM,YES
MSG01239,The package showed up damaged. I contacted support about this last week too. Let me know when you can. Thanks.,HIGH,YES
MSG01240,The delivery is way later than promised.,MEDIUM,NO
MSG01241,My order still hasn't arrived. Thanks.,LOW,NO
MSG01242,Any chance usage alerts could be supported? No rush at all.,HIGH,NO
MSG01243,I'm locked out of my account. Let me know what you need from me.,LOW,YES
MSG01244,There's a charge I don't recognize. Thanks.,HIGH,YES
MSG01245,The item arrived broken. Whenever you get a chance is fine.,MEDIUM,YES
MSG01246,The delivery is way later than promised. I've already emailed twice with no reply. Let me know what you need from me.,MEDIUM,YES
MSG01247,My invoice doesn't match what I agreed to. Let me know what you need from me.,HIGH,NO
MSG01248,It would be great if you added bulk export. Let me know when you can.,MEDIUM,YES
MSG01249,There's a charge I don't recognize. Hoping to hear back this week.,HIGH,NO
MSG01250,Could you clarify something about my plan? I need this resolved right away. Thanks.,HIGH,YES
MSG01251,Have you considered usage alerts? Hoping to hear back this week. Thanks.,LOW,YES
MSG01252,Quick question about the billing portal. Whenever you get a chance is fine.,LOW,NO
MSG01253,everything is offline on my end. this is urgent. thanks.,HIGH,YES
MSG01254,It would be great if you added bulk export. Let me know what you need from me.,HIGH,YES
MSG01255,Any chance a public API could be supported? I need this resolved right away. Let me know what you need from me.,HIGH,NO
MSG01256,any chance a public api could be supported? i've already emailed twice with no reply.,MEDIUM,NO
MSG01257,i'm locked out of my account. hoping to hear back this week.,HIGH,NO
MSG01258,Could you clarify something about my plan? I've already emailed twice with no reply. Would appreciate a response soon.,LOW,YES
MSG01259,My invoice doesn't match what I agreed to.,MEDIUM,NO
MSG01260,Any chance SSO login could be supported? Hoping to hear back this week.,LOW,NO
MSG01261,Have you considered dark mode? Whenever you get a chance is fine.,LOW,NO
MSG01262,My invoice doesn't match what I agreed to. Hoping to hear back this week. Let me know what you need from me.,HIGH,NO
MSG01263,Could you clarify something about my plan? No rush at all. Appreciate your help.,HIGH,NO
MSG01264,Tracking hasn't updated in days. No rush at all.,HIGH,NO
MSG01265,The package showed up damaged. Thanks.,MEDIUM,NO
MSG01266,i was charged twice this month. let me know when you can. thanks.,HIGH,YES
MSG01267,There's a charge I don't recognize. I contacted support about this last week too. Appreciate your help.,HIGH,YES
MSG01268,The item arrived broken. This is the second time I've reached out about this. Let me know what you need from me.,HIGH,NO
MSG01269,any chance usage alerts could be supported? let me know what you need from me.,HIGH,NO
MSG01270,I was charged twice this month. I've already emailed twice with no reply. Please treat this as high priority. Appreciate your help.,HIGH,YES
MSG01271,I can't access the API at all.,HIGH,NO
MSG01272,I'm locked out of my account. I've already emailed twice with no reply. Let me know what you need from me.,HIGH,YES
MSG01273,my invoice doesn't match what i agreed to. i've already emailed twice with no reply. let me know when you can. let me know what you need from me.,HIGH,NO
MSG01274,The delivery is way later than promised. I contacted support about this last week too. I need this resolved right away. Let me know what you need from me.,LOW,NO
MSG01275,My order still hasn't arrived. Appreciate your help.,LOW,NO
MSG01276,Your service has been down since about an hour ago. Let me know when you can. Thanks.,HIGH,YES
MSG01277,Everything is offline on my end. This is the second time I've reached out about this. Let me know when you can. Thanks.,HIGH,YES
MSG01278,your service has been down since about an hour ago. please treat this as high priority. thanks.,HIGH,NO
MSG01279,Tracking hasn't updated in days. Whenever you get a chance is fine. Let me know what you need from me.,HIGH,NO
MSG01280,Your service has been down since about an hour ago. This is the second time I've reached out about this. Let me know when you can. Thanks.,MEDIUM,YES
MSG01281,Everything is offline on my end. Thanks.,HIGH,YES
MSG01282,There's a charge I don't recognize. Thanks.,HIGH,NO
MSG01283,Any chance dark mode could be supported? This is the second time I've reached out about this. Let me know when you can. Thanks.,LOW,NO
MSG01284,the package showed up damaged. let me know when you can. appreciate your help.,HIGH,YES
MSG01285,i can't access the dashboard at all. hoping to hear back this week. let me know what you need from me.,HIGH,YES
MSG01286,my order still hasn't arrived. please treat this as high priority. let me know what you need from me.,MEDIUM,NO
MSG01287,The item arrived broken. No rush at all. Appreciate your help.,MEDIUM,NO
MSG01288,The item arrived broken. Let me know what you need from me.,MEDIUM,YES
MSG01289,quick question about the dashboard. would appreciate a response soon. thanks.,LOW,YES
MSG01290,Any chance SSO login could be supported? I've already emailed twice with no reply. Appreciate your help.,LOW,YES
MSG01291,any chance bulk export could be supported? please treat this as high priority.,HIGH,YES
MSG01292,Everything is offline on my end. Please treat this as high priority. Appreciate your help.,MEDIUM,YES
MSG01293,Have you considered bulk export? Hoping to hear back this week. Let me know what you need from me.,LOW,YES
MSG01294,The delivery is way later than promised. I've already emailed twice with no reply. Thanks.,MEDIUM,NO
MSG01295,It would be great if you added a public API. Appreciate your help.,HIGH,NO
MSG01296,What I received doesn't work at all. I've already emailed twice with no reply. Thanks.,HIGH,YES
MSG01297,the delivery is way later than promised. whenever you get a chance is fine. let me know what you need from me.,HIGH,NO
MSG01298,My login keeps failing after the update. Appreciate your help.,HIGH,YES
MSG01299,Just wondering how the mobile app works. No rush at all. Thanks.,LOW,NO
MSG01300,I can't sign in no matter what I try. I need this resolved right away. Appreciate your help.,HIGH,YES
MSG01301,Have you considered SSO login? Let me know what you need from me.,LOW,YES
MSG01302,The delivery is way later than promised. Thanks.,LOW,YES
MSG01303,What I received doesn't work at all. No rush at all. Thanks.,LOW,YES
MSG01304,Any chance bulk export could be supported? Let me know what you need from me.,LOW,YES
MSG01305,I'm locked out of my account. Appreciate your help.,HIGH,NO
MSG01306,The item arrived broken. This is urgent. Let me know what you need from me.,HIGH,YES
MSG01307,quick question about the mobile app. no rush at all.,LOW,NO
MSG01308,My invoice doesn't match what I agreed to. Let me know what you need from me.,LOW,YES
MSG01309,I can't sign in no matter what I try. I've already emailed twice with no reply. Appreciate your help.,HIGH,YES
MSG01310,Any chance bulk export could be supported? Would appreciate a response soon. Let me know what you need from me.,LOW,YES
MSG01311,the package showed up damaged. no rush at all. let me know what you need from me.,LOW,YES
MSG01312,There's a charge I don't recognize. Whenever you get a chance is fine. Let me know what you need from me.,MEDIUM,YES
MSG01313,just wondering how the dashboard works. not time-sensitive. let me know what you need from me.,LOW,NO
MSG01314,Quick question about the dashboard. I've already emailed twice with no reply. Would appreciate a response soon.,LOW,YES
MSG01315,my order still hasn't arrived. this is urgent. let me know what you need from me.,HIGH,NO
MSG01316,It would be great if you added bulk export. Whenever you get a chance is fine.,LOW,NO
MSG01317,My login keeps failing after the update. Let me know when you can. Let me know what you need from me.,MEDIUM,YES
MSG01318,I'm locked out of my account. No rush at all. Let me know what you need from me.,LOW,NO
MSG01319,Any chance SSO login could be supported? I've already emailed twice with no reply. Thanks.,LOW,YES
MSG01320,There's a charge I don't recognize. Would appreciate a response soon.,HIGH,YES
MSG01321,Any chance usage alerts could be supported? Hoping to hear back this week. Appreciate your help.,LOW,NO
MSG01322,Any chance SSO login could be supported? This is urgent. Thanks.,LOW,YES
MSG01323,I'm locked out of my account. I've already emailed twice with no reply. No rush at all. Appreciate your help.,MEDIUM,YES
MSG01324,I'm locked out of my account. Not time-sensitive. Let me know what you need from me.,LOW,YES
MSG01325,My order still hasn't arrived. This is the second time I've reached out about this. Hoping to hear back this week. Let me know what you need from me.,HIGH,YES
MSG01326,I can't access the mobile app at all. Appreciate your help.,MEDIUM,YES
MSG01327,Your service has been down since about an hour ago. Whenever you get a chance is fine. Appreciate your help.,HIGH,NO
MSG01328,The item arrived broken. Hoping to hear back this week. Appreciate your help.,MEDIUM,NO
MSG01329,What I received doesn't work at all. Let me know when you can.,MEDIUM,YES
MSG01330,The package showed up damaged. I need this resolved right away. Appreciate your help.,HIGH,YES
MSG01331,Quick question about the API. Appreciate your help.,LOW,NO
MSG01332,Have you considered SSO login? Let me know when you can.,MEDIUM,NO
MSG01333,I was charged twice this month. Whenever you get a chance is fine. Let me know what you need from me.,LOW,NO
MSG01334,I'm locked out of my account. Please treat this as high priority. Thanks.,HIGH,YES
MSG01335,The item arrived broken. Let me know what you need from me.,MEDIUM,NO
MSG01336,The delivery is way later than promised. Thanks.,LOW,YES
MSG01337,I can't access the API at all. Let me know what you need from me.,LOW,YES
MSG01338,I'm locked out of my account. I contacted support about this last week too. This is urgent. Appreciate your help.,HIGH,YES
MSG01339,My order still hasn't arrived. Whenever you get a chance is fine. Let me know what you need from me.,HIGH,NO
MSG01340,Your service has been down since about an hour ago. I've already emailed twice with no reply. Whenever you get a chance is fine. Thanks.,HIGH,YES
MSG01341,Quick question about my account. This is the second time I've reached out about this.,LOW,YES
MSG01342,Everything is offline on my end.,MEDIUM,NO
MSG01343,The delivery is way later than promised. Appreciate your help.,MEDIUM,NO
MSG01344,Have you considered bulk export? Would appreciate a response soon. Let me know what you need from me.,LOW,NO
MSG01345,just wondering how the mobile app works. this is the second time i've reached out about this. not time-sensitive. appreciate your help.,LOW,NO
MSG01346,My order still hasn't arrived. This is the second time I've reached out about this. I need this resolved right away. Thanks.,HIGH,YES
MSG01347,Everything is offline on my end. This is urgent. Thanks.,HIGH,YES
MSG01348,I'm locked out of my account. This is the second time I've reached out about this. This is urgent. Let me know what you need from me.,HIGH,YES
MSG01349,Tracking hasn't updated in days. I need this resolved right away. Let me know what you need from me.,HIGH,YES
MSG01350,have you considered a public api? this is the second time i've reached out about this. no rush at all. let me know what you need from me.,LOW,YES
MSG01351,My login keeps failing after the update. Let me know what you need from me.,MEDIUM,YES
MSG01352,What I received doesn't work at all. Whenever you get a chance is fine.,LOW,NO
MSG01353,My login keeps failing after the update. Appreciate your help.,HIGH,NO
MSG01354,Quick question about the billing portal. I've already emailed twice with no reply. Appreciate your help.,MEDIUM,YES
MSG01355,I can't access my account at all. Appreciate your help.,HIGH,YES
MSG01356,I was charged twice this month. This is the second time I've reached out about this. Appreciate your help.,HIGH,YES
MSG01357,Any chance a public API could be supported? Whenever you get a chance is fine. Appreciate your help.,MEDIUM,YES
MSG01358,i can't sign in no matter what i try. whenever you get a chance is fine. appreciate your help.,MEDIUM,YES
MSG01359,It would be great if you added bulk export. Let me know when you can.,MEDIUM,YES
MSG01360,My login keeps failing after the update. Please treat this as high priority. Appreciate your help.,HIGH,YES
MSG01361,My login keeps failing after the update. This is the second time I've reached out about this. This is urgent. Let me know what you need from me.,HIGH,YES
MSG01362,My order still hasn't arrived. Appreciate your help.,LOW,NO
MSG01363,I'm locked out of my account. Whenever you get a chance is fine. Appreciate your help.,LOW,YES
MSG01364,Everything is offline on my end. Not time-sensitive. Appreciate your help.,HIGH,NO
MSG01365,Have you considered SSO login? This is the second time I've reached out about this.,LOW,YES
MSG01366,the delivery is way later than promised.,LOW,NO
MSG01367,Just wondering how the mobile app works. I've already emailed twice with no reply. Thanks.,MEDIUM,YES
MSG01368,Quick question about the API. Thanks.,LOW,NO
MSG01369,Have you considered bulk export? Whenever you get a chance is fine. Thanks.,LOW,YES
MSG01370,I can't sign in no matter what I try. Let me know what you need from me.,LOW,NO
MSG01371,I can't sign in no matter what I try. No rush at all. Appreciate your help.,MEDIUM,YES
MSG01372,My invoice doesn't match what I agreed to. This is the second time I've reached out about this. Please treat this as high priority.,HIGH,YES
MSG01373,The delivery is way later than promised. Hoping to hear back this week. Appreciate your help.,HIGH,YES
MSG01374,I can't sign in no matter what I try. Not time-sensitive.,MEDIUM,NO
MSG01375,Any chance usage alerts could be supported? Not time-sensitive. Let me know what you need from me.,LOW,YES
MSG01376,I was charged twice this month. I've already emailed twice with no reply. Let me know what you need from me.,MEDIUM,NO
MSG01377,The item arrived broken. I contacted support about this last week too. Thanks.,LOW,YES
MSG01378,It would be great if you added dark mode. I've already emailed twice with no reply. Appreciate your help.,LOW,NO
MSG01379,Quick question about my account. Appreciate your help.,LOW,YES
MSG01380,Everything is offline on my end. I've already emailed twice with no reply. I need this resolved right away. Thanks.,MEDIUM,YES
MSG01381,The item arrived broken. This is urgent. Thanks.,HIGH,YES
MSG01382,I can't access the dashboard at all.,LOW,YES
MSG01383,Could you clarify something about my plan? Whenever you get a chance is fine. Thanks.,MEDIUM,NO
MSG01384,I can't access the mobile app at all. This is urgent. Thanks.,HIGH,YES
MSG01385,The package showed up damaged. I've already emailed twice with no reply. Whenever you get a chance is fine.,LOW,YES
MSG01386,There's a charge I don't recognize.,HIGH,YES
MSG01387,Everything is offline on my end. Not time-sensitive.,HIGH,YES
MSG01388,I'm locked out of my account. Would appreciate a response soon. Thanks.,HIGH,NO
MSG01389,Your service has been down since about an hour ago.,HIGH,YES
MSG01390,My order still hasn't arrived. I contacted support about this last week too. This is urgent. Let me know what you need from me.,HIGH,YES
MSG01391,There's a charge I don't recognize. Not time-sensitive. Thanks.,HIGH,YES
MSG01392,I can't sign in no matter what I try. Would appreciate a response soon.,LOW,NO
MSG01393,The item arrived broken.,MEDIUM,YES
MSG01394,My order still hasn't arrived. No rush at all. Thanks.,LOW,YES
MSG01395,just wondering how the dashboard works. not time-sensitive.,HIGH,NO
MSG01396,What I received doesn't work at all.,MEDIUM,YES
MSG01397,Any chance a public API could be supported? Whenever you get a chance is fine. Let me know what you need from me.,LOW,YES
MSG01398,The package showed up damaged. Would appreciate a response soon. Thanks.,HIGH,NO
MSG01399,any chance dark mode could be supported? not time-sensitive. appreciate your help.,LOW,NO
MSG01400,My login keeps failing after the update. Thanks.,HIGH,NO
MSG01401,I can't sign in no matter what I try. Appreciate your help.,LOW,YES
MSG01402,What I received doesn't work at all. Thanks.,LOW,YES
MSG01403,What I received doesn't work at all. No rush at all. Let me know what you need from me.,LOW,YES
MSG01404,Tracking hasn't updated in days. This is urgent. Appreciate your help.,HIGH,YES
MSG01405,just wondering how the api works. this is urgent. thanks.,MEDIUM,NO
MSG01406,Quick question about the API. Not time-sensitive. Thanks.,LOW,NO
MSG01407,Could you clarify something about my plan? Appreciate your help.,LOW,YES
MSG01408,I can't access the dashboard at all.,HIGH,YES
MSG01409,Everything is offline on my end. Please treat this as high priority. Appreciate your help.,HIGH,NO
MSG01410,my invoice doesn't match what i agreed to. thanks.,HIGH,YES
MSG01411,I was charged twice this month. I contacted support about this last week too.,HIGH,NO
MSG01412,any chance bulk export could be supported? i need this resolved right away. appreciate your help.,LOW,YES
MSG01413,My order still hasn't arrived. Appreciate your help.,LOW,NO
MSG01414,Tracking hasn't updated in days. Thanks.,HIGH,NO
MSG01415,I can't sign in no matter what I try. I need this resolved right away. Let me know what you need from me.,HIGH,YES
MSG01416,I can't sign in no matter what I try. Whenever you get a chance is fine.,HIGH,NO
MSG01417,what i received doesn't work at all. would appreciate a response soon. appreciate your help.,HIGH,NO
MSG01418,Tracking hasn't updated in days. Thanks.,LOW,YES
MSG01419,Quick question about the API. Thanks.,HIGH,NO
MSG01420,There's a charge I don't recognize. I contacted support about this last week too. Not time-sensitive. Thanks.,HIGH,NO
MSG01421,The item arrived broken. Thanks.,HIGH,NO
MSG01422,My invoice doesn't match what I agreed to. This is the second time I've reached out about this. I need this resolved right away. Appreciate your help.,HIGH,YES
MSG01423,I'm locked out of my account. Let me know what you need from me.,HIGH,NO
MSG01424,I can't sign in no matter what I try. Let me know what you need from me.,HIGH,YES
MSG01425,Your service has been down since last night. Whenever you get a chance is fine. Thanks.,HIGH,YES
MSG01426,Quick question about the dashboard. No rush at all. Thanks.,LOW,YES
MSG01427,Any chance usage alerts could be supported? Not time-sensitive.,MEDIUM,NO
MSG01428,Tracking hasn't updated in days. I've already emailed twice with no reply. Appreciate your help.,HIGH,YES
MSG01429,My invoice doesn't match what I agreed to. Let me know when you can. Let me know what you need from me.,LOW,NO
MSG01430,Could you clarify something about my plan? Whenever you get a chance is fine.,HIGH,YES
MSG01431,My order still hasn't arrived. Thanks.,HIGH,NO
MSG01432,My login keeps failing after the update.,HIGH,YES
MSG01433,There's a charge I don't recognize. I contacted support about this last week too. Let me know what you need from me.,HIGH,YES
MSG01434,The delivery is way later than promised. I've already emailed twice with no reply. Hoping to hear back this week. Appreciate your help.,HIGH,NO
MSG01435,My login keeps failing after the update. Please treat this as high priority.,HIGH,NO
MSG01436,I was charged twice this month. Please treat this as high priority.,MEDIUM,YES
MSG01437,I can't sign in no matter what I try. Let me know when you can.,HIGH,YES
MSG01438,The package showed up damaged. This is urgent. Thanks.,HIGH,NO
MSG01439,My order still hasn't arrived. Please treat this as high priority.,HIGH,NO
MSG01440,just wondering how the api works. appreciate your help.,LOW,NO
MSG01441,could you clarify something about my plan? would appreciate a response soon.,MEDIUM,NO
MSG01442,The package showed up damaged. I've already emailed twice with no reply. Thanks.,HIGH,NO
MSG01443,There's a charge I don't recognize. Appreciate your help.,LOW,YES
MSG01444,I can't sign in no matter what I try. Not time-sensitive. Let me know what you need from me.,HIGH,NO
MSG01445,Could you clarify something about my plan? Not time-sensitive. Let me know what you need from me.,LOW,NO
MSG01446,Just wondering how the mobile app works.,LOW,NO
MSG01447,Everything is offline on my end. This is the second time I've reached out about this. Appreciate your help.,HIGH,YES
MSG01448,quick question about the mobile app. i contacted support about this last week too. hoping to hear back this week. thanks.,HIGH,YES
MSG01449,Everything is offline on my end. I contacted support about this last week too.,HIGH,YES
MSG01450,Quick question about the dashboard.,MEDIUM,NO
MSG01451,I can't sign in no matter what I try.,LOW,NO
MSG01452,Your service has been down since about an hour ago. Hoping to hear back this week. Appreciate your help.,HIGH,YES
MSG01453,I can't access my account at all. Not time-sensitive. Let me know what you need from me.,MEDIUM,YES
MSG01454,What I received doesn't work at all. Not time-sensitive.,HIGH,NO
MSG01455,It would be great if you added SSO login. Whenever you get a chance is fine. Thanks.,MEDIUM,YES
MSG01456,The delivery is way later than promised.,HIGH,YES
MSG01457,My invoice doesn't match what I agreed to. This is the second time I've reached out about this. Please treat this as high priority. Let me know what you need from me.,HIGH,YES
MSG01458,The delivery is way later than promised. This is the second time I've reached out about this. Thanks.,MEDIUM,YES
MSG01459,i'm locked out of my account. i contacted support about this last week too. not time-sensitive. let me know what you need from me.,HIGH,YES
MSG01460,I'm locked out of my account. Let me know what you need from me.,LOW,YES
MSG01461,have you considered usage alerts? no rush at all. thanks.,LOW,NO
MSG01462,Have you considered usage alerts? Let me know when you can. Appreciate your help.,LOW,YES
MSG01463,There's a charge I don't recognize. Let me know when you can. Thanks.,LOW,NO
MSG01464,The delivery is way later than promised. Let me know what you need from me.,HIGH,NO
MSG01465,I'm locked out of my account. Thanks.,HIGH,YES
MSG01466,It would be great if you added bulk export. I contacted support about this last week too. Not time-sensitive. Let me know what you need from me.,MEDIUM,YES
MSG01467,Quick question about my account. I contacted support about this last week too. Appreciate your help.,HIGH,NO
MSG01468,What I received doesn't work at all. Not time-sensitive. Appreciate your help.,MEDIUM,NO
MSG01469,Just wondering how the API works. Thanks.,LOW,NO
MSG01470,The delivery is way later than promised. I contacted support about this last week too. Not time-sensitive. Appreciate your help.,LOW,YES
MSG01471,I can't access the mobile app at all. Let me know what you need from me.,HIGH,YES
MSG01472,Any chance dark mode could be supported? No rush at all. Let me know what you need from me.,LOW,NO
MSG01473,Just wondering how the API works. Not time-sensitive.,MEDIUM,NO
MSG01474,Could you clarify something about my plan?,MEDIUM,YES
MSG01475,Just wondering how my account works. This is urgent. Appreciate your help.,HIGH,NO
MSG01476,Quick question about the API. I need this resolved right away. Appreciate your help.,LOW,YES
MSG01477,The delivery is way later than promised. This is urgent. Appreciate your help.,MEDIUM,YES
MSG01478,Have you considered usage alerts? I need this resolved right away. Appreciate your help.,HIGH,NO
MSG01479,Everything is offline on my end. Please treat this as high priority. Thanks.,HIGH,YES
MSG01480,Any chance bulk export could be supported? Thanks.,MEDIUM,NO
MSG01481,There's a charge I don't recognize. Please treat this as high priority. Let me know what you need from me.,HIGH,NO
MSG01482,It would be great if you added bulk export. Not time-sensitive. Appreciate your help.,LOW,NO
MSG01483,Just wondering how the mobile app works. No rush at all.,LOW,NO
MSG01484,The item arrived broken. Let me know when you can. Let me know what you need from me.,LOW,NO
MSG01485,Could you clarify something about my plan?,MEDIUM,NO
MSG01486,The package showed up damaged. This is the second time I've reached out about this. Not time-sensitive. Thanks.,LOW,YES
MSG01487,What I received doesn't work at all. Not time-sensitive. Thanks.,MEDIUM,YES
MSG01488,the delivery is way later than promised. whenever you get a chance is fine. appreciate your help.,HIGH,YES
MSG01489,Tracking hasn't updated in days. No rush at all. Appreciate your help.,HIGH,YES
MSG01490,the item arrived broken. i need this resolved right away. let me know what you need from me.,HIGH,YES
MSG01491,The item arrived broken. I need this resolved right away. Thanks.,HIGH,YES
MSG01492,Tracking hasn't updated in days. Not time-sensitive. Let me know what you need from me.,LOW,NO
MSG01493,Just wondering how the billing portal works. Let me know what you need from me.,MEDIUM,NO
MSG01494,I was charged twice this month. I need this resolved right away. Appreciate your help.,HIGH,YES
MSG01495,Just wondering how the API works. Would appreciate a response soon. Appreciate your help.,LOW,NO
MSG01496,Any chance a public API could be supported? Please treat this as high priority. Let me know what you need from me.,LOW,NO
MSG01497,Any chance usage alerts could be supported? Hoping to hear back this week. Appreciate your help.,HIGH,YES
MSG01498,The delivery is way later than promised. No rush at all. Appreciate your help.,HIGH,YES
MSG01499,What I received doesn't work at all. This is urgent.,LOW,YES
MSG01500,I'm locked out of my account. Not time-sensitive. Let me know what you need from me.,HIGH,YES
MSG01501,Just wondering how the billing portal works. Appreciate your help.,MEDIUM,NO
MSG01502,It would be great if you added SSO login.,LOW,YES
MSG01503,Everything is offline on my end. Let me know what you need from me.,HIGH,YES
MSG01504,There's a charge I don't recognize. Please treat this as high priority.,HIGH,YES
MSG01505,there's a charge i don't recognize. thanks.,LOW,NO
MSG01506,I'm locked out of my account. This is urgent. Thanks.,MEDIUM,YES
MSG01507,The package showed up damaged. Let me know what you need from me.,HIGH,NO
MSG01508,There's a charge I don't recognize. No rush at all.,LOW,YES
MSG01509,My login keeps failing after the update. Please treat this as high priority. Let me know what you need from me.,HIGH,NO
MSG01510,I can't sign in no matter what I try. Whenever you get a chance is fine. Thanks.,MEDIUM,YES
MSG01511,my login keeps failing after the update. this is urgent. thanks.,HIGH,NO
MSG01512,My invoice doesn't match what I agreed to. Not time-sensitive. Appreciate your help.,MEDIUM,YES
MSG01513,Any chance usage alerts could be supported? This is the second time I've reached out about this. No rush at all. Let me know what you need from me.,LOW,NO
MSG01514,Just wondering how the billing portal works. Whenever you get a chance is fine. Thanks.,LOW,NO
MSG01515,My invoice doesn't match what I agreed to. I need this resolved right away. Thanks.,LOW,NO
MSG01516,The package showed up damaged. Appreciate your help.,HIGH,NO
MSG01517,My order still hasn't arrived. This is urgent. Thanks.,HIGH,YES
MSG01518,Could you clarify something about my plan? Appreciate your help.,MEDIUM,NO
MSG01519,The delivery is way later than promised. Let me know when you can.,HIGH,NO
MSG01520,i'm locked out of my account. whenever you get a chance is fine.,LOW,NO
MSG01521,The delivery is way later than promised. Let me know what you need from me.,LOW,NO
MSG01522,There's a charge I don't recognize. This is urgent. Thanks.,HIGH,NO
MSG01523,have you considered bulk export? let me know when you can. thanks.,MEDIUM,YES
MSG01524,I was charged twice this month. Appreciate your help.,LOW,NO
MSG01525,I can't sign in no matter what I try. Not time-sensitive. Appreciate your help.,LOW,YES
MSG01526,Just wondering how the billing portal works. Let me know when you can.,MEDIUM,YES
MSG01527,There's a charge I don't recognize. Let me know what you need from me.,LOW,YES
MSG01528,Tracking hasn't updated in days. Hoping to hear back this week. Appreciate your help.,LOW,YES
MSG01529,Just wondering how the dashboard works. Whenever you get a chance is fine. Appreciate your help.,LOW,NO
MSG01530,I can't access the dashboard at all. Thanks.,HIGH,YES
MSG01531,It would be great if you added SSO login. This is the second time I've reached out about this. I need this resolved right away. Appreciate your help.,MEDIUM,NO
MSG01532,Tracking hasn't updated in days. Please treat this as high priority. Appreciate your help.,LOW,YES
MSG01533,I can't sign in no matter what I try.,MEDIUM,YES
MSG01534,Have you considered usage alerts? I contacted support about this last week too. Let me know when you can. Let me know what you need from me.,HIGH,NO
MSG01535,I can't access the mobile app at all. This is the second time I've reached out about this. Hoping to hear back this week.,HIGH,YES
MSG01536,What I received doesn't work at all. I need this resolved right away. Thanks.,LOW,YES
MSG01537,I can't sign in no matter what I try. Let me know when you can. Let me know what you need from me.,HIGH,NO
MSG01538,I'm locked out of my account. No rush at all. Thanks.,HIGH,YES
MSG01539,My invoice doesn't match what I agreed to. Let me know when you can.,MEDIUM,NO
MSG01540,Everything is offline on my end. Let me know when you can. Let me know what you need from me.,HIGH,YES
MSG01541,My invoice doesn't match what I agreed to.,HIGH,YES
MSG01542,It would be great if you added bulk export. No rush at all. Appreciate your help.,LOW,NO
MSG01543,The package showed up damaged. Hoping to hear back this week. Let me know what you need from me.,LOW,NO
MSG01544,Have you considered bulk export? I need this resolved right away. Let me know what you need from me.,LOW,NO
MSG01545,It would be great if you added bulk export. Let me know what you need from me.,LOW,NO
MSG01546,The item arrived broken. Let me know when you can.,HIGH,NO
MSG01547,The package showed up damaged. Not time-sensitive. Let me know what you need from me.,LOW,NO
MSG01548,I'm locked out of my account. Please treat this as high priority. Thanks.,HIGH,NO
MSG01549,There's a charge I don't recognize. This is urgent. Thanks.,HIGH,YES
MSG01550,Quick question about the dashboard. Thanks.,MEDIUM,NO
MSG01551,i'm locked out of my account. i contacted support about this last week too. i need this resolved right away.,HIGH,YES
MSG01552,Just wondering how the API works. I've already emailed twice with no reply. Hoping to hear back this week. Appreciate your help.,LOW,NO
MSG01553,It would be great if you added SSO login. No rush at all.,HIGH,NO
MSG01554,It would be great if you added a public API. Thanks.,MEDIUM,NO
MSG01555,Everything is offline on my end. Appreciate your help.,HIGH,YES
MSG01556,Could you clarify something about my plan? I've already emailed twice with no reply. Would appreciate a response soon. Thanks.,LOW,NO
MSG01557,It would be great if you added bulk export.,MEDIUM,YES
MSG01558,I can't sign in no matter what I try. Hoping to hear back this week. Let me know what you need from me.,HIGH,YES
MSG01559,Have you considered usage alerts? Not time-sensitive. Let me know what you need from me.,LOW,YES
MSG01560,I can't sign in no matter what I try. No rush at all. Appreciate your help.,MEDIUM,NO
MSG01561,Just wondering how my account works. No rush at all. Let me know what you need from me.,LOW,NO
MSG01562,My login keeps failing after the update. Not time-sensitive. Thanks.,HIGH,YES
MSG01563,Any chance usage alerts could be supported? Whenever you get a chance is fine. Appreciate your help.,MEDIUM,NO
MSG01564,The package showed up damaged. Would appreciate a response soon.,HIGH,YES
MSG01565,i was charged twice this month. would appreciate a response soon.,HIGH,NO
MSG01566,Tracking hasn't updated in days. This is urgent.,LOW,YES
MSG01567,my login keeps failing after the update.,HIGH,NO
MSG01568,My invoice doesn't match what I agreed to. I need this resolved right away. Thanks.,HIGH,YES
MSG01569,My order still hasn't arrived. This is the second time I've reached out about this. No rush at all.,LOW,NO
MSG01570,I can't sign in no matter what I try. I contacted support about this last week too. Let me know what you need from me.,HIGH,NO
MSG01571,Your service has been down since about an hour ago. Thanks.,HIGH,NO
MSG01572,Tracking hasn't updated in days. Let me know what you need from me.,LOW,NO
MSG01573,Everything is offline on my end. This is urgent. Thanks.,HIGH,NO
MSG01574,Everything is offline on my end. Hoping to hear back this week. Thanks.,HIGH,YES
MSG01575,Just wondering how my account works. I contacted support about this last week too. This is urgent. Thanks.,LOW,YES
MSG01576,Just wondering how my account works. Hoping to hear back this week. Thanks.,MEDIUM,YES
MSG01577,Tracking hasn't updated in days.,LOW,YES
MSG01578,Any chance SSO login could be supported? I contacted support about this last week too. Appreciate your help.,HIGH,YES
MSG01579,The delivery is way later than promised. Thanks.,LOW,NO
MSG01580,I can't sign in no matter what I try. I've already emailed twice with no reply. Would appreciate a response soon. Appreciate your help.,HIGH,YES
MSG01581,The package showed up damaged. Not time-sensitive. Let me know what you need from me.,MEDIUM,YES
MSG01582,I can't sign in no matter what I try. I've already emailed twice with no reply.,HIGH,YES
MSG01583,i can't sign in no matter what i try. let me know when you can. appreciate your help.,HIGH,YES
MSG01584,The delivery is way later than promised. Let me know when you can. Appreciate your help.,LOW,NO
MSG01585,The delivery is way later than promised.,LOW,NO
MSG01586,Quick question about the mobile app. Appreciate your help.,MEDIUM,YES
MSG01587,it would be great if you added bulk export.,LOW,NO
MSG01588,Any chance SSO login could be supported? This is urgent. Let me know what you need from me.,LOW,NO
MSG01589,the package showed up damaged. not time-sensitive.,LOW,YES
MSG01590,Tracking hasn't updated in days. Please treat this as high priority. Appreciate your help.,HIGH,YES
MSG01591,I can't access the API at all. Let me know when you can.,HIGH,YES
MSG01592,There's a charge I don't recognize. I contacted support about this last week too. This is urgent. Let me know what you need from me.,HIGH,NO
MSG01593,Have you considered SSO login? Let me know what you need from me.,LOW,NO
MSG01594,I can't access the billing portal at all. Let me know when you can. Let me know what you need from me.,HIGH,YES
MSG01595,I was charged twice this month. Let me know what you need from me.,HIGH,NO
MSG01596,it would be great if you added bulk export. i need this resolved right away. let me know what you need from me.,HIGH,YES
MSG01597,Tracking hasn't updated in days. Hoping to hear back this week.,HIGH,YES
MSG01598,Quick question about the API. Thanks.,LOW,NO
MSG01599,the package showed up damaged. hoping to hear back this week.,HIGH,NO
MSG01600,The package showed up damaged. Not time-sensitive. Let me know what you need from me.,LOW,YES
MSG01601,I can't access the billing portal at all. This is the second time I've reached out about this. Not time-sensitive. Thanks.,MEDIUM,NO
MSG01602,It would be great if you added SSO login. Not time-sensitive. Thanks.,LOW,YES
MSG01603,My login keeps failing after the update. Whenever you get a chance is fine. Let me know what you need from me.,LOW,NO
MSG01604,My order still hasn't arrived. This is the second time I've reached out about this. I need this resolved right away. Thanks.,HIGH,YES
MSG01605,Have you considered usage alerts? Would appreciate a response soon. Thanks.,LOW,YES
MSG01606,it would be great if you added dark mode. let me know what you need from me.,HIGH,NO
MSG01607,Just wondering how the mobile app works. Would appreciate a response soon. Let me know what you need from me.,LOW,YES
MSG01608,Have you considered bulk export? Let me know what you need from me.,LOW,YES
MSG01609,Your service has been down since last night. Let me know what you need from me.,HIGH,YES
MSG01610,Have you considered bulk export? Hoping to hear back this week. Let me know what you need from me.,MEDIUM,YES
MSG01611,There's a charge I don't recognize.,LOW,YES
MSG01612,Quick question about the dashboard. I've already emailed twice with no reply. No rush at all. Thanks.,HIGH,YES
MSG01613,it would be great if you added dark mode. appreciate your help.,LOW,YES
MSG01614,Quick question about the billing portal.,LOW,YES
MSG01615,I can't sign in no matter what I try. This is urgent. Let me know what you need from me.,HIGH,YES
MSG01616,My login keeps failing after the update. Thanks.,HIGH,YES
MSG01617,Just wondering how the billing portal works. Thanks.,MEDIUM,NO
MSG01618,I can't sign in no matter what I try. Whenever you get a chance is fine. Let me know what you need from me.,HIGH,YES
MSG01619,Any chance SSO login could be supported? This is the second time I've reached out about this. Would appreciate a response soon. Thanks.,LOW,YES
MSG01620,Quick question about the API. This is the second time I've reached out about this. Appreciate your help.,HIGH,YES
MSG01621,The item arrived broken.,LOW,NO
MSG01622,The package showed up damaged. Not time-sensitive. Let me know what you need from me.,LOW,NO
MSG01623,I can't sign in no matter what I try.,MEDIUM,YES
MSG01624,could you clarify something about my plan? this is urgent. thanks.,HIGH,NO
MSG01625,Could you clarify something about my plan? I need this resolved right away.,HIGH,YES
MSG01626,Your service has been down since about an hour ago. I need this resolved right away. Thanks.,MEDIUM,NO
MSG01627,Your service has been down since last night.,HIGH,YES
MSG01628,Could you clarify something about my plan? Let me know what you need from me.,LOW,NO
MSG01629,My login keeps failing after the update.,HIGH,NO
MSG01630,The item arrived broken. I've already emailed twice with no reply. Appreciate your help.,MEDIUM,YES
MSG01631,There's a charge I don't recognize. Thanks.,HIGH,NO
MSG01632,What I received doesn't work at all. No rush at all. Appreciate your help.,HIGH,YES
MSG01633,Just wondering how my account works. No rush at all. Thanks.,HIGH,YES
MSG01634,Have you considered a public API? Let me know when you can. Thanks.,LOW,NO
MSG01635,I can't access the mobile app at all. Let me know what you need from me.,MEDIUM,YES
MSG01636,Tracking hasn't updated in days. No rush at all. Thanks.,HIGH,NO
MSG01637,quick question about the mobile app. let me know what you need from me.,HIGH,YES
MSG01638,I can't sign in no matter what I try. No rush at all.,MEDIUM,YES
MSG01639,tracking hasn't updated in days. whenever you get a chance is fine. appreciate your help.,LOW,NO
MSG01640,any chance a public api could be supported? this is urgent. let me know what you need from me.,LOW,YES
MSG01641,It would be great if you added dark mode. Hoping to hear back this week. Let me know what you need from me.,LOW,NO
MSG01642,I can't sign in no matter what I try. This is the second time I've reached out about this. This is urgent. Let me know what you need from me.,HIGH,YES
MSG01643,What I received doesn't work at all. Whenever you get a chance is fine.,LOW,NO
MSG01644,any chance sso login could be supported? would appreciate a response soon. thanks.,LOW,YES
MSG01645,The delivery is way later than promised. Let me know what you need from me.,HIGH,NO
MSG01646,Any chance a public API could be supported? Appreciate your help.,LOW,YES
MSG01647,i'm locked out of my account. not time-sensitive. thanks.,LOW,NO
MSG01648,the delivery is way later than promised. i've already emailed twice with no reply. let me know what you need from me.,MEDIUM,YES
MSG01649,It would be great if you added SSO login. Thanks.,LOW,YES
MSG01650,just wondering how my account works. let me know what you need from me.,LOW,NO
MSG01651,Just wondering how the mobile app works. Hoping to hear back this week. Appreciate your help.,MEDIUM,YES
MSG01652,My invoice doesn't match what I agreed to. Let me know what you need from me.,LOW,YES
MSG01653,The item arrived broken. This is urgent. Thanks.,HIGH,YES
MSG01654,My invoice doesn't match what I agreed to. Thanks.,HIGH,YES
MSG01655,I can't sign in no matter what I try. Please treat this as high priority. Let me know what you need from me.,LOW,YES
MSG01656,It would be great if you added a public API. No rush at all. Thanks.,LOW,YES
MSG01657,I can't sign in no matter what I try. Thanks.,HIGH,YES
MSG01658,Have you considered bulk export? Let me know when you can.,MEDIUM,NO
MSG01659,There's a charge I don't recognize. I've already emailed twice with no reply. Please treat this as high priority. Let me know what you need from me.,HIGH,YES
MSG01660,Everything is offline on my end. Appreciate your help.,HIGH,YES
MSG01661,tracking hasn't updated in days. i've already emailed twice with no reply. appreciate your help.,HIGH,YES
MSG01662,Everything is offline on my end. Not time-sensitive. Appreciate your help.,LOW,YES
MSG01663,I'm locked out of my account. Let me know when you can.,HIGH,YES
MSG01664,Any chance SSO login could be supported? I contacted support about this last week too. I need this resolved right away. Thanks.,MEDIUM,NO
MSG01665,My invoice doesn't match what I agreed to. Would appreciate a response soon. Let me know what you need from me.,HIGH,NO
MSG01666,I can't access the mobile app at all. Appreciate your help.,HIGH,YES
MSG01667,everything is offline on my end. no rush at all.,HIGH,YES
MSG01668,I can't sign in no matter what I try. Whenever you get a chance is fine. Let me know what you need from me.,LOW,YES
MSG01669,Everything is offline on my end.,HIGH,NO
MSG01670,My invoice doesn't match what I agreed to. Let me know what you need from me.,HIGH,NO
MSG01671,Could you clarify something about my plan? Please treat this as high priority. Appreciate your help.,LOW,YES
MSG01672,Quick question about the dashboard. Would appreciate a response soon. Appreciate your help.,MEDIUM,YES
MSG01673,The package showed up damaged. No rush at all. Appreciate your help.,LOW,NO
MSG01674,Just wondering how the dashboard works. Let me know what you need from me.,HIGH,NO
MSG01675,I can't access the dashboard at all.,HIGH,YES
MSG01676,Quick question about the dashboard. Please treat this as high priority. Appreciate your help.,MEDIUM,YES
MSG01677,Just wondering how the API works. Please treat this as high priority. Appreciate your help.,HIGH,NO
MSG01678,I was charged twice this month. I've already emailed twice with no reply. Please treat this as high priority. Let me know what you need from me.,HIGH,NO
MSG01679,i'm locked out of my account. no rush at all. let me know what you need from me.,HIGH,YES
MSG01680,quick question about the billing portal. appreciate your help.,LOW,NO
MSG01681,I can't sign in no matter what I try. I've already emailed twice with no reply. Whenever you get a chance is fine. Thanks.,MEDIUM,NO
MSG01682,I'm locked out of my account. No rush at all.,MEDIUM,YES
MSG01683,Quick question about my account. I've already emailed twice with no reply. This is urgent.,HIGH,YES
MSG01684,What I received doesn't work at all. Thanks.,LOW,YES
MSG01685,my login keeps failing after the update. this is the second time i've reached out about this. would appreciate a response soon. thanks.,HIGH,YES
MSG01686,It would be great if you added bulk export. Appreciate your help.,LOW,NO
MSG01687,I can't sign in no matter what I try. Let me know when you can. Appreciate your help.,HIGH,YES
MSG01688,The package showed up damaged. Thanks.,LOW,NO
MSG01689,My order still hasn't arrived. I've already emailed twice with no reply. This is urgent.,HIGH,YES
MSG01690,My login keeps failing after the update. I contacted support about this last week too. Whenever you get a chance is fine.,MEDIUM,YES
MSG01691,The delivery is way later than promised.,HIGH,NO
MSG01692,I can't access the API at all. Would appreciate a response soon. Thanks.,LOW,YES
MSG01693,My order still hasn't arrived.,LOW,NO
MSG01694,The delivery is way later than promised. This is urgent.,MEDIUM,YES
MSG01695,I was charged twice this month. Please treat this as high priority. Thanks.,LOW,YES
MSG01696,I can't sign in no matter what I try. Hoping to hear back this week. Let me know what you need from me.,HIGH,NO
MSG01697,Could you clarify something about my plan? Not time-sensitive. Thanks.,LOW,NO
MSG01698,What I received doesn't work at all. Thanks.,LOW,NO
MSG01699,My login keeps failing after the update. Thanks.,HIGH,YES
MSG01700,Everything is offline on my end. Hoping to hear back this week. Thanks.,HIGH,YES
MSG01701,I was charged twice this month. I contacted support about this last week too. I need this resolved right away. Appreciate your help.,HIGH,NO
MSG01702,Could you clarify something about my plan? Whenever you get a chance is fine.,LOW,YES
MSG01703,The delivery is way later than promised. Not time-sensitive.,LOW,YES
MSG01704,Could you clarify something about my plan? Thanks.,LOW,YES
MSG01705,My invoice doesn't match what I agreed to. This is the second time I've reached out about this. Not time-sensitive. Let me know what you need from me.,HIGH,YES
MSG01706,I can't sign in no matter what I try. Please treat this as high priority. Thanks.,LOW,YES
MSG01707,My order still hasn't arrived.,HIGH,YES
MSG01708,Everything is offline on my end. This is urgent. Appreciate your help.,LOW,YES
MSG01709,I can't access the API at all. This is urgent.,HIGH,NO
MSG01710,Everything is offline on my end. Would appreciate a response soon.,LOW,NO
MSG01711,I can't access the dashboard at all. No rush at all.,MEDIUM,YES
MSG01712,Any chance a public API could be supported? No rush at all. Let me know what you need from me.,LOW,NO
MSG01713,have you considered usage alerts? whenever you get a chance is fine. thanks.,LOW,NO
MSG01714,The package showed up damaged. Hoping to hear back this week. Let me know what you need from me.,HIGH,NO
MSG01715,What I received doesn't work at all. Not time-sensitive.,HIGH,NO
MSG01716,Tracking hasn't updated in days. I contacted support about this last week too. Please treat this as high priority.,LOW,NO
MSG01717,Your service has been down since yesterday. Thanks.,HIGH,YES
MSG01718,Tracking hasn't updated in days. I've already emailed twice with no reply. Appreciate your help.,LOW,YES
MSG01719,Everything is offline on my end. This is the second time I've reached out about this. Please treat this as high priority. Let me know what you need from me.,HIGH,YES
MSG01720,Could you clarify something about my plan? Thanks.,LOW,YES
MSG01721,Everything is offline on my end. This is urgent. Thanks.,MEDIUM,NO
MSG01722,What I received doesn't work at all.,HIGH,YES
MSG01723,Just wondering how the billing portal works. Let me know what you need from me.,LOW,YES
MSG01724,Could you clarify something about my plan? Please treat this as high priority. Let me know what you need from me.,LOW,NO
MSG01725,The delivery is way later than promised. No rush at all. Appreciate your help.,LOW,NO
MSG01726,what i received doesn't work at all. i've already emailed twice with no reply.,MEDIUM,YES
MSG01727,i was charged twice this month. i need this resolved right away. let me know what you need from me.,HIGH,NO
MSG01728,My login keeps failing after the update. Please treat this as high priority. Let me know what you need from me.,HIGH,YES
MSG01729,The delivery is way later than promised. Would appreciate a response soon. Appreciate your help.,HIGH,NO
MSG01730,My order still hasn't arrived. Not time-sensitive.,HIGH,YES
MSG01731,My order still hasn't arrived. I've already emailed twice with no reply. Please treat this as high priority. Thanks.,MEDIUM,YES
MSG01732,Everything is offline on my end. No rush at all. Appreciate your help.,HIGH,NO
MSG01733,Your service has been down since yesterday. Appreciate your help.,LOW,NO
MSG01734,I can't access the dashboard at all. No rush at all. Thanks.,HIGH,YES
MSG01735,Have you considered SSO login? I need this resolved right away.,HIGH,NO
MSG01736,Just wondering how the dashboard works. Not time-sensitive.,HIGH,NO
MSG01737,I can't sign in no matter what I try. I've already emailed twice with no reply. This is urgent. Let me know what you need from me.,HIGH,YES
MSG01738,Quick question about the dashboard. This is urgent.,HIGH,NO
MSG01739,The item arrived broken. I contacted support about this last week too. Whenever you get a chance is fine. Appreciate your help.,HIGH,NO
MSG01740,It would be great if you added bulk export. Appreciate your help.,HIGH,NO
MSG01741,Could you clarify something about my plan? Let me know what you need from me.,HIGH,NO
MSG01742,The delivery is way later than promised. Please treat this as high priority. Let me know what you need from me.,HIGH,NO
MSG01743,What I received doesn't work at all. I contacted support about this last week too. Not time-sensitive. Thanks.,HIGH,YES
MSG01744,could you clarify something about my plan? i've already emailed twice with no reply. this is urgent.,HIGH,NO
MSG01745,The item arrived broken. This is the second time I've reached out about this. Let me know what you need from me.,LOW,NO
MSG01746,i can't access the mobile app at all. this is the second time i've reached out about this. please treat this as high priority. thanks.,MEDIUM,YES
MSG01747,Your service has been down since yesterday. I contacted support about this last week too. Whenever you get a chance is fine.,HIGH,YES
MSG01748,I was charged twice this month. This is urgent.,HIGH,NO
MSG01749,the package showed up damaged. not time-sensitive. appreciate your help.,LOW,NO
MSG01750,i can't sign in no matter what i try. i contacted support about this last week too. not time-sensitive.,HIGH,NO
MSG01751,tracking hasn't updated in days. would appreciate a response soon. thanks.,HIGH,NO
MSG01752,The package showed up damaged. Would appreciate a response soon.,LOW,NO
MSG01753,Any chance bulk export could be supported? This is urgent.,MEDIUM,YES
MSG01754,I can't sign in no matter what I try. Would appreciate a response soon.,HIGH,YES
MSG01755,I'm locked out of my account. Please treat this as high priority. Appreciate your help.,HIGH,YES
MSG01756,Tracking hasn't updated in days. Hoping to hear back this week. Let me know what you need from me.,LOW,YES
MSG01757,Any chance dark mode could be supported? I contacted support about this last week too. Thanks.,LOW,YES
MSG01758,I was charged twice this month. This is the second time I've reached out about this. I need this resolved right away. Appreciate your help.,MEDIUM,YES
MSG01759,I was charged twice this month.,MEDIUM,YES
MSG01760,Everything is offline on my end. Not time-sensitive. Let me know what you need from me.,MEDIUM,YES
MSG01761,I'm locked out of my account. Would appreciate a response soon. Appreciate your help.,LOW,YES
MSG01762,I was charged twice this month. I need this resolved right away. Appreciate your help.,HIGH,NO
MSG01763,I can't access my account at all. Let me know when you can.,MEDIUM,YES
MSG01764,my order still hasn't arrived. i need this resolved right away. thanks.,MEDIUM,YES
MSG01765,Just wondering how the API works. No rush at all.,LOW,NO
MSG01766,The item arrived broken. This is the second time I've reached out about this. No rush at all. Thanks.,MEDIUM,YES
MSG01767,Tracking hasn't updated in days.,HIGH,NO
MSG01768,Your service has been down since yesterday. Let me know when you can.,HIGH,NO
MSG01769,Tracking hasn't updated in days. I need this resolved right away. Appreciate your help.,LOW,NO
MSG01770,The item arrived broken. Not time-sensitive.,LOW,NO
MSG01771,There's a charge I don't recognize. I contacted support about this last week too. Let me know what you need from me.,HIGH,NO
MSG01772,i'm locked out of my account. i need this resolved right away. let me know what you need from me.,HIGH,YES
MSG01773,My invoice doesn't match what I agreed to. This is the second time I've reached out about this. Please treat this as high priority. Let me know what you need from me.,HIGH,YES
MSG01774,My invoice doesn't match what I agreed to. Whenever you get a chance is fine. Thanks.,LOW,YES
MSG01775,The package showed up damaged. Whenever you get a chance is fine. Thanks.,MEDIUM,NO
MSG01776,My login keeps failing after the update. Please treat this as high priority. Appreciate your help.,HIGH,YES
MSG01777,My login keeps failing after the update. Would appreciate a response soon.,MEDIUM,YES
MSG01778,The item arrived broken. I contacted support about this last week too. Hoping to hear back this week. Appreciate your help.,HIGH,YES
MSG01779,The item arrived broken. No rush at all.,MEDIUM,NO
MSG01780,i can't sign in no matter what i try. let me know when you can.,HIGH,YES
MSG01781,have you considered a public api? i need this resolved right away. thanks.,HIGH,YES
MSG01782,tracking hasn't updated in days. let me know when you can. let me know what you need from me.,HIGH,YES
MSG01783,Quick question about the API. Would appreciate a response soon. Let me know what you need from me.,LOW,YES
MSG01784,The delivery is way later than promised. Thanks.,HIGH,YES
MSG01785,It would be great if you added a public API. Please treat this as high priority. Appreciate your help.,MEDIUM,YES
MSG01786,My login keeps failing after the update. Please treat this as high priority.,HIGH,YES
MSG01787,Any chance bulk export could be supported? I contacted support about this last week too. Let me know what you need from me.,MEDIUM,YES
MSG01788,Could you clarify something about my plan? I need this resolved right away. Thanks.,LOW,YES
MSG01789,What I received doesn't work at all. Whenever you get a chance is fine. Thanks.,LOW,NO
MSG01790,The delivery is way later than promised. Please treat this as high priority.,HIGH,YES
MSG01791,Quick question about the dashboard. I've already emailed twice with no reply. Let me know when you can. Let me know what you need from me.,HIGH,YES
MSG01792,I was charged twice this month. Whenever you get a chance is fine.,MEDIUM,YES
MSG01793,I was charged twice this month. I've already emailed twice with no reply. This is urgent. Thanks.,HIGH,YES
MSG01794,My order still hasn't arrived. Whenever you get a chance is fine.,LOW,NO
MSG01795,My invoice doesn't match what I agreed to. Would appreciate a response soon. Let me know what you need from me.,MEDIUM,NO
MSG01796,I'm locked out of my account. This is urgent. Appreciate your help.,MEDIUM,NO
MSG01797,Everything is offline on my end. I need this resolved right away. Appreciate your help.,HIGH,YES
MSG01798,It would be great if you added a public API.,LOW,NO
MSG01799,The item arrived broken. No rush at all.,LOW,NO
MSG01800,Have you considered usage alerts? This is the second time I've reached out about this. Hoping to hear back this week.,LOW,NO
MSG01801,I can't access the billing portal at all. Let me know what you need from me.,HIGH,YES
MSG01802,My invoice doesn't match what I agreed to. This is the second time I've reached out about this. This is urgent. Let me know what you need from me.,HIGH,YES
MSG01803,Everything is offline on my end. Please treat this as high priority.,HIGH,YES
MSG01804,Your service has been down since yesterday. Hoping to hear back this week. Thanks.,HIGH,NO
MSG01805,I was charged twice this month. I've already emailed twice with no reply. Would appreciate a response soon. Appreciate your help.,HIGH,YES
MSG01806,the package showed up damaged. please treat this as high priority.,HIGH,YES
MSG01807,just wondering how the billing portal works. not time-sensitive. let me know what you need from me.,LOW,YES
MSG01808,My invoice doesn't match what I agreed to. This is urgent.,HIGH,YES
MSG01809,Could you clarify something about my plan? This is the second time I've reached out about this. No rush at all.,LOW,YES
MSG01810,Your service has been down since yesterday. Not time-sensitive. Thanks.,LOW,NO
MSG01811,Any chance a public API could be supported? This is the second time I've reached out about this. Let me know what you need from me.,MEDIUM,YES
MSG01812,everything is offline on my end. please treat this as high priority.,HIGH,YES
MSG01813,Tracking hasn't updated in days.,HIGH,NO
MSG01814,My invoice doesn't match what I agreed to. Let me know when you can. Thanks.,LOW,YES
MSG01815,My login keeps failing after the update. Appreciate your help.,HIGH,YES
MSG01816,My order still hasn't arrived. This is urgent. Thanks.,HIGH,NO
MSG01817,The delivery is way later than promised.,MEDIUM,YES
MSG01818,Could you clarify something about my plan? Whenever you get a chance is fine. Thanks.,HIGH,NO
MSG01819,Everything is offline on my end.,HIGH,NO
MSG01820,the delivery is way later than promised. this is the second time i've reached out about this. no rush at all. let me know what you need from me.,HIGH,NO
MSG01821,I can't access the dashboard at all. I need this resolved right away. Thanks.,HIGH,YES
MSG01822,Could you clarify something about my plan? Let me know what you need from me.,HIGH,NO
MSG01823,my order still hasn't arrived. appreciate your help.,MEDIUM,YES
MSG01824,any chance a public api could be supported? not time-sensitive. appreciate your help.,LOW,YES
MSG01825,I'm locked out of my account. Please treat this as high priority. Thanks.,HIGH,NO
MSG01826,i was charged twice this month. would appreciate a response soon. appreciate your help.,HIGH,YES
MSG01827,Your service has been down since last night. Not time-sensitive. Appreciate your help.,HIGH,YES
MSG01828,Just wondering how the billing portal works. Would appreciate a response soon. Thanks.,LOW,NO
MSG01829,Have you considered a public API?,LOW,NO
MSG01830,It would be great if you added dark mode.,LOW,NO
MSG01831,My invoice doesn't match what I agreed to. This is the second time I've reached out about this. Let me know when you can. Appreciate your help.,HIGH,YES
MSG01832,What I received doesn't work at all. I contacted support about this last week too. Let me know what you need from me.,HIGH,YES
MSG01833,just wondering how the mobile app works. whenever you get a chance is fine.,LOW,NO
MSG01834,The package showed up damaged. Appreciate your help.,HIGH,NO
MSG01835,The delivery is way later than promised. Please treat this as high priority. Appreciate your help.,HIGH,YES
MSG01836,it would be great if you added a public api. let me know what you need from me.,HIGH,NO
MSG01837,What I received doesn't work at all. Whenever you get a chance is fine.,LOW,NO
MSG01838,Quick question about the billing portal. Let me know what you need from me.,LOW,YES
MSG01839,The item arrived broken. Let me know what you need from me.,MEDIUM,YES
MSG01840,My login keeps failing after the update. This is the second time I've reached out about this. Appreciate your help.,HIGH,NO
MSG01841,my login keeps failing after the update. appreciate your help.,LOW,YES
MSG01842,Just wondering how the mobile app works. Appreciate your help.,LOW,NO
MSG01843,The item arrived broken. I contacted support about this last week too. Let me know what you need from me.,MEDIUM,YES
MSG01844,My order still hasn't arrived. This is urgent. Let me know what you need from me.,HIGH,YES
MSG01845,There's a charge I don't recognize.,HIGH,NO
MSG01846,It would be great if you added SSO login. No rush at all. Thanks.,LOW,YES
MSG01847,I was charged twice this month. Whenever you get a chance is fine. Appreciate your help.,LOW,NO
MSG01848,I'm locked out of my account. I contacted support about this last week too. Hoping to hear back this week.,MEDIUM,YES
MSG01849,Tracking hasn't updated in days. Thanks.,LOW,YES
MSG01850,Tracking hasn't updated in days. I've already emailed twice with no reply. Whenever you get a chance is fine.,LOW,NO
MSG01851,Just wondering how the mobile app works. No rush at all.,LOW,NO
MSG01852,My order still hasn't arrived. Whenever you get a chance is fine. Thanks.,LOW,NO
MSG01853,everything is offline on my end. hoping to hear back this week. thanks.,HIGH,YES
MSG01854,Have you considered usage alerts? I contacted support about this last week too. This is urgent. Let me know what you need from me.,MEDIUM,YES
MSG01855,It would be great if you added a public API. I've already emailed twice with no reply. Not time-sensitive. Let me know what you need from me.,LOW,YES
MSG01856,Have you considered a public API? Appreciate your help.,MEDIUM,YES
MSG01857,The delivery is way later than promised. This is the second time I've reached out about this. I need this resolved right away. Let me know what you need from me.,HIGH,YES
MSG01858,my login keeps failing after the update. thanks.,MEDIUM,YES
MSG01859,Quick question about the API. Whenever you get a chance is fine. Appreciate your help.,LOW,NO
MSG01860,I'm locked out of my account. Let me know what you need from me.,HIGH,YES
MSG01861,I'm locked out of my account. Let me know when you can. Let me know what you need from me.,HIGH,YES
MSG01862,The item arrived broken. Please treat this as high priority. Let me know what you need from me.,MEDIUM,YES
MSG01863,have you considered dark mode? not time-sensitive.,LOW,YES
MSG01864,have you considered bulk export? appreciate your help.,HIGH,NO
MSG01865,Any chance bulk export could be supported? I contacted support about this last week too. Appreciate your help.,HIGH,NO
MSG01866,What I received doesn't work at all. No rush at all. Let me know what you need from me.,HIGH,YES
MSG01867,My login keeps failing after the update. This is urgent. Let me know what you need from me.,MEDIUM,NO
MSG01868,I can't sign in no matter what I try. This is the second time I've reached out about this. Appreciate your help.,HIGH,NO
MSG01869,Have you considered usage alerts? Whenever you get a chance is fine. Let me know what you need from me.,LOW,YES
MSG01870,The package showed up damaged. I need this resolved right away. Let me know what you need from me.,MEDIUM,NO
MSG01871,I can't access my account at all. Appreciate your help.,HIGH,YES
MSG01872,I was charged twice this month. This is urgent. Appreciate your help.,MEDIUM,YES
MSG01873,Quick question about my account. Let me know what you need from me.,LOW,YES
MSG01874,Quick question about the API. Hoping to hear back this week.,MEDIUM,YES
MSG01875,What I received doesn't work at all. Hoping to hear back this week. Appreciate your help.,MEDIUM,YES
MSG01876,Could you clarify something about my plan? Let me know what you need from me.,LOW,NO
MSG01877,I was charged twice this month. Let me know what you need from me.,LOW,YES
MSG01878,I can't sign in no matter what I try. Thanks.,MEDIUM,NO
MSG01879,Your service has been down since last night.,MEDIUM,YES
MSG01880,I can't access the billing portal at all. Not time-sensitive.,MEDIUM,YES
MSG01881,The delivery is way later than promised. I need this resolved right away. Appreciate your help.,LOW,YES
MSG01882,I'm locked out of my account. No rush at all. Thanks.,HIGH,YES
MSG01883,I can't access the dashboard at all. Not time-sensitive. Let me know what you need from me.,HIGH,YES
MSG01884,I can't access the API at all. Not time-sensitive. Appreciate your help.,MEDIUM,YES
MSG01885,The item arrived broken. Let me know what you need from me.,HIGH,NO
MSG01886,I can't sign in no matter what I try. I contacted support about this last week too. Let me know when you can.,MEDIUM,NO
MSG01887,my order still hasn't arrived. let me know what you need from me.,LOW,NO
MSG01888,my order still hasn't arrived. let me know what you need from me.,LOW,NO
MSG01889,Tracking hasn't updated in days. Whenever you get a chance is fine.,MEDIUM,NO
MSG01890,Quick question about the API.,LOW,YES
MSG01891,What I received doesn't work at all. Appreciate your help.,MEDIUM,NO
MSG01892,It would be great if you added dark mode. Thanks.,LOW,YES
MSG01893,I was charged twice this month. This is urgent. Let me know what you need from me.,HIGH,NO
MSG01894,My login keeps failing after the update. I contacted support about this last week too. Whenever you get a chance is fine. Appreciate your help.,MEDIUM,YES
MSG01895,Just wondering how the dashboard works. I contacted support about this last week too. Thanks.,HIGH,YES
MSG01896,I'm locked out of my account. Please treat this as high priority.,HIGH,YES
MSG01897,My invoice doesn't match what I agreed to. Not time-sensitive. Appreciate your help.,HIGH,NO
MSG01898,The package showed up damaged. Appreciate your help.,MEDIUM,NO
MSG01899,Tracking hasn't updated in days. I've already emailed twice with no reply. This is urgent. Appreciate your help.,HIGH,NO
MSG01900,Your service has been down since this morning. Would appreciate a response soon. Thanks.,MEDIUM,YES
MSG01901,Any chance bulk export could be supported? Please treat this as high priority. Let me know what you need from me.,HIGH,NO
MSG01902,It would be great if you added dark mode. I've already emailed twice with no reply. No rush at all.,HIGH,YES
MSG01903,Tracking hasn't updated in days. No rush at all.,LOW,NO
MSG01904,Tracking hasn't updated in days.,HIGH,YES
MSG01905,It would be great if you added usage alerts. Whenever you get a chance is fine. Appreciate your help.,HIGH,NO
MSG01906,my login keeps failing after the update. this is the second time i've reached out about this.,HIGH,YES
MSG01907,The item arrived broken. This is the second time I've reached out about this.,HIGH,YES
MSG01908,Just wondering how the mobile app works. Hoping to hear back this week.,LOW,YES
MSG01909,I can't access the billing portal at all. Not time-sensitive. Let me know what you need from me.,HIGH,YES
MSG01910,Tracking hasn't updated in days. Let me know when you can.,HIGH,YES
MSG01911,What I received doesn't work at all. Whenever you get a chance is fine. Thanks.,MEDIUM,YES
MSG01912,My invoice doesn't match what I agreed to. Let me know what you need from me.,HIGH,YES
MSG01913,Any chance dark mode could be supported? This is urgent. Appreciate your help.,LOW,YES
MSG01914,Have you considered bulk export? Appreciate your help.,MEDIUM,YES
MSG01915,I can't access my account at all. This is the second time I've reached out about this. No rush at all.,HIGH,YES
MSG01916,The item arrived broken. Let me know when you can.,LOW,YES
MSG01917,Have you considered SSO login? This is urgent. Let me know what you need from me.,HIGH,YES
MSG01918,The package showed up damaged. No rush at all. Let me know what you need from me.,MEDIUM,NO
MSG01919,could you clarify something about my plan? i need this resolved right away. thanks.,HIGH,NO
MSG01920,Any chance usage alerts could be supported? I need this resolved right away. Appreciate your help.,MEDIUM,YES
MSG01921,I can't access the mobile app at all. Whenever you get a chance is fine. Appreciate your help.,HIGH,NO
MSG01922,i'm locked out of my account. thanks.,HIGH,NO
MSG01923,Just wondering how the API works. This is urgent. Let me know what you need from me.,LOW,YES
MSG01924,I can't sign in no matter what I try. Please treat this as high priority. Thanks.,HIGH,YES
MSG01925,I can't access my account at all. I contacted support about this last week too. Would appreciate a response soon.,MEDIUM,YES
MSG01926,What I received doesn't work at all. Would appreciate a response soon. Thanks.,HIGH,YES
MSG01927,The item arrived broken. Let me know what you need from me.,HIGH,NO
MSG01928,I can't sign in no matter what I try. Let me know what you need from me.,MEDIUM,YES
MSG01929,the delivery is way later than promised. would appreciate a response soon. let me know what you need from me.,MEDIUM,NO
MSG01930,I can't sign in no matter what I try. Thanks.,MEDIUM,YES
MSG01931,quick question about the api.,HIGH,NO
MSG01932,Have you considered usage alerts? No rush at all. Let me know what you need from me.,HIGH,NO
MSG01933,My invoice doesn't match what I agreed to. Thanks.,MEDIUM,YES
MSG01934,my order still hasn't arrived. whenever you get a chance is fine. let me know what you need from me.,HIGH,YES
MSG01935,I can't sign in no matter what I try. I contacted support about this last week too. Whenever you get a chance is fine. Let me know what you need from me.,HIGH,YES
MSG01936,My login keeps failing after the update. Appreciate your help.,HIGH,NO
MSG01937,I'm locked out of my account. Hoping to hear back this week. Appreciate your help.,LOW,YES
MSG01938,any chance usage alerts could be supported? hoping to hear back this week. thanks.,HIGH,NO
MSG01939,Quick question about the API. This is the second time I've reached out about this. Thanks.,HIGH,YES
MSG01940,My invoice doesn't match what I agreed to. I've already emailed twice with no reply. No rush at all. Appreciate your help.,HIGH,YES
MSG01941,The item arrived broken. Whenever you get a chance is fine. Let me know what you need from me.,HIGH,YES
MSG01942,The delivery is way later than promised. Appreciate your help.,MEDIUM,YES
MSG01943,My login keeps failing after the update. No rush at all.,MEDIUM,NO
MSG01944,my login keeps failing after the update. no rush at all. thanks.,HIGH,YES
MSG01945,My login keeps failing after the update. Let me know what you need from me.,HIGH,YES
MSG01946,Everything is offline on my end. Let me know what you need from me.,HIGH,YES
MSG01947,what i received doesn't work at all. please treat this as high priority. thanks.,HIGH,NO
MSG01948,My login keeps failing after the update. No rush at all. Thanks.,HIGH,YES
MSG01949,My invoice doesn't match what I agreed to. I need this resolved right away. Thanks.,MEDIUM,YES
MSG01950,I'm locked out of my account. Appreciate your help.,HIGH,YES
MSG01951,there's a charge i don't recognize. let me know when you can. let me know what you need from me.,HIGH,YES
MSG01952,What I received doesn't work at all. No rush at all.,HIGH,YES
MSG01953,The item arrived broken. Let me know what you need from me.,MEDIUM,NO
MSG01954,The delivery is way later than promised. Not time-sensitive.,LOW,NO
MSG01955,Any chance bulk export could be supported? Please treat this as high priority. Appreciate your help.,LOW,NO
MSG01956,The delivery is way later than promised. Would appreciate a response soon. Appreciate your help.,HIGH,YES
MSG01957,I was charged twice this month. This is the second time I've reached out about this. Let me know when you can. Thanks.,HIGH,YES
MSG01958,Have you considered a public API? Let me know when you can. Thanks.,HIGH,NO
MSG01959,Tracking hasn't updated in days. This is urgent.,HIGH,YES
MSG01960,Tracking hasn't updated in days. Thanks.,HIGH,YES
MSG01961,Any chance SSO login could be supported? Hoping to hear back this week.,MEDIUM,YES
MSG01962,My order still hasn't arrived. No rush at all. Thanks.,HIGH,NO
MSG01963,My login keeps failing after the update. This is the second time I've reached out about this.,HIGH,YES
MSG01964,What I received doesn't work at all. I contacted support about this last week too. Appreciate your help.,HIGH,YES
MSG01965,Any chance usage alerts could be supported? I contacted support about this last week too. No rush at all. Let me know what you need from me.,LOW,NO
MSG01966,the delivery is way later than promised. no rush at all. let me know what you need from me.,MEDIUM,NO
MSG01967,It would be great if you added a public API. Not time-sensitive. Thanks.,LOW,YES
MSG01968,Everything is offline on my end.,MEDIUM,NO
MSG01969,It would be great if you added usage alerts. Would appreciate a response soon. Thanks.,LOW,NO
MSG01970,I can't sign in no matter what I try. Would appreciate a response soon. Appreciate your help.,LOW,NO
MSG01971,I can't access the billing portal at all.,HIGH,YES
MSG01972,I can't access my account at all. I need this resolved right away.,HIGH,YES
MSG01973,I can't sign in no matter what I try. Let me know when you can. Thanks.,HIGH,YES
MSG01974,Just wondering how the API works.,LOW,NO
MSG01975,I can't sign in no matter what I try. No rush at all. Let me know what you need from me.,HIGH,NO
MSG01976,The item arrived broken. Let me know what you need from me.,HIGH,NO
MSG01977,Tracking hasn't updated in days. I've already emailed twice with no reply. Not time-sensitive. Appreciate your help.,HIGH,YES
MSG01978,Everything is offline on my end. Hoping to hear back this week. Thanks.,HIGH,YES
MSG01979,I can't sign in no matter what I try. I contacted support about this last week too. Appreciate your help.,HIGH,YES
MSG01980,Just wondering how the billing portal works. I've already emailed twice with no reply. Thanks.,HIGH,NO
MSG01981,My invoice doesn't match what I agreed to. Appreciate your help.,MEDIUM,NO
MSG01982,I can't access the billing portal at all. Thanks.,LOW,YES
MSG01983,tracking hasn't updated in days. i've already emailed twice with no reply. whenever you get a chance is fine. thanks.,HIGH,YES
MSG01984,It would be great if you added a public API.,HIGH,NO
MSG01985,there's a charge i don't recognize. thanks.,LOW,YES
MSG01986,I'm locked out of my account. Whenever you get a chance is fine. Appreciate your help.,HIGH,NO
MSG01987,It would be great if you added dark mode. I've already emailed twice with no reply. Please treat this as high priority. Thanks.,LOW,NO
MSG01988,I can't sign in no matter what I try. Please treat this as high priority. Appreciate your help.,HIGH,YES
MSG01989,The delivery is way later than promised. This is urgent.,LOW,NO
MSG01990,what i received doesn't work at all. no rush at all.,HIGH,NO
MSG01991,Your service has been down since yesterday. Not time-sensitive.,LOW,YES
MSG01992,i'm locked out of my account. i contacted support about this last week too. let me know when you can. thanks.,HIGH,YES
MSG01993,Your service has been down since this morning. This is the second time I've reached out about this. No rush at all. Thanks.,LOW,NO
MSG01994,The package showed up damaged. Let me know what you need from me.,HIGH,NO
MSG01995,I'm locked out of my account. This is the second time I've reached out about this. Let me know when you can. Let me know what you need from me.,LOW,YES
MSG01996,Quick question about the mobile app. Not time-sensitive. Thanks.,HIGH,NO
MSG01997,I was charged twice this month. This is the second time I've reached out about this. No rush at all. Appreciate your help.,LOW,NO
MSG01998,It would be great if you added dark mode. No rush at all. Let me know what you need from me.,MEDIUM,NO
MSG01999,could you clarify something about my plan? would appreciate a response soon. let me know what you need from me.,LOW,YES
MSG02000,There's a charge I don't recognize. Appreciate your help.,HIGH,YES
MSG02001,Could you clarify something about my plan? Thanks.,LOW,NO
MSG02002,Everything is offline on my end. I've already emailed twice with no reply. Whenever you get a chance is fine. Thanks.,HIGH,YES
MSG02003,Everything is offline on my end. Would appreciate a response soon. Thanks.,MEDIUM,YES
MSG02004,i can't access the api at all. i contacted support about this last week too. thanks.,MEDIUM,YES
MSG02005,I can't sign in no matter what I try. I contacted support about this last week too. No rush at all. Let me know what you need from me.,HIGH,NO
MSG02006,Just wondering how the dashboard works. Please treat this as high priority. Let me know what you need from me.,HIGH,NO
MSG02007,Could you clarify something about my plan? No rush at all. Let me know what you need from me.,LOW,NO
MSG02008,What I received doesn't work at all.,LOW,YES
MSG02009,My invoice doesn't match what I agreed to. Not time-sensitive. Appreciate your help.,LOW,YES
MSG02010,Tracking hasn't updated in days. Hoping to hear back this week.,MEDIUM,NO
MSG02011,I was charged twice this month. Would appreciate a response soon.,LOW,NO
MSG02012,Tracking hasn't updated in days. Let me know what you need from me.,MEDIUM,YES
MSG02013,My invoice doesn't match what I agreed to. Not time-sensitive.,MEDIUM,NO
MSG02014,just wondering how the mobile app works. whenever you get a chance is fine. appreciate your help.,LOW,NO
MSG02015,It would be great if you added bulk export. Whenever you get a chance is fine. Let me know what you need from me.,HIGH,NO
MSG02016,I'm locked out of my account. Whenever you get a chance is fine. Let me know what you need from me.,LOW,YES
MSG02017,The item arrived broken. Let me know what you need from me.,LOW,YES
MSG02018,your service has been down since last night. whenever you get a chance is fine. thanks.,HIGH,YES
MSG02019,There's a charge I don't recognize. Thanks.,HIGH,NO
MSG02020,Everything is offline on my end. Let me know what you need from me.,HIGH,NO
MSG02021,Quick question about the mobile app. Let me know when you can. Appreciate your help.,LOW,YES
MSG02022,I'm locked out of my account. Would appreciate a response soon.,HIGH,YES
MSG02023,Tracking hasn't updated in days. I need this resolved right away. Appreciate your help.,LOW,YES
MSG02024,It would be great if you added a public API. Appreciate your help.,LOW,NO
MSG02025,Have you considered usage alerts? Appreciate your help.,HIGH,YES
MSG02026,My login keeps failing after the update. Not time-sensitive. Let me know what you need from me.,MEDIUM,NO
MSG02027,Everything is offline on my end. Whenever you get a chance is fine. Thanks.,HIGH,NO
MSG02028,It would be great if you added dark mode. Would appreciate a response soon.,LOW,YES
MSG02029,The package showed up damaged. Let me know when you can.,HIGH,YES
MSG02030,My order still hasn't arrived. Thanks.,LOW,YES
MSG02031,Everything is offline on my end. This is the second time I've reached out about this. Would appreciate a response soon. Let me know what you need from me.,MEDIUM,YES
MSG02032,tracking hasn't updated in days. no rush at all. thanks.,LOW,YES
MSG02033,I can't access my account at all. This is the second time I've reached out about this. Let me know when you can. Thanks.,HIGH,YES
MSG02034,What I received doesn't work at all. This is urgent. Let me know what you need from me.,HIGH,YES
MSG02035,quick question about my account. whenever you get a chance is fine. thanks.,LOW,YES
MSG02036,It would be great if you added SSO login. No rush at all. Thanks.,HIGH,NO
MSG02037,I can't sign in no matter what I try. Would appreciate a response soon. Thanks.,HIGH,YES
MSG02038,It would be great if you added usage alerts.,LOW,NO
MSG02039,The delivery is way later than promised.,HIGH,YES
MSG02040,What I received doesn't work at all. This is the second time I've reached out about this. Not time-sensitive. Appreciate your help.,HIGH,YES
MSG02041,I can't access the dashboard at all. I've already emailed twice with no reply. Please treat this as high priority. Let me know what you need from me.,HIGH,YES
MSG02042,My invoice doesn't match what I agreed to. I contacted support about this last week too. Would appreciate a response soon. Let me know what you need from me.,LOW,NO
MSG02043,There's a charge I don't recognize. Would appreciate a response soon. Let me know what you need from me.,HIGH,YES
MSG02044,Everything is offline on my end. Let me know what you need from me.,HIGH,YES
MSG02045,Any chance usage alerts could be supported? Let me know when you can. Let me know what you need from me.,HIGH,NO
MSG02046,the package showed up damaged. hoping to hear back this week. appreciate your help.,MEDIUM,NO
MSG02047,Have you considered SSO login? Please treat this as high priority. Appreciate your help.,MEDIUM,YES
MSG02048,I was charged twice this month. Thanks.,LOW,YES
MSG02049,My invoice doesn't match what I agreed to. Let me know when you can.,MEDIUM,YES
MSG02050,I'm locked out of my account. Please treat this as high priority. Appreciate your help.,HIGH,YES
MSG02051,There's a charge I don't recognize. I need this resolved right away. Let me know what you need from me.,HIGH,YES
MSG02052,My invoice doesn't match what I agreed to. Thanks.,HIGH,YES
MSG02053,Tracking hasn't updated in days. I've already emailed twice with no reply. Appreciate your help.,HIGH,YES
MSG02054,I can't sign in no matter what I try. Please treat this as high priority. Appreciate your help.,MEDIUM,YES
MSG02055,I was charged twice this month. Let me know when you can.,LOW,YES
MSG02056,The package showed up damaged. Would appreciate a response soon. Appreciate your help.,LOW,NO
MSG02057,Just wondering how the billing portal works. Whenever you get a chance is fine. Appreciate your help.,LOW,NO
MSG02058,Everything is offline on my end. This is the second time I've reached out about this. Let me know when you can.,MEDIUM,YES
MSG02059,I was charged twice this month. Please treat this as high priority. Thanks.,LOW,NO
MSG02060,Could you clarify something about my plan? Hoping to hear back this week.,LOW,YES
MSG02061,It would be great if you added usage alerts. This is the second time I've reached out about this. Appreciate your help.,LOW,NO
MSG02062,What I received doesn't work at all. Would appreciate a response soon. Let me know what you need from me.,MEDIUM,NO
MSG02063,I can't sign in no matter what I try. Please treat this as high priority. Thanks.,MEDIUM,YES
MSG02064,It would be great if you added usage alerts. Thanks.,LOW,NO
MSG02065,I can't access the billing portal at all. Appreciate your help.,HIGH,YES
MSG02066,I can't access the billing portal at all.,MEDIUM,NO
MSG02067,It would be great if you added SSO login. No rush at all. Thanks.,LOW,NO
MSG02068,quick question about the billing portal. appreciate your help.,LOW,NO
MSG02069,The package showed up damaged. Let me know what you need from me.,HIGH,NO
MSG02070,Any chance usage alerts could be supported? Please treat this as high priority. Let me know what you need from me.,LOW,YES
MSG02071,My login keeps failing after the update. Thanks.,HIGH,YES
MSG02072,My invoice doesn't match what I agreed to. Would appreciate a response soon. Let me know what you need from me.,LOW,NO
MSG02073,I was charged twice this month. Let me know when you can. Let me know what you need from me.,MEDIUM,YES
MSG02074,The delivery is way later than promised. Whenever you get a chance is fine. Appreciate your help.,LOW,NO
MSG02075,Quick question about my account. Not time-sensitive. Let me know what you need from me.,LOW,NO
MSG02076,My login keeps failing after the update. Appreciate your help.,HIGH,YES
MSG02077,Could you clarify something about my plan? I contacted support about this last week too. Would appreciate a response soon. Let me know what you need from me.,MEDIUM,YES
MSG02078,My order still hasn't arrived. Let me know when you can. Thanks.,LOW,NO
MSG02079,Any chance a public API could be supported?,HIGH,NO
MSG02080,The package showed up damaged. This is the second time I've reached out about this.,LOW,YES
MSG02081,My invoice doesn't match what I agreed to. Would appreciate a response soon. Thanks.,LOW,NO
MSG02082,My order still hasn't arrived. This is urgent. Appreciate your help.,HIGH,YES
MSG02083,My invoice doesn't match what I agreed to. Whenever you get a chance is fine. Appreciate your help.,LOW,YES
MSG02084,Tracking hasn't updated in days. Not time-sensitive. Let me know what you need from me.,HIGH,NO
MSG02085,Everything is offline on my end.,HIGH,YES
MSG02086,It would be great if you added bulk export. I need this resolved right away.,MEDIUM,YES
MSG02087,any chance sso login could be supported? this is urgent. appreciate your help.,HIGH,YES
MSG02088,My login keeps failing after the update. Not time-sensitive. Thanks.,LOW,YES
MSG02089,There's a charge I don't recognize. Let me know what you need from me.,HIGH,NO
MSG02090,Your service has been down since this morning. Would appreciate a response soon. Appreciate your help.,HIGH,NO
MSG02091,The delivery is way later than promised. Whenever you get a chance is fine. Let me know what you need from me.,HIGH,YES
MSG02092,I can't access the billing portal at all. No rush at all. Thanks.,LOW,YES
MSG02093,There's a charge I don't recognize. This is urgent.,HIGH,YES
MSG02094,My login keeps failing after the update. Please treat this as high priority.,HIGH,YES
MSG02095,Quick question about the API. Not time-sensitive. Appreciate your help.,LOW,NO
MSG02096,My login keeps failing after the update. Would appreciate a response soon. Appreciate your help.,HIGH,NO
MSG02097,My login keeps failing after the update. Hoping to hear back this week.,HIGH,YES
MSG02098,could you clarify something about my plan? thanks.,LOW,YES
MSG02099,I can't sign in no matter what I try. This is urgent. Thanks.,MEDIUM,YES
MSG02100,The item arrived broken.,MEDIUM,YES
MSG02101,Any chance usage alerts could be supported? Would appreciate a response soon. Appreciate your help.,HIGH,YES
MSG02102,I was charged twice this month. No rush at all.,HIGH,YES
MSG02103,What I received doesn't work at all. Please treat this as high priority. Thanks.,MEDIUM,YES
MSG02104,Have you considered SSO login? I've already emailed twice with no reply. Whenever you get a chance is fine.,HIGH,YES
MSG02105,Your service has been down since yesterday. Appreciate your help.,HIGH,YES
MSG02106,There's a charge I don't recognize. Appreciate your help.,LOW,NO
MSG02107,Could you clarify something about my plan? No rush at all. Thanks.,MEDIUM,NO
MSG02108,I can't access my account at all. I contacted support about this last week too. Would appreciate a response soon.,HIGH,YES
MSG02109,The delivery is way later than promised. Please treat this as high priority. Appreciate your help.,MEDIUM,YES
MSG02110,I can't access my account at all.,HIGH,NO
MSG02111,What I received doesn't work at all. Not time-sensitive. Thanks.,HIGH,YES
MSG02112,The item arrived broken. I contacted support about this last week too. Hoping to hear back this week. Appreciate your help.,HIGH,NO
MSG02113,The delivery is way later than promised. This is the second time I've reached out about this. Would appreciate a response soon.,HIGH,NO
MSG02114,What I received doesn't work at all. Let me know when you can. Appreciate your help.,HIGH,NO
MSG02115,Your service has been down since about an hour ago. Let me know when you can. Let me know what you need from me.,HIGH,YES
MSG02116,What I received doesn't work at all. I've already emailed twice with no reply. Whenever you get a chance is fine.,LOW,YES
MSG02117,my order still hasn't arrived. this is the second time i've reached out about this.,MEDIUM,YES
MSG02118,The delivery is way later than promised. This is urgent. Let me know what you need from me.,HIGH,YES
MSG02119,What I received doesn't work at all. Whenever you get a chance is fine. Appreciate your help.,LOW,YES
MSG02120,Could you clarify something about my plan? Let me know what you need from me.,HIGH,YES
MSG02121,everything is offline on my end. not time-sensitive. appreciate your help.,HIGH,YES
MSG02122,The item arrived broken. I've already emailed twice with no reply.,LOW,YES
MSG02123,Have you considered dark mode? Let me know when you can.,LOW,NO
MSG02124,There's a charge I don't recognize. Not time-sensitive.,LOW,YES
MSG02125,The package showed up damaged. Would appreciate a response soon. Appreciate your help.,LOW,YES
MSG02126,My invoice doesn't match what I agreed to. Please treat this as high priority. Appreciate your help.,HIGH,NO
MSG02127,The item arrived broken. No rush at all.,MEDIUM,NO
MSG02128,Could you clarify something about my plan? Whenever you get a chance is fine. Appreciate your help.,HIGH,YES
MSG02129,My invoice doesn't match what I agreed to. Thanks.,HIGH,YES
MSG02130,What I received doesn't work at all. Let me know when you can. Let me know what you need from me.,HIGH,YES
MSG02131,Have you considered usage alerts? I've already emailed twice with no reply. Let me know when you can. Thanks.,HIGH,YES
MSG02132,What I received doesn't work at all. Hoping to hear back this week. Let me know what you need from me.,LOW,NO
MSG02133,The item arrived broken. Let me know what you need from me.,LOW,YES
MSG02134,Tracking hasn't updated in days. Please treat this as high priority. Let me know what you need from me.,HIGH,NO
MSG02135,Have you considered SSO login? I contacted support about this last week too. Please treat this as high priority. Appreciate your help.,HIGH,YES
MSG02136,It would be great if you added usage alerts. I've already emailed twice with no reply. Whenever you get a chance is fine. Appreciate your help.,HIGH,YES
MSG02137,Quick question about my account. No rush at all. Thanks.,LOW,YES
MSG02138,Quick question about my account. No rush at all. Let me know what you need from me.,LOW,YES
MSG02139,it would be great if you added usage alerts. thanks.,LOW,YES
MSG02140,Quick question about the dashboard. This is the second time I've reached out about this. Let me know when you can. Thanks.,LOW,YES
MSG02141,Everything is offline on my end. I contacted support about this last week too. Let me know what you need from me.,HIGH,YES
MSG02142,Have you considered bulk export? Would appreciate a response soon. Let me know what you need from me.,MEDIUM,NO
MSG02143,Everything is offline on my end. Let me know what you need from me.,LOW,NO
MSG02144,Tracking hasn't updated in days. Let me know what you need from me.,MEDIUM,YES
MSG02145,Just wondering how the billing portal works. Please treat this as high priority. Appreciate your help.,MEDIUM,YES
MSG02146,There's a charge I don't recognize. Appreciate your help.,MEDIUM,NO
MSG02147,I was charged twice this month. Let me know when you can.,MEDIUM,YES
MSG02148,Quick question about the dashboard. Please treat this as high priority. Appreciate your help.,HIGH,NO
MSG02149,Quick question about my account. This is the second time I've reached out about this.,MEDIUM,NO
MSG02150,My invoice doesn't match what I agreed to. Let me know what you need from me.,MEDIUM,YES
MSG02151,My order still hasn't arrived.,MEDIUM,NO
MSG02152,The item arrived broken. I've already emailed twice with no reply. Hoping to hear back this week. Appreciate your help.,LOW,YES
MSG02153,The item arrived broken. This is the second time I've reached out about this. I need this resolved right away. Let me know what you need from me.,HIGH,YES
MSG02154,i'm locked out of my account. appreciate your help.,LOW,NO
MSG02155,I was charged twice this month. Appreciate your help.,HIGH,YES
MSG02156,I was charged twice this month. Would appreciate a response soon.,MEDIUM,YES
MSG02157,The item arrived broken.,MEDIUM,NO
MSG02158,I can't access my account at all. Appreciate your help.,HIGH,YES
MSG02159,Your service has been down since last night. This is urgent. Thanks.,HIGH,YES
MSG02160,Tracking hasn't updated in days. Hoping to hear back this week. Thanks.,LOW,NO
MSG02161,The package showed up damaged.,LOW,NO
MSG02162,Could you clarify something about my plan? Please treat this as high priority. Thanks.,HIGH,YES
MSG02163,Just wondering how the mobile app works.,HIGH,YES
MSG02164,I'm locked out of my account. This is urgent.,MEDIUM,YES
MSG02165,The package showed up damaged. Let me know what you need from me.,HIGH,NO
MSG02166,Could you clarify something about my plan? This is the second time I've reached out about this. Let me know what you need from me.,MEDIUM,NO
MSG02167,The item arrived broken. No rush at all. Appreciate your help.,MEDIUM,YES
MSG02168,My order still hasn't arrived. No rush at all. Thanks.,MEDIUM,NO
MSG02169,My invoice doesn't match what I agreed to. I've already emailed twice with no reply. Would appreciate a response soon. Thanks.,LOW,YES
MSG02170,What I received doesn't work at all. This is the second time I've reached out about this. Not time-sensitive. Thanks.,HIGH,YES
MSG02171,any chance bulk export could be supported? this is urgent. appreciate your help.,LOW,YES
MSG02172,My invoice doesn't match what I agreed to. Hoping to hear back this week. Appreciate your help.,HIGH,YES
MSG02173,Everything is offline on my end. I've already emailed twice with no reply. Thanks.,HIGH,YES
MSG02174,My invoice doesn't match what I agreed to. Not time-sensitive. Let me know what you need from me.,LOW,YES
MSG02175,The package showed up damaged. I've already emailed twice with no reply. This is urgent.,MEDIUM,YES
MSG02176,Just wondering how the API works. Please treat this as high priority.,LOW,YES
MSG02177,Any chance dark mode could be supported? Let me know when you can. Let me know what you need from me.,MEDIUM,NO
MSG02178,Have you considered dark mode? Thanks.,LOW,NO
MSG02179,Everything is offline on my end. No rush at all.,MEDIUM,NO
MSG02180,What I received doesn't work at all. Appreciate your help.,MEDIUM,NO
MSG02181,I was charged twice this month.,HIGH,YES
MSG02182,Could you clarify something about my plan? This is urgent. Let me know what you need from me.,MEDIUM,NO
MSG02183,the item arrived broken. please treat this as high priority.,LOW,NO
MSG02184,Just wondering how the billing portal works. This is urgent. Let me know what you need from me.,LOW,NO
MSG02185,Just wondering how the billing portal works. Not time-sensitive. Let me know what you need from me.,MEDIUM,NO
MSG02186,Tracking hasn't updated in days. I need this resolved right away. Thanks.,MEDIUM,NO
MSG02187,the item arrived broken. i've already emailed twice with no reply. hoping to hear back this week. thanks.,HIGH,NO
MSG02188,I'm locked out of my account. Not time-sensitive. Appreciate your help.,HIGH,YES
MSG02189,Have you considered bulk export? Appreciate your help.,LOW,YES
MSG02190,i was charged twice this month. i contacted support about this last week too. let me know what you need from me.,HIGH,YES
MSG02191,Just wondering how the mobile app works. Hoping to hear back this week. Thanks.,LOW,NO
MSG02192,I'm locked out of my account. I've already emailed twice with no reply. I need this resolved right away. Thanks.,HIGH,YES
MSG02193,Have you considered bulk export? Please treat this as high priority. Thanks.,MEDIUM,YES
MSG02194,Tracking hasn't updated in days. I need this resolved right away. Appreciate your help.,HIGH,NO
MSG02195,i can't access the mobile app at all. i need this resolved right away. appreciate your help.,MEDIUM,YES
MSG02196,There's a charge I don't recognize. This is urgent. Thanks.,HIGH,YES
MSG02197,There's a charge I don't recognize. I've already emailed twice with no reply. I need this resolved right away. Let me know what you need from me.,MEDIUM,YES
MSG02198,i can't sign in no matter what i try. let me know when you can. appreciate your help.,LOW,YES
MSG02199,I was charged twice this month. Let me know what you need from me.,LOW,NO
MSG02200,Just wondering how my account works. Thanks.,MEDIUM,NO
MSG02201,I'm locked out of my account. Whenever you get a chance is fine. Thanks.,MEDIUM,YES
MSG02202,My order still hasn't arrived. Thanks.,HIGH,YES
MSG02203,Could you clarify something about my plan?,LOW,NO
MSG02204,I can't sign in no matter what I try. Appreciate your help.,HIGH,YES
MSG02205,The item arrived broken. Whenever you get a chance is fine. Thanks.,HIGH,YES
MSG02206,the delivery is way later than promised. hoping to hear back this week. thanks.,MEDIUM,YES
MSG02207,I can't sign in no matter what I try. Please treat this as high priority.,MEDIUM,YES
MSG02208,My invoice doesn't match what I agreed to. I contacted support about this last week too. I need this resolved right away. Thanks.,MEDIUM,YES
MSG02209,Tracking hasn't updated in days. Whenever you get a chance is fine.,MEDIUM,NO
MSG02210,My invoice doesn't match what I agreed to.,HIGH,YES
MSG02211,the delivery is way later than promised. not time-sensitive. let me know what you need from me.,HIGH,YES
MSG02212,Just wondering how the billing portal works. Thanks.,HIGH,NO
MSG02213,My invoice doesn't match what I agreed to. Appreciate your help.,LOW,YES
MSG02214,Quick question about my account. Whenever you get a chance is fine.,LOW,YES
MSG02215,Everything is offline on my end. I need this resolved right away.,HIGH,YES
MSG02216,Everything is offline on my end. I've already emailed twice with no reply. Please treat this as high priority. Appreciate your help.,HIGH,YES
MSG02217,I'm locked out of my account. Would appreciate a response soon. Let me know what you need from me.,HIGH,NO
MSG02218,Tracking hasn't updated in days. Please treat this as high priority.,HIGH,NO
MSG02219,I was charged twice this month. Hoping to hear back this week. Let me know what you need from me.,HIGH,NO
MSG02220,The delivery is way later than promised. I need this resolved right away. Thanks.,HIGH,NO
MSG02221,It would be great if you added bulk export. Whenever you get a chance is fine. Appreciate your help.,MEDIUM,NO
MSG02222,My order still hasn't arrived. Appreciate your help.,LOW,YES
MSG02223,it would be great if you added a public api. i contacted support about this last week too. let me know when you can. let me know what you need from me.,HIGH,NO
MSG02224,It would be great if you added usage alerts. Thanks.,LOW,YES
MSG02225,Tracking hasn't updated in days.,LOW,YES
MSG02226,I can't access the billing portal at all. Whenever you get a chance is fine.,HIGH,YES
MSG02227,Have you considered usage alerts? Appreciate your help.,MEDIUM,NO
MSG02228,I can't sign in no matter what I try. This is the second time I've reached out about this. Hoping to hear back this week. Thanks.,HIGH,YES
MSG02229,My order still hasn't arrived. Let me know what you need from me.,MEDIUM,YES
MSG02230,The item arrived broken. I need this resolved right away. Appreciate your help.,MEDIUM,YES
MSG02231,What I received doesn't work at all. Hoping to hear back this week.,LOW,NO
MSG02232,Could you clarify something about my plan? Whenever you get a chance is fine. Let me know what you need from me.,HIGH,YES
MSG02233,I can't sign in no matter what I try. Thanks.,HIGH,YES
MSG02234,My invoice doesn't match what I agreed to. I've already emailed twice with no reply. No rush at all. Let me know what you need from me.,HIGH,YES
MSG02235,I can't sign in no matter what I try. Thanks.,MEDIUM,NO
MSG02236,My login keeps failing after the update.,LOW,NO
MSG02237,The package showed up damaged. This is urgent.,LOW,NO
MSG02238,Any chance a public API could be supported? This is the second time I've reached out about this. Would appreciate a response soon. Let me know what you need from me.,HIGH,NO
MSG02239,My order still hasn't arrived. Thanks.,MEDIUM,YES
MSG02240,I'm locked out of my account. Hoping to hear back this week. Thanks.,HIGH,YES
MSG02241,I'm locked out of my account. Appreciate your help.,LOW,YES
MSG02242,Any chance dark mode could be supported? Whenever you get a chance is fine.,LOW,YES
MSG02243,The package showed up damaged. This is urgent. Appreciate your help.,HIGH,NO
MSG02244,I'm locked out of my account. Thanks.,HIGH,YES
MSG02245,Just wondering how the mobile app works. Not time-sensitive.,MEDIUM,NO
MSG02246,It would be great if you added SSO login. No rush at all. Appreciate your help.,LOW,YES
MSG02247,it would be great if you added a public api. i've already emailed twice with no reply. would appreciate a response soon. appreciate your help.,MEDIUM,NO
MSG02248,I was charged twice this month. Would appreciate a response soon. Appreciate your help.,LOW,YES
MSG02249,I was charged twice this month. Please treat this as high priority.,MEDIUM,NO
MSG02250,The delivery is way later than promised.,LOW,YES
MSG02251,What I received doesn't work at all. Hoping to hear back this week. Thanks.,HIGH,NO
MSG02252,There's a charge I don't recognize. Let me know what you need from me.,MEDIUM,NO
MSG02253,Have you considered usage alerts? I need this resolved right away.,HIGH,YES
MSG02254,I was charged twice this month.,HIGH,YES
MSG02255,I was charged twice this month. I've already emailed twice with no reply.,MEDIUM,YES
MSG02256,My invoice doesn't match what I agreed to. Whenever you get a chance is fine. Let me know what you need from me.,LOW,YES
MSG02257,Your service has been down since last night. Whenever you get a chance is fine.,HIGH,YES
MSG02258,My login keeps failing after the update. Hoping to hear back this week. Appreciate your help.,HIGH,YES
MSG02259,it would be great if you added a public api. let me know what you need from me.,HIGH,NO
MSG02260,I was charged twice this month. Not time-sensitive. Thanks.,HIGH,NO
MSG02261,The item arrived broken. No rush at all. Thanks.,HIGH,YES
MSG02262,It would be great if you added SSO login. I've already emailed twice with no reply. No rush at all. Thanks.,HIGH,NO
MSG02263,Tracking hasn't updated in days. I need this resolved right away.,LOW,YES
MSG02264,I can't access the API at all. Hoping to hear back this week. Thanks.,HIGH,YES
MSG02265,Any chance dark mode could be supported? This is urgent. Let me know what you need from me.,HIGH,NO
MSG02266,Have you considered dark mode? I've already emailed twice with no reply. I need this resolved right away. Thanks.,LOW,NO
MSG02267,Tracking hasn't updated in days.,MEDIUM,NO
MSG02268,My order still hasn't arrived. Appreciate your help.,HIGH,NO
MSG02269,Just wondering how my account works. Not time-sensitive. Let me know what you need from me.,HIGH,NO
MSG02270,Your service has been down since about an hour ago. Whenever you get a chance is fine. Appreciate your help.,LOW,YES
MSG02271,Any chance usage alerts could be supported? I need this resolved right away.,LOW,YES
MSG02272,Everything is offline on my end. I need this resolved right away. Let me know what you need from me.,HIGH,NO
MSG02273,Have you considered a public API? No rush at all. Appreciate your help.,LOW,NO
MSG02274,I was charged twice this month. Thanks.,LOW,YES
MSG02275,Tracking hasn't updated in days. No rush at all. Thanks.,MEDIUM,NO
MSG02276,The delivery is way later than promised.,HIGH,NO
MSG02277,My order still hasn't arrived. Let me know when you can.,MEDIUM,YES
MSG02278,My login keeps failing after the update. Hoping to hear back this week. Appreciate your help.,LOW,YES
MSG02279,Everything is offline on my end. I contacted support about this last week too. Whenever you get a chance is fine. Thanks.,HIGH,YES
MSG02280,I was charged twice this month. Whenever you get a chance is fine. Appreciate your help.,MEDIUM,YES
MSG02281,My invoice doesn't match what I agreed to. This is urgent. Appreciate your help.,HIGH,YES
MSG02282,The item arrived broken.,MEDIUM,YES
MSG02283,Just wondering how the dashboard works. Whenever you get a chance is fine.,LOW,NO
MSG02284,I'm locked out of my account. This is the second time I've reached out about this. Appreciate your help.,HIGH,NO
MSG02285,Tracking hasn't updated in days.,LOW,YES
MSG02286,What I received doesn't work at all. I contacted support about this last week too. I need this resolved right away. Thanks.,HIGH,YES
MSG02287,Could you clarify something about my plan? This is the second time I've reached out about this. Hoping to hear back this week. Thanks.,HIGH,YES
MSG02288,What I received doesn't work at all. Let me know what you need from me.,HIGH,NO
MSG02289,I'm locked out of my account. Whenever you get a chance is fine. Appreciate your help.,MEDIUM,NO
MSG02290,Any chance bulk export could be supported? I need this resolved right away.,LOW,NO
MSG02291,I was charged twice this month. Would appreciate a response soon. Thanks.,HIGH,YES
MSG02292,Could you clarify something about my plan? I need this resolved right away. Thanks.,HIGH,NO
MSG02293,The item arrived broken. This is urgent.,LOW,NO
MSG02294,just wondering how the billing portal works. no rush at all. let me know what you need from me.,HIGH,YES
MSG02295,Your service has been down since yesterday. I need this resolved right away. Let me know what you need from me.,HIGH,YES
MSG02296,My invoice doesn't match what I agreed to. Not time-sensitive. Thanks.,HIGH,NO
MSG02297,Quick question about the dashboard. No rush at all. Appreciate your help.,LOW,NO
MSG02298,it would be great if you added bulk export. i need this resolved right away.,MEDIUM,NO
MSG02299,I can't access the API at all. No rush at all.,HIGH,NO
MSG02300,It would be great if you added SSO login. Not time-sensitive. Thanks.,LOW,NO
MSG02301,There's a charge I don't recognize. I need this resolved right away. Thanks.,HIGH,YES
MSG02302,The delivery is way later than promised.,HIGH,YES
MSG02303,What I received doesn't work at all. I need this resolved right away. Appreciate your help.,LOW,YES
MSG02304,I'm locked out of my account. Thanks.,HIGH,YES
MSG02305,Quick question about the API.,HIGH,YES
MSG02306,Any chance a public API could be supported? Whenever you get a chance is fine. Appreciate your help.,MEDIUM,NO
MSG02307,Have you considered dark mode? Appreciate your help.,LOW,NO
MSG02308,Just wondering how the mobile app works. Please treat this as high priority.,MEDIUM,NO
MSG02309,My invoice doesn't match what I agreed to. Hoping to hear back this week. Thanks.,HIGH,NO
MSG02310,The package showed up damaged. Let me know when you can.,LOW,YES
MSG02311,Tracking hasn't updated in days. This is the second time I've reached out about this. This is urgent. Let me know what you need from me.,HIGH,YES
MSG02312,Quick question about the mobile app. I contacted support about this last week too. This is urgent. Thanks.,MEDIUM,NO
MSG02313,The item arrived broken. Appreciate your help.,MEDIUM,YES
MSG02314,What I received doesn't work at all.,LOW,YES
MSG02315,Everything is offline on my end. Thanks.,HIGH,YES
MSG02316,My login keeps failing after the update. I've already emailed twice with no reply. Let me know what you need from me.,LOW,YES
MSG02317,have you considered bulk export? please treat this as high priority.,LOW,NO
MSG02318,i can't sign in no matter what i try. whenever you get a chance is fine. thanks.,LOW,NO
MSG02319,What I received doesn't work at all. Thanks.,LOW,NO
MSG02320,I was charged twice this month. I need this resolved right away.,HIGH,YES
MSG02321,I was charged twice this month. I've already emailed twice with no reply. Would appreciate a response soon. Let me know what you need from me.,HIGH,YES
MSG02322,Everything is offline on my end. Appreciate your help.,HIGH,YES
MSG02323,The package showed up damaged. I've already emailed twice with no reply.,LOW,YES
MSG02324,i can't access my account at all. let me know when you can. appreciate your help.,HIGH,YES
MSG02325,The item arrived broken. Thanks.,HIGH,YES
MSG02326,Have you considered SSO login? Would appreciate a response soon.,LOW,YES
MSG02327,The delivery is way later than promised. Whenever you get a chance is fine. Let me know what you need from me.,LOW,YES
MSG02328,I can't sign in no matter what I try. This is urgent.,LOW,YES
MSG02329,Could you clarify something about my plan? Hoping to hear back this week. Appreciate your help.,HIGH,YES
MSG02330,Just wondering how my account works.,HIGH,YES
MSG02331,The item arrived broken. Would appreciate a response soon. Appreciate your help.,HIGH,NO
MSG02332,It would be great if you added usage alerts. Appreciate your help.,LOW,NO
MSG02333,I can't access my account at all.,HIGH,YES
MSG02334,Quick question about the API. Please treat this as high priority. Thanks.,LOW,NO
MSG02335,I can't access the API at all. Let me know when you can.,LOW,YES
MSG02336,The item arrived broken. Not time-sensitive. Let me know what you need from me.,HIGH,YES
MSG02337,I was charged twice this month.,MEDIUM,NO
MSG02338,The package showed up damaged. This is urgent. Let me know what you need from me.,MEDIUM,YES
MSG02339,Have you considered bulk export? Thanks.,LOW,YES
MSG02340,Your service has been down since this morning. I've already emailed twice with no reply. No rush at all.,MEDIUM,YES
MSG02341,There's a charge I don't recognize. Would appreciate a response soon.,LOW,YES
MSG02342,I'm locked out of my account. This is urgent. Appreciate your help.,HIGH,YES
MSG02343,just wondering how the dashboard works. hoping to hear back this week. appreciate your help.,LOW,YES
MSG02344,Everything is offline on my end. I need this resolved right away. Appreciate your help.,HIGH,YES
MSG02345,It would be great if you added dark mode. Hoping to hear back this week.,LOW,NO
MSG02346,Any chance dark mode could be supported? Appreciate your help.,LOW,NO
MSG02347,I'm locked out of my account. This is the second time I've reached out about this. Hoping to hear back this week.,HIGH,YES
MSG02348,My invoice doesn't match what I agreed to. Let me know what you need from me.,HIGH,NO
MSG02349,It would be great if you added dark mode.,HIGH,NO
MSG02350,It would be great if you added usage alerts. Please treat this as high priority.,HIGH,YES
MSG02351,My login keeps failing after the update. This is urgent. Let me know what you need from me.,HIGH,YES
MSG02352,I'm locked out of my account.,MEDIUM,YES
MSG02353,Quick question about the dashboard. Would appreciate a response soon. Thanks.,HIGH,NO
MSG02354,the item arrived broken. whenever you get a chance is fine. let me know what you need from me.,MEDIUM,NO
MSG02355,It would be great if you added usage alerts. Appreciate your help.,HIGH,NO
MSG02356,The delivery is way later than promised. Please treat this as high priority. Appreciate your help.,HIGH,NO
MSG02357,Everything is offline on my end.,HIGH,YES
MSG02358,My invoice doesn't match what I agreed to. Hoping to hear back this week. Thanks.,HIGH,NO
MSG02359,I was charged twice this month. I've already emailed twice with no reply. Not time-sensitive. Appreciate your help.,LOW,YES
MSG02360,Just wondering how the billing portal works. I've already emailed twice with no reply. Let me know when you can.,MEDIUM,YES
MSG02361,my invoice doesn't match what i agreed to. would appreciate a response soon. appreciate your help.,LOW,YES
MSG02362,Tracking hasn't updated in days. I contacted support about this last week too. This is urgent. Appreciate your help.,HIGH,YES
MSG02363,Tracking hasn't updated in days. Would appreciate a response soon. Appreciate your help.,LOW,YES
MSG02364,The package showed up damaged.,LOW,NO
MSG02365,My login keeps failing after the update. This is urgent. Appreciate your help.,HIGH,YES
MSG02366,Could you clarify something about my plan? Let me know when you can. Let me know what you need from me.,LOW,NO
MSG02367,I'm locked out of my account. This is the second time I've reached out about this. I need this resolved right away. Thanks.,HIGH,YES
MSG02368,Any chance bulk export could be supported? Hoping to hear back this week. Let me know what you need from me.,LOW,NO
MSG02369,I was charged twice this month. I contacted support about this last week too. Appreciate your help.,MEDIUM,NO
MSG02370,Have you considered bulk export? Appreciate your help.,LOW,YES
MSG02371,I can't access the billing portal at all. Let me know what you need from me.,HIGH,YES
MSG02372,The delivery is way later than promised. I've already emailed twice with no reply. This is urgent. Thanks.,HIGH,YES
MSG02373,My login keeps failing after the update.,HIGH,NO
MSG02374,Could you clarify something about my plan? Would appreciate a response soon.,HIGH,NO
MSG02375,It would be great if you added SSO login. Hoping to hear back this week. Let me know what you need from me.,HIGH,NO
MSG02376,I was charged twice this month. I've already emailed twice with no reply. Let me know what you need from me.,HIGH,NO
MSG02377,Any chance SSO login could be supported? I need this resolved right away. Appreciate your help.,HIGH,YES
MSG02378,i can't sign in no matter what i try.,HIGH,YES
MSG02379,My order still hasn't arrived. Thanks.,MEDIUM,NO
MSG02380,Tracking hasn't updated in days. Let me know when you can. Let me know what you need from me.,LOW,NO
MSG02381,Your service has been down since this morning. This is urgent.,HIGH,YES
MSG02382,i was charged twice this month. i need this resolved right away. let me know what you need from me.,MEDIUM,NO
MSG02383,My login keeps failing after the update. Appreciate your help.,HIGH,NO
MSG02384,my login keeps failing after the update. not time-sensitive. let me know what you need from me.,MEDIUM,NO
MSG02385,It would be great if you added dark mode. No rush at all. Thanks.,LOW,YES
MSG02386,Tracking hasn't updated in days. I contacted support about this last week too.,MEDIUM,NO
MSG02387,My invoice doesn't match what I agreed to. Thanks.,MEDIUM,NO
MSG02388,i can't access the dashboard at all. i need this resolved right away. let me know what you need from me.,HIGH,YES
MSG02389,My order still hasn't arrived. Thanks.,HIGH,YES
MSG02390,Have you considered a public API? Appreciate your help.,HIGH,YES
MSG02391,I can't sign in no matter what I try. No rush at all. Appreciate your help.,LOW,NO
MSG02392,I can't sign in no matter what I try. I need this resolved right away. Appreciate your help.,MEDIUM,YES
MSG02393,Could you clarify something about my plan? Hoping to hear back this week. Thanks.,MEDIUM,NO
MSG02394,Have you considered SSO login? Not time-sensitive. Appreciate your help.,MEDIUM,YES
MSG02395,My login keeps failing after the update. Let me know when you can. Appreciate your help.,HIGH,YES
MSG02396,What I received doesn't work at all. Let me know what you need from me.,LOW,YES
MSG02397,The item arrived broken. Let me know what you need from me.,MEDIUM,YES
MSG02398,It would be great if you added bulk export. Whenever you get a chance is fine. Appreciate your help.,HIGH,YES
MSG02399,Tracking hasn't updated in days. Would appreciate a response soon. Thanks.,MEDIUM,YES
MSG02400,The package showed up damaged. No rush at all. Thanks.,MEDIUM,NO
MSG02401,The package showed up damaged. Whenever you get a chance is fine. Thanks.,LOW,YES
MSG02402,Could you clarify something about my plan? This is urgent. Let me know what you need from me.,LOW,YES
MSG02403,Just wondering how my account works. Let me know what you need from me.,MEDIUM,NO
MSG02404,the package showed up damaged. not time-sensitive.,LOW,NO
MSG02405,I was charged twice this month. I contacted support about this last week too. Let me know what you need from me.,HIGH,YES
MSG02406,Quick question about the API. I've already emailed twice with no reply. Please treat this as high priority. Let me know what you need from me.,HIGH,NO
MSG02407,Could you clarify something about my plan? Thanks.,HIGH,YES
MSG02408,Your service has been down since last night. Let me know when you can. Thanks.,LOW,YES
MSG02409,I was charged twice this month. Please treat this as high priority. Appreciate your help.,MEDIUM,YES
MSG02410,i can't access the mobile app at all. let me know what you need from me.,HIGH,NO
MSG02411,tracking hasn't updated in days. thanks.,MEDIUM,YES
MSG02412,My invoice doesn't match what I agreed to. Let me know what you need from me.,HIGH,NO
MSG02413,The package showed up damaged. Whenever you get a chance is fine.,LOW,NO
MSG02414,Your service has been down since last night. Hoping to hear back this week. Appreciate your help.,LOW,NO
MSG02415,what i received doesn't work at all. hoping to hear back this week. appreciate your help.,MEDIUM,YES
MSG02416,Have you considered dark mode? Thanks.,HIGH,NO
MSG02417,I can't access the dashboard at all. I contacted support about this last week too. Let me know what you need from me.,HIGH,YES
MSG02418,What I received doesn't work at all. This is the second time I've reached out about this. Appreciate your help.,MEDIUM,YES
MSG02419,It would be great if you added bulk export. No rush at all. Thanks.,LOW,YES
MSG02420,There's a charge I don't recognize. Thanks.,HIGH,YES
MSG02421,My invoice doesn't match what I agreed to. No rush at all.,MEDIUM,NO
MSG02422,have you considered bulk export? not time-sensitive. thanks.,LOW,YES
MSG02423,My order still hasn't arrived. Not time-sensitive.,HIGH,YES
MSG02424,It would be great if you added SSO login. I need this resolved right away.,LOW,NO
MSG02425,i was charged twice this month. this is the second time i've reached out about this. not time-sensitive. appreciate your help.,MEDIUM,YES
MSG02426,My invoice doesn't match what I agreed to. This is the second time I've reached out about this. Let me know when you can. Thanks.,MEDIUM,YES
MSG02427,The delivery is way later than promised. Hoping to hear back this week. Thanks.,LOW,NO
MSG02428,My invoice doesn't match what I agreed to. Let me know what you need from me.,MEDIUM,NO
MSG02429,The item arrived broken. This is the second time I've reached out about this. I need this resolved right away. Let me know what you need from me.,MEDIUM,YES
MSG02430,The delivery is way later than promised. I've already emailed twice with no reply. Let me know what you need from me.,HIGH,NO
MSG02431,Your service has been down since yesterday. Would appreciate a response soon.,LOW,YES
MSG02432,It would be great if you added dark mode. Let me know what you need from me.,MEDIUM,YES
MSG02433,Could you clarify something about my plan? Thanks.,HIGH,YES
MSG02434,Could you clarify something about my plan? No rush at all. Let me know what you need from me.,LOW,NO
MSG02435,My invoice doesn't match what I agreed to. Thanks.,HIGH,YES
MSG02436,I can't access the API at all. I contacted support about this last week too. Let me know what you need from me.,HIGH,YES
MSG02437,my login keeps failing after the update. this is urgent. thanks.,HIGH,YES
MSG02438,Any chance a public API could be supported? This is urgent. Let me know what you need from me.,MEDIUM,YES
MSG02439,There's a charge I don't recognize. I need this resolved right away.,MEDIUM,YES
MSG02440,I was charged twice this month. I contacted support about this last week too. No rush at all. Let me know what you need from me.,HIGH,YES
MSG02441,The item arrived broken. This is urgent. Thanks.,HIGH,NO
MSG02442,Any chance usage alerts could be supported? Let me know what you need from me.,LOW,YES
MSG02443,The delivery is way later than promised. Whenever you get a chance is fine. Let me know what you need from me.,LOW,YES
MSG02444,Any chance a public API could be supported? This is the second time I've reached out about this. Please treat this as high priority.,MEDIUM,NO
MSG02445,Everything is offline on my end. Would appreciate a response soon. Appreciate your help.,HIGH,YES
MSG02446,There's a charge I don't recognize. Would appreciate a response soon. Appreciate your help.,MEDIUM,YES
MSG02447,There's a charge I don't recognize. Not time-sensitive. Thanks.,HIGH,YES
MSG02448,Tracking hasn't updated in days. Appreciate your help.,MEDIUM,YES
MSG02449,Could you clarify something about my plan? Let me know what you need from me.,MEDIUM,YES
MSG02450,It would be great if you added a public API. No rush at all.,HIGH,NO
MSG02451,Could you clarify something about my plan? No rush at all. Thanks.,MEDIUM,NO
MSG02452,Just wondering how the dashboard works. I've already emailed twice with no reply. Appreciate your help.,LOW,YES
MSG02453,Could you clarify something about my plan? This is the second time I've reached out about this. Thanks.,LOW,NO
MSG02454,Any chance dark mode could be supported? Please treat this as high priority.,LOW,YES
MSG02455,Everything is offline on my end. No rush at all.,HIGH,NO
MSG02456,it would be great if you added a public api. please treat this as high priority. thanks.,MEDIUM,YES
MSG02457,My invoice doesn't match what I agreed to. Not time-sensitive.,HIGH,YES
MSG02458,The package showed up damaged. I need this resolved right away.,MEDIUM,NO
MSG02459,i'm locked out of my account. i've already emailed twice with no reply. appreciate your help.,LOW,YES
MSG02460,my invoice doesn't match what i agreed to. would appreciate a response soon. appreciate your help.,LOW,YES
MSG02461,The item arrived broken. Let me know when you can. Thanks.,MEDIUM,NO
MSG02462,i'm locked out of my account. please treat this as high priority. appreciate your help.,HIGH,YES
MSG02463,My login keeps failing after the update. No rush at all.,MEDIUM,YES
MSG02464,just wondering how my account works. not time-sensitive. let me know what you need from me.,MEDIUM,NO
MSG02465,I can't sign in no matter what I try. This is the second time I've reached out about this. Would appreciate a response soon. Let me know what you need from me.,MEDIUM,YES
MSG02466,Your service has been down since this morning. Appreciate your help.,MEDIUM,NO
MSG02467,have you considered a public api? let me know when you can. thanks.,HIGH,YES
MSG02468,Your service has been down since last night. Whenever you get a chance is fine. Appreciate your help.,MEDIUM,YES
MSG02469,What I received doesn't work at all. This is urgent. Let me know what you need from me.,HIGH,NO
MSG02470,There's a charge I don't recognize. This is the second time I've reached out about this. Whenever you get a chance is fine. Let me know what you need from me.,HIGH,YES
MSG02471,My invoice doesn't match what I agreed to. Let me know what you need from me.,HIGH,NO
MSG02472,There's a charge I don't recognize. Please treat this as high priority. Thanks.,HIGH,YES
MSG02473,it would be great if you added usage alerts. this is the second time i've reached out about this. let me know when you can. thanks.,MEDIUM,NO
MSG02474,i can't access the api at all. thanks.,HIGH,NO
MSG02475,My login keeps failing after the update. No rush at all.,LOW,YES
MSG02476,There's a charge I don't recognize. Whenever you get a chance is fine. Thanks.,LOW,YES
MSG02477,Any chance bulk export could be supported? I've already emailed twice with no reply. Hoping to hear back this week. Appreciate your help.,HIGH,YES
MSG02478,Just wondering how my account works. Please treat this as high priority. Thanks.,MEDIUM,NO
MSG02479,Your service has been down since yesterday.,MEDIUM,NO
MSG02480,My login keeps failing after the update. Whenever you get a chance is fine. Thanks.,LOW,NO
MSG02481,my order still hasn't arrived. let me know what you need from me.,LOW,NO
MSG02482,Any chance usage alerts could be supported? Please treat this as high priority. Thanks.,HIGH,YES
MSG02483,My order still hasn't arrived. This is the second time I've reached out about this. Let me know what you need from me.,HIGH,YES
MSG02484,The item arrived broken. Whenever you get a chance is fine. Appreciate your help.,MEDIUM,NO
MSG02485,Tracking hasn't updated in days. Whenever you get a chance is fine. Let me know what you need from me.,MEDIUM,NO
MSG02486,Your service has been down since last night. Hoping to hear back this week.,HIGH,NO
MSG02487,There's a charge I don't recognize. This is the second time I've reached out about this. This is urgent. Appreciate your help.,HIGH,YES
MSG02488,My invoice doesn't match what I agreed to. Please treat this as high priority. Thanks.,HIGH,NO
MSG02489,The package showed up damaged. This is urgent. Thanks.,LOW,YES
MSG02490,My invoice doesn't match what I agreed to. Thanks.,MEDIUM,YES
MSG02491,My order still hasn't arrived. Not time-sensitive. Let me know what you need from me.,LOW,YES
MSG02492,I can't sign in no matter what I try. No rush at all. Thanks.,MEDIUM,YES
MSG02493,There's a charge I don't recognize. Let me know when you can. Let me know what you need from me.,MEDIUM,YES
MSG02494,have you considered a public api? whenever you get a chance is fine. appreciate your help.,LOW,NO
MSG02495,Just wondering how the billing portal works. Thanks.,LOW,NO
MSG02496,My login keeps failing after the update.,HIGH,YES
MSG02497,Everything is offline on my end. Whenever you get a chance is fine.,HIGH,YES
MSG02498,What I received doesn't work at all. Let me know what you need from me.,HIGH,NO
MSG02499,any chance bulk export could be supported? thanks.,LOW,NO
MSG02500,everything is offline on my end. this is urgent. let me know what you need from me.,HIGH,YES
MSG02501,Quick question about the mobile app. Not time-sensitive. Let me know what you need from me.,LOW,YES
MSG02502,The package showed up damaged. I contacted support about this last week too. Whenever you get a chance is fine. Appreciate your help.,HIGH,NO
MSG02503,My order still hasn't arrived. Not time-sensitive.,LOW,YES
MSG02504,Tracking hasn't updated in days. Not time-sensitive. Appreciate your help.,HIGH,NO
MSG02505,my login keeps failing after the update. this is urgent.,HIGH,NO
MSG02506,i can't sign in no matter what i try. thanks.,HIGH,YES
MSG02507,i was charged twice this month. let me know what you need from me.,HIGH,YES
MSG02508,My invoice doesn't match what I agreed to.,HIGH,YES
MSG02509,Could you clarify something about my plan?,MEDIUM,NO
MSG02510,i'm locked out of my account. not time-sensitive. thanks.,LOW,NO
MSG02511,The item arrived broken. Thanks.,HIGH,NO
MSG02512,my login keeps failing after the update. would appreciate a response soon. let me know what you need from me.,HIGH,YES
MSG02513,What I received doesn't work at all. Thanks.,HIGH,YES
MSG02514,Your service has been down since yesterday. No rush at all. Thanks.,HIGH,YES
MSG02515,I'm locked out of my account. Not time-sensitive. Appreciate your help.,MEDIUM,NO
MSG02516,My order still hasn't arrived. I've already emailed twice with no reply. Thanks.,MEDIUM,NO
MSG02517,My login keeps failing after the update. I contacted support about this last week too.,HIGH,YES
MSG02518,everything is offline on my end. not time-sensitive. appreciate your help.,HIGH,YES
MSG02519,Any chance a public API could be supported? Let me know what you need from me.,HIGH,NO
MSG02520,The item arrived broken. No rush at all. Appreciate your help.,LOW,NO
MSG02521,My login keeps failing after the update. Whenever you get a chance is fine.,MEDIUM,YES
MSG02522,I can't sign in no matter what I try. I contacted support about this last week too. Not time-sensitive. Appreciate your help.,HIGH,YES
MSG02523,My order still hasn't arrived. Not time-sensitive. Appreciate your help.,HIGH,NO
MSG02524,Could you clarify something about my plan? I've already emailed twice with no reply.,MEDIUM,NO
MSG02525,Just wondering how the API works. Please treat this as high priority. Let me know what you need from me.,HIGH,YES
MSG02526,I'm locked out of my account. Thanks.,HIGH,YES
MSG02527,My order still hasn't arrived. This is urgent. Appreciate your help.,MEDIUM,NO
MSG02528,I can't sign in no matter what I try. Thanks.,LOW,YES
MSG02529,The item arrived broken. Appreciate your help.,LOW,NO
MSG02530,Any chance dark mode could be supported? Appreciate your help.,LOW,NO
MSG02531,Everything is offline on my end. Not time-sensitive. Let me know what you need from me.,HIGH,NO
MSG02532,I was charged twice this month. Not time-sensitive. Appreciate your help.,MEDIUM,NO
MSG02533,Tracking hasn't updated in days. Please treat this as high priority. Appreciate your help.,MEDIUM,NO
MSG02534,Tracking hasn't updated in days. I need this resolved right away. Appreciate your help.,HIGH,YES
MSG02535,My invoice doesn't match what I agreed to. This is the second time I've reached out about this.,MEDIUM,YES
MSG02536,Have you considered usage alerts?,HIGH,NO
MSG02537,I can't sign in no matter what I try. I need this resolved right away. Let me know what you need from me.,HIGH,YES
MSG02538,My login keeps failing after the update. No rush at all. Thanks.,HIGH,YES
MSG02539,any chance usage alerts could be supported? let me know what you need from me.,MEDIUM,YES
MSG02540,just wondering how the dashboard works. appreciate your help.,MEDIUM,NO
MSG02541,My login keeps failing after the update. Appreciate your help.,HIGH,YES
MSG02542,the delivery is way later than promised. not time-sensitive.,HIGH,NO
MSG02543,What I received doesn't work at all. Hoping to hear back this week. Thanks.,LOW,NO
MSG02544,Everything is offline on my end. Let me know when you can. Let me know what you need from me.,HIGH,YES
MSG02545,I'm locked out of my account. This is urgent. Appreciate your help.,HIGH,YES
MSG02546,The package showed up damaged. Let me know when you can. Thanks.,MEDIUM,YES
MSG02547,i'm locked out of my account. thanks.,HIGH,YES
MSG02548,the item arrived broken. this is urgent.,HIGH,YES
MSG02549,Quick question about my account. I've already emailed twice with no reply. Please treat this as high priority.,MEDIUM,NO
MSG02550,It would be great if you added bulk export. This is urgent. Let me know what you need from me.,MEDIUM,NO
MSG02551,Your service has been down since yesterday. I need this resolved right away. Thanks.,LOW,YES
MSG02552,Have you considered usage alerts? I contacted support about this last week too. Thanks.,LOW,YES
MSG02553,What I received doesn't work at all. Whenever you get a chance is fine. Appreciate your help.,LOW,YES
MSG02554,Could you clarify something about my plan? I need this resolved right away. Let me know what you need from me.,MEDIUM,NO
MSG02555,quick question about my account. let me know when you can. appreciate your help.,MEDIUM,NO
MSG02556,Just wondering how the dashboard works. Let me know what you need from me.,LOW,YES
MSG02557,The item arrived broken. Appreciate your help.,MEDIUM,NO
MSG02558,I can't access the billing portal at all. This is the second time I've reached out about this. Not time-sensitive. Thanks.,MEDIUM,YES
MSG02559,What I received doesn't work at all. I contacted support about this last week too. Whenever you get a chance is fine. Appreciate your help.,HIGH,YES
MSG02560,The package showed up damaged. Please treat this as high priority. Appreciate your help.,HIGH,NO
MSG02561,My login keeps failing after the update. I need this resolved right away. Appreciate your help.,HIGH,YES
MSG02562,What I received doesn't work at all. Appreciate your help.,HIGH,YES
MSG02563,The package showed up damaged. Not time-sensitive. Thanks.,LOW,YES
MSG02564,My login keeps failing after the update. Would appreciate a response soon. Appreciate your help.,HIGH,NO
MSG02565,It would be great if you added dark mode. Let me know what you need from me.,MEDIUM,YES
MSG02566,i can't access the dashboard at all. thanks.,HIGH,YES
MSG02567,Tracking hasn't updated in days. I contacted support about this last week too. Let me know what you need from me.,LOW,YES
MSG02568,Could you clarify something about my plan? Not time-sensitive. Thanks.,MEDIUM,NO
MSG02569,I can't sign in no matter what I try. Whenever you get a chance is fine. Appreciate your help.,MEDIUM,YES
MSG02570,My order still hasn't arrived. I need this resolved right away. Let me know what you need from me.,MEDIUM,YES
MSG02571,Any chance bulk export could be supported? I've already emailed twice with no reply. Please treat this as high priority. Appreciate your help.,HIGH,NO
MSG02572,I'm locked out of my account. Let me know when you can. Let me know what you need from me.,HIGH,YES
MSG02573,My order still hasn't arrived. Would appreciate a response soon.,LOW,YES
MSG02574,The delivery is way later than promised. This is the second time I've reached out about this. Let me know when you can.,HIGH,YES
MSG02575,your service has been down since last night. i've already emailed twice with no reply. whenever you get a chance is fine. appreciate your help.,HIGH,YES
MSG02576,Your service has been down since last night. I contacted support about this last week too. Thanks.,HIGH,NO
MSG02577,Everything is offline on my end. This is the second time I've reached out about this. This is urgent. Thanks.,HIGH,YES
MSG02578,I can't sign in no matter what I try. Let me know when you can. Let me know what you need from me.,MEDIUM,YES
MSG02579,I was charged twice this month. I need this resolved right away. Thanks.,HIGH,YES
MSG02580,the delivery is way later than promised. please treat this as high priority. let me know what you need from me.,MEDIUM,YES
MSG02581,The item arrived broken. I've already emailed twice with no reply. Hoping to hear back this week. Thanks.,HIGH,YES
MSG02582,Have you considered usage alerts? This is urgent.,MEDIUM,NO
MSG02583,any chance dark mode could be supported? this is urgent. thanks.,LOW,YES
MSG02584,The package showed up damaged. I need this resolved right away. Let me know what you need from me.,HIGH,YES
MSG02585,Tracking hasn't updated in days. Would appreciate a response soon. Thanks.,HIGH,NO
MSG02586,My invoice doesn't match what I agreed to. Please treat this as high priority. Appreciate your help.,MEDIUM,YES
MSG02587,Everything is offline on my end.,HIGH,YES
MSG02588,What I received doesn't work at all. Please treat this as high priority. Let me know what you need from me.,MEDIUM,NO
MSG02589,Just wondering how the billing portal works. Please treat this as high priority. Appreciate your help.,MEDIUM,YES
MSG02590,There's a charge I don't recognize. Hoping to hear back this week. Thanks.,MEDIUM,YES
MSG02591,I was charged twice this month. Please treat this as high priority. Appreciate your help.,HIGH,YES
MSG02592,i can't access the mobile app at all. not time-sensitive. let me know what you need from me.,HIGH,YES
MSG02593,I can't access the dashboard at all. I've already emailed twice with no reply. This is urgent. Let me know what you need from me.,HIGH,NO
MSG02594,The package showed up damaged. Hoping to hear back this week.,HIGH,YES
MSG02595,Your service has been down since last night. This is urgent. Thanks.,HIGH,YES
MSG02596,Have you considered a public API? Let me know what you need from me.,LOW,NO
MSG02597,There's a charge I don't recognize.,LOW,NO
MSG02598,What I received doesn't work at all. I've already emailed twice with no reply. Appreciate your help.,HIGH,NO
MSG02599,The item arrived broken. Let me know what you need from me.,HIGH,YES
MSG02600,Your service has been down since this morning. No rush at all. Let me know what you need from me.,LOW,YES
MSG02601,The delivery is way later than promised. I contacted support about this last week too. Would appreciate a response soon. Thanks.,MEDIUM,NO
MSG02602,There's a charge I don't recognize. Please treat this as high priority.,HIGH,NO
MSG02603,The package showed up damaged. Not time-sensitive. Appreciate your help.,LOW,NO
MSG02604,the delivery is way later than promised. would appreciate a response soon. let me know what you need from me.,LOW,YES
MSG02605,Just wondering how my account works. Not time-sensitive.,LOW,NO
MSG02606,I'm locked out of my account.,HIGH,NO
MSG02607,it would be great if you added usage alerts. not time-sensitive. thanks.,LOW,NO
MSG02608,What I received doesn't work at all. Appreciate your help.,HIGH,YES
MSG02609,Everything is offline on my end. I've already emailed twice with no reply. Please treat this as high priority.,HIGH,YES
MSG02610,The delivery is way later than promised. Let me know when you can. Let me know what you need from me.,MEDIUM,YES
MSG02611,I can't sign in no matter what I try. Whenever you get a chance is fine.,HIGH,YES
MSG02612,quick question about the mobile app. no rush at all.,LOW,NO
MSG02613,The package showed up damaged. Please treat this as high priority. Thanks.,MEDIUM,YES
MSG02614,it would be great if you added bulk export. would appreciate a response soon. appreciate your help.,MEDIUM,YES
MSG02615,My order still hasn't arrived. This is the second time I've reached out about this. I need this resolved right away. Let me know what you need from me.,HIGH,NO
MSG02616,I can't access the dashboard at all. I contacted support about this last week too. Let me know what you need from me.,HIGH,NO
MSG02617,My invoice doesn't match what I agreed to. Thanks.,MEDIUM,YES
MSG02618,I can't sign in no matter what I try. Would appreciate a response soon. Appreciate your help.,HIGH,NO
MSG02619,My order still hasn't arrived. Thanks.,HIGH,YES
MSG02620,Tracking hasn't updated in days. I've already emailed twice with no reply. Thanks.,LOW,YES
MSG02621,What I received doesn't work at all.,MEDIUM,YES
MSG02622,I was charged twice this month. This is the second time I've reached out about this. Appreciate your help.,MEDIUM,YES
MSG02623,Everything is offline on my end. Let me know what you need from me.,LOW,YES
MSG02624,My order still hasn't arrived. Not time-sensitive. Thanks.,LOW,NO
MSG02625,I can't sign in no matter what I try. This is urgent. Thanks.,HIGH,YES
MSG02626,Have you considered a public API? Whenever you get a chance is fine. Let me know what you need from me.,HIGH,YES
MSG02627,What I received doesn't work at all. I need this resolved right away. Thanks.,HIGH,YES
MSG02628,Could you clarify something about my plan? I need this resolved right away. Thanks.,HIGH,NO
MSG02629,i can't sign in no matter what i try. please treat this as high priority. let me know what you need from me.,MEDIUM,YES
MSG02630,My login keeps failing after the update. Let me know what you need from me.,MEDIUM,NO
MSG02631,everything is offline on my end. whenever you get a chance is fine. appreciate your help.,MEDIUM,YES
MSG02632,i'm locked out of my account. let me know what you need from me.,MEDIUM,NO
MSG02633,I'm locked out of my account. Please treat this as high priority.,HIGH,YES
MSG02634,It would be great if you added usage alerts. Whenever you get a chance is fine. Thanks.,LOW,YES
MSG02635,There's a charge I don't recognize. Let me know what you need from me.,MEDIUM,NO
MSG02636,my invoice doesn't match what i agreed to. i've already emailed twice with no reply. hoping to hear back this week. let me know what you need from me.,HIGH,YES
MSG02637,There's a charge I don't recognize. I need this resolved right away.,HIGH,NO
MSG02638,Could you clarify something about my plan?,LOW,NO
MSG02639,Just wondering how my account works. Let me know when you can. Thanks.,LOW,YES
MSG02640,It would be great if you added usage alerts. Not time-sensitive. Appreciate your help.,LOW,NO
MSG02641,the item arrived broken. i contacted support about this last week too. not time-sensitive.,MEDIUM,NO
MSG02642,I can't sign in no matter what I try. Let me know when you can.,HIGH,YES
MSG02643,Could you clarify something about my plan? No rush at all. Thanks.,LOW,YES
MSG02644,The delivery is way later than promised. Let me know what you need from me.,HIGH,YES
MSG02645,I'm locked out of my account. I've already emailed twice with no reply. No rush at all. Appreciate your help.,HIGH,YES
MSG02646,Just wondering how the dashboard works. I contacted support about this last week too.,HIGH,NO
MSG02647,My order still hasn't arrived. Thanks.,HIGH,YES
MSG02648,My order still hasn't arrived.,LOW,YES
MSG02649,My order still hasn't arrived.,MEDIUM,NO
MSG02650,I was charged twice this month. I contacted support about this last week too. No rush at all. Appreciate your help.,HIGH,YES
MSG02651,The delivery is way later than promised. Not time-sensitive. Appreciate your help.,MEDIUM,NO
MSG02652,Quick question about the mobile app. Not time-sensitive. Appreciate your help.,LOW,YES
MSG02653,Your service has been down since about an hour ago. This is the second time I've reached out about this. Thanks.,HIGH,YES
MSG02654,I can't access the API at all. No rush at all. Let me know what you need from me.,MEDIUM,NO
MSG02655,The delivery is way later than promised. Hoping to hear back this week.,LOW,YES
MSG02656,My invoice doesn't match what I agreed to. Not time-sensitive. Let me know what you need from me.,MEDIUM,YES
MSG02657,Your service has been down since about an hour ago. This is the second time I've reached out about this. Thanks.,HIGH,YES
MSG02658,just wondering how the api works. let me know when you can.,LOW,NO
MSG02659,What I received doesn't work at all. This is the second time I've reached out about this. Not time-sensitive. Appreciate your help.,HIGH,YES
MSG02660,The package showed up damaged. Thanks.,MEDIUM,YES
MSG02661,I can't sign in no matter what I try. Not time-sensitive.,HIGH,YES
MSG02662,Any chance dark mode could be supported? This is the second time I've reached out about this. Let me know when you can. Appreciate your help.,HIGH,NO
MSG02663,I was charged twice this month. I've already emailed twice with no reply. Appreciate your help.,LOW,NO
MSG02664,Your service has been down since last night. Please treat this as high priority. Thanks.,HIGH,YES
MSG02665,The package showed up damaged. No rush at all.,LOW,NO
MSG02666,I was charged twice this month. I've already emailed twice with no reply. Let me know what you need from me.,MEDIUM,YES
MSG02667,just wondering how the dashboard works. this is urgent. appreciate your help.,MEDIUM,YES
MSG02668,I'm locked out of my account. Let me know when you can. Let me know what you need from me.,LOW,YES
MSG02669,The delivery is way later than promised. Let me know what you need from me.,HIGH,YES
MSG02670,just wondering how the api works. no rush at all.,MEDIUM,YES
MSG02671,the package showed up damaged. would appreciate a response soon. thanks.,HIGH,YES
MSG02672,Your service has been down since yesterday. Not time-sensitive.,HIGH,NO
MSG02673,I can't sign in no matter what I try. I need this resolved right away. Thanks.,HIGH,YES
MSG02674,My login keeps failing after the update. I've already emailed twice with no reply. I need this resolved right away. Let me know what you need from me.,HIGH,NO
MSG02675,i'm locked out of my account.,LOW,YES
MSG02676,have you considered sso login? please treat this as high priority. appreciate your help.,LOW,YES
MSG02677,My order still hasn't arrived. I need this resolved right away. Appreciate your help.,HIGH,YES
MSG02678,The package showed up damaged.,HIGH,YES
MSG02679,The package showed up damaged. Let me know when you can. Thanks.,HIGH,YES
MSG02680,your service has been down since this morning. whenever you get a chance is fine. let me know what you need from me.,HIGH,YES
MSG02681,Your service has been down since about an hour ago. Hoping to hear back this week. Let me know what you need from me.,HIGH,NO
MSG02682,Just wondering how the dashboard works. Whenever you get a chance is fine. Thanks.,LOW,NO
MSG02683,Could you clarify something about my plan? Hoping to hear back this week. Appreciate your help.,LOW,NO
MSG02684,I can't sign in no matter what I try. Hoping to hear back this week. Thanks.,HIGH,NO
MSG02685,There's a charge I don't recognize. Not time-sensitive. Appreciate your help.,MEDIUM,YES
MSG02686,I was charged twice this month. Thanks.,HIGH,NO
MSG02687,It would be great if you added usage alerts. Appreciate your help.,LOW,NO
MSG02688,My invoice doesn't match what I agreed to. I've already emailed twice with no reply.,HIGH,YES
MSG02689,I'm locked out of my account. I need this resolved right away.,HIGH,YES
MSG02690,I'm locked out of my account. Would appreciate a response soon. Thanks.,HIGH,YES
MSG02691,There's a charge I don't recognize. Thanks.,MEDIUM,YES
MSG02692,i'm locked out of my account. thanks.,HIGH,YES
MSG02693,I can't access the billing portal at all. Let me know what you need from me.,LOW,NO
MSG02694,Could you clarify something about my plan?,LOW,NO
MSG02695,My order still hasn't arrived. Thanks.,MEDIUM,NO
MSG02696,have you considered sso login? this is the second time i've reached out about this. no rush at all. let me know what you need from me.,LOW,NO
MSG02697,Everything is offline on my end. Let me know when you can. Thanks.,HIGH,YES
MSG02698,Quick question about the billing portal. I contacted support about this last week too. Appreciate your help.,MEDIUM,NO
MSG02699,Your service has been down since this morning. I contacted support about this last week too. Would appreciate a response soon. Let me know what you need from me.,HIGH,YES
MSG02700,My invoice doesn't match what I agreed to. Appreciate your help.,MEDIUM,YES
MSG02701,My login keeps failing after the update. This is the second time I've reached out about this.,MEDIUM,YES
MSG02702,The delivery is way later than promised.,MEDIUM,YES
MSG02703,The item arrived broken. I need this resolved right away. Let me know what you need from me.,HIGH,NO
MSG02704,Just wondering how the mobile app works. This is urgent. Let me know what you need from me.,MEDIUM,NO
MSG02705,The package showed up damaged. Not time-sensitive. Let me know what you need from me.,LOW,NO
MSG02706,My invoice doesn't match what I agreed to. Would appreciate a response soon. Thanks.,LOW,NO
MSG02707,I can't sign in no matter what I try. Let me know what you need from me.,HIGH,NO
MSG02708,I can't access the API at all. I contacted support about this last week too. No rush at all. Appreciate your help.,MEDIUM,YES
MSG02709,My login keeps failing after the update. No rush at all.,HIGH,NO
MSG02710,Tracking hasn't updated in days.,MEDIUM,NO
MSG02711,It would be great if you added dark mode. No rush at all. Thanks.,LOW,NO
MSG02712,Your service has been down since last night. No rush at all. Appreciate your help.,MEDIUM,NO
MSG02713,The delivery is way later than promised. Let me know what you need from me.,LOW,NO
MSG02714,there's a charge i don't recognize. please treat this as high priority. let me know what you need from me.,MEDIUM,NO
MSG02715,the package showed up damaged. i've already emailed twice with no reply. appreciate your help.,MEDIUM,YES
MSG02716,Quick question about the API. Whenever you get a chance is fine.,LOW,YES
MSG02717,The package showed up damaged. Let me know when you can. Thanks.,MEDIUM,YES
MSG02718,it would be great if you added usage alerts. would appreciate a response soon. let me know what you need from me.,LOW,YES
MSG02719,It would be great if you added usage alerts. I've already emailed twice with no reply. Let me know what you need from me.,MEDIUM,YES
MSG02720,my login keeps failing after the update. let me know what you need from me.,HIGH,NO
MSG02721,Just wondering how my account works. Please treat this as high priority.,MEDIUM,NO
MSG02722,Everything is offline on my end. Let me know what you need from me.,LOW,YES
MSG02723,The item arrived broken. Please treat this as high priority.,HIGH,YES
MSG02724,My order still hasn't arrived. Appreciate your help.,MEDIUM,NO
MSG02725,Quick question about my account. No rush at all.,LOW,NO
MSG02726,I'm locked out of my account. I need this resolved right away. Appreciate your help.,HIGH,YES
MSG02727,Any chance bulk export could be supported? Appreciate your help.,LOW,YES
MSG02728,Tracking hasn't updated in days. I contacted support about this last week too. Let me know what you need from me.,MEDIUM,NO
MSG02729,The item arrived broken. Hoping to hear back this week. Let me know what you need from me.,LOW,YES
MSG02730,Have you considered bulk export? Thanks.,MEDIUM,YES
MSG02731,Everything is offline on my end. Hoping to hear back this week. Let me know what you need from me.,HIGH,YES
MSG02732,Could you clarify something about my plan? Hoping to hear back this week. Let me know what you need from me.,LOW,NO
MSG02733,My order still hasn't arrived. Let me know what you need from me.,LOW,NO
MSG02734,my order still hasn't arrived. would appreciate a response soon. let me know what you need from me.,HIGH,NO
MSG02735,i can't sign in no matter what i try. this is urgent. let me know what you need from me.,LOW,NO
MSG02736,Could you clarify something about my plan? Not time-sensitive. Thanks.,LOW,NO
MSG02737,Your service has been down since this morning. This is urgent. Appreciate your help.,HIGH,YES
MSG02738,The package showed up damaged. This is urgent. Thanks.,HIGH,YES
MSG02739,Quick question about the API.,LOW,YES
MSG02740,What I received doesn't work at all. Would appreciate a response soon. Appreciate your help.,HIGH,YES
MSG02741,The delivery is way later than promised. Let me know what you need from me.,HIGH,YES
MSG02742,My invoice doesn't match what I agreed to. This is urgent.,HIGH,YES
MSG02743,I can't sign in no matter what I try. This is urgent. Let me know what you need from me.,HIGH,YES
MSG02744,My login keeps failing after the update. Appreciate your help.,MEDIUM,NO
MSG02745,My order still hasn't arrived. Not time-sensitive.,LOW,YES
MSG02746,Just wondering how my account works. This is urgent. Thanks.,HIGH,NO
MSG02747,My login keeps failing after the update.,HIGH,YES
MSG02748,Have you considered bulk export? Thanks.,LOW,NO
MSG02749,what i received doesn't work at all. i contacted support about this last week too. would appreciate a response soon.,MEDIUM,YES
MSG02750,I'm locked out of my account. Not time-sensitive. Appreciate your help.,HIGH,YES
MSG02751,The delivery is way later than promised. Thanks.,LOW,NO
MSG02752,Just wondering how the API works. No rush at all. Appreciate your help.,MEDIUM,NO
MSG02753,Have you considered bulk export? This is urgent. Thanks.,HIGH,NO
MSG02754,I can't sign in no matter what I try.,HIGH,YES
MSG02755,My order still hasn't arrived. Thanks.,MEDIUM,YES
MSG02756,I was charged twice this month.,HIGH,NO
MSG02757,There's a charge I don't recognize. Not time-sensitive. Let me know what you need from me.,LOW,YES
MSG02758,I was charged twice this month. Appreciate your help.,HIGH,YES
MSG02759,My order still hasn't arrived. I've already emailed twice with no reply. Let me know when you can.,HIGH,YES
MSG02760,There's a charge I don't recognize. Not time-sensitive. Thanks.,HIGH,NO
MSG02761,the delivery is way later than promised. let me know when you can.,HIGH,YES
MSG02762,I can't sign in no matter what I try. Let me know what you need from me.,HIGH,YES
MSG02763,Quick question about the API. Thanks.,MEDIUM,NO
MSG02764,Everything is offline on my end. Not time-sensitive. Let me know what you need from me.,MEDIUM,NO
MSG02765,There's a charge I don't recognize. Not time-sensitive. Appreciate your help.,HIGH,YES
MSG02766,there's a charge i don't recognize. would appreciate a response soon. let me know what you need from me.,HIGH,NO
MSG02767,What I received doesn't work at all. I need this resolved right away.,HIGH,YES
MSG02768,Could you clarify something about my plan? Please treat this as high priority. Thanks.,MEDIUM,YES
MSG02769,My login keeps failing after the update. Whenever you get a chance is fine. Let me know what you need from me.,MEDIUM,YES
MSG02770,I'm locked out of my account. This is urgent. Let me know what you need from me.,HIGH,YES
MSG02771,Have you considered a public API? I've already emailed twice with no reply. Thanks.,MEDIUM,NO
MSG02772,I'm locked out of my account. Appreciate your help.,MEDIUM,NO
MSG02773,Tracking hasn't updated in days. Appreciate your help.,MEDIUM,YES
MSG02774,I'm locked out of my account. Hoping to hear back this week. Let me know what you need from me.,LOW,YES
MSG02775,What I received doesn't work at all. Whenever you get a chance is fine.,LOW,YES
MSG02776,what i received doesn't work at all. i need this resolved right away.,HIGH,NO
MSG02777,Everything is offline on my end. This is the second time I've reached out about this. Let me know when you can. Appreciate your help.,HIGH,YES
MSG02778,It would be great if you added bulk export. Thanks.,MEDIUM,NO
MSG02779,The item arrived broken. Appreciate your help.,LOW,NO
MSG02780,just wondering how the api works. thanks.,HIGH,NO
MSG02781,It would be great if you added a public API. This is urgent.,MEDIUM,YES
MSG02782,The item arrived broken. Whenever you get a chance is fine.,LOW,YES
MSG02783,Any chance SSO login could be supported? Not time-sensitive. Let me know what you need from me.,LOW,NO
MSG02784,The package showed up damaged. This is the second time I've reached out about this. Appreciate your help.,HIGH,YES
MSG02785,Your service has been down since this morning. Hoping to hear back this week.,MEDIUM,YES
MSG02786,My invoice doesn't match what I agreed to. This is the second time I've reached out about this. Not time-sensitive. Appreciate your help.,MEDIUM,YES
MSG02787,There's a charge I don't recognize. Let me know when you can.,HIGH,NO
MSG02788,Could you clarify something about my plan? Not time-sensitive. Thanks.,MEDIUM,NO
MSG02789,What I received doesn't work at all. Would appreciate a response soon.,MEDIUM,NO
MSG02790,Any chance usage alerts could be supported? Not time-sensitive.,MEDIUM,YES
MSG02791,My invoice doesn't match what I agreed to. I've already emailed twice with no reply. No rush at all. Thanks.,HIGH,YES
MSG02792,What I received doesn't work at all. Let me know when you can.,MEDIUM,YES
MSG02793,what i received doesn't work at all.,HIGH,YES
MSG02794,My invoice doesn't match what I agreed to.,LOW,YES
MSG02795,I'm locked out of my account. Whenever you get a chance is fine. Appreciate your help.,HIGH,YES
MSG02796,What I received doesn't work at all. I need this resolved right away. Thanks.,HIGH,YES
MSG02797,It would be great if you added SSO login. Not time-sensitive. Let me know what you need from me.,MEDIUM,NO
MSG02798,the item arrived broken. this is urgent. thanks.,HIGH,YES
MSG02799,My invoice doesn't match what I agreed to. Let me know what you need from me.,HIGH,YES
MSG02800,Have you considered SSO login? Whenever you get a chance is fine. Appreciate your help.,LOW,NO
MSG02801,Tracking hasn't updated in days. Hoping to hear back this week. Thanks.,MEDIUM,NO
MSG02802,What I received doesn't work at all. Would appreciate a response soon.,MEDIUM,NO
MSG02803,Tracking hasn't updated in days. Thanks.,MEDIUM,NO
MSG02804,Just wondering how the mobile app works. No rush at all. Appreciate your help.,LOW,NO
MSG02805,The delivery is way later than promised. Thanks.,HIGH,YES
MSG02806,My login keeps failing after the update. Would appreciate a response soon. Appreciate your help.,HIGH,NO
MSG02807,My order still hasn't arrived. Appreciate your help.,LOW,YES
MSG02808,my invoice doesn't match what i agreed to. please treat this as high priority. thanks.,MEDIUM,NO
MSG02809,It would be great if you added a public API. This is urgent. Let me know what you need from me.,MEDIUM,YES
MSG02810,just wondering how my account works. whenever you get a chance is fine. thanks.,LOW,YES
MSG02811,The package showed up damaged. Thanks.,LOW,YES
MSG02812,Any chance bulk export could be supported?,LOW,NO
MSG02813,The package showed up damaged. This is the second time I've reached out about this. Appreciate your help.,LOW,YES
MSG02814,I can't sign in no matter what I try. I need this resolved right away. Let me know what you need from me.,MEDIUM,YES
MSG02815,Your service has been down since last night. No rush at all. Thanks.,HIGH,YES
MSG02816,I was charged twice this month. I need this resolved right away.,HIGH,YES
MSG02817,Quick question about the dashboard. Thanks.,LOW,NO
MSG02818,My login keeps failing after the update. Not time-sensitive.,LOW,YES
MSG02819,I can't sign in no matter what I try. Please treat this as high priority.,HIGH,YES
MSG02820,Have you considered usage alerts? Thanks.,HIGH,NO
MSG02821,My order still hasn't arrived. I've already emailed twice with no reply. Please treat this as high priority. Appreciate your help.,HIGH,NO
MSG02822,there's a charge i don't recognize. would appreciate a response soon. thanks.,HIGH,YES
MSG02823,It would be great if you added bulk export. I need this resolved right away. Appreciate your help.,HIGH,YES
MSG02824,Tracking hasn't updated in days. Please treat this as high priority. Thanks.,HIGH,YES
MSG02825,The delivery is way later than promised. Please treat this as high priority. Let me know what you need from me.,MEDIUM,YES
MSG02826,My invoice doesn't match what I agreed to. I contacted support about this last week too. Let me know when you can. Thanks.,HIGH,NO
MSG02827,Your service has been down since this morning. I need this resolved right away. Let me know what you need from me.,HIGH,NO
MSG02828,I can't sign in no matter what I try. Would appreciate a response soon. Appreciate your help.,HIGH,NO
MSG02829,I was charged twice this month. Whenever you get a chance is fine.,LOW,YES
MSG02830,Any chance dark mode could be supported? This is the second time I've reached out about this. Hoping to hear back this week.,LOW,YES
MSG02831,I was charged twice this month. Please treat this as high priority. Thanks.,LOW,YES
MSG02832,i was charged twice this month. let me know what you need from me.,HIGH,NO
MSG02833,Your service has been down since yesterday. This is urgent. Appreciate your help.,MEDIUM,YES
MSG02834,Tracking hasn't updated in days. Hoping to hear back this week. Let me know what you need from me.,MEDIUM,NO
MSG02835,The item arrived broken. Appreciate your help.,HIGH,YES
MSG02836,I can't access the dashboard at all. Would appreciate a response soon. Let me know what you need from me.,MEDIUM,YES
MSG02837,My invoice doesn't match what I agreed to. Appreciate your help.,LOW,YES
MSG02838,Just wondering how the API works. This is urgent. Let me know what you need from me.,HIGH,NO
MSG02839,any chance bulk export could be supported? whenever you get a chance is fine. appreciate your help.,LOW,NO
MSG02840,Your service has been down since yesterday. Thanks.,MEDIUM,YES
MSG02841,The item arrived broken. I contacted support about this last week too. No rush at all.,HIGH,NO
MSG02842,It would be great if you added SSO login. No rush at all. Thanks.,HIGH,NO
MSG02843,The delivery is way later than promised. No rush at all. Thanks.,HIGH,YES
MSG02844,my login keeps failing after the update. i need this resolved right away. let me know what you need from me.,HIGH,YES
MSG02845,There's a charge I don't recognize. Please treat this as high priority. Let me know what you need from me.,MEDIUM,YES
MSG02846,The item arrived broken. Not time-sensitive.,LOW,YES
MSG02847,My invoice doesn't match what I agreed to. Appreciate your help.,MEDIUM,YES
MSG02848,Have you considered bulk export? Whenever you get a chance is fine. Let me know what you need from me.,MEDIUM,NO
MSG02849,Tracking hasn't updated in days. This is the second time I've reached out about this. Not time-sensitive. Thanks.,LOW,YES
MSG02850,I'm locked out of my account. Please treat this as high priority. Appreciate your help.,HIGH,YES
MSG02851,I'm locked out of my account. Let me know what you need from me.,HIGH,YES
MSG02852,Your service has been down since last night. I need this resolved right away. Thanks.,HIGH,YES
MSG02853,My invoice doesn't match what I agreed to. This is the second time I've reached out about this. Thanks.,HIGH,YES
MSG02854,The delivery is way later than promised. Hoping to hear back this week. Let me know what you need from me.,HIGH,NO
MSG02855,Quick question about the API. Please treat this as high priority.,HIGH,NO
MSG02856,My login keeps failing after the update. I need this resolved right away. Appreciate your help.,MEDIUM,YES
MSG02857,Quick question about my account. Not time-sensitive. Appreciate your help.,MEDIUM,YES
MSG02858,The delivery is way later than promised.,LOW,YES
MSG02859,There's a charge I don't recognize. Let me know when you can. Appreciate your help.,HIGH,NO
MSG02860,The package showed up damaged. Thanks.,HIGH,YES
MSG02861,what i received doesn't work at all. let me know what you need from me.,LOW,YES
MSG02862,Just wondering how the mobile app works. Thanks.,LOW,NO
MSG02863,Quick question about the billing portal. Whenever you get a chance is fine. Thanks.,LOW,NO
MSG02864,I can't access the dashboard at all. Let me know what you need from me.,HIGH,NO
MSG02865,I was charged twice this month. Let me know what you need from me.,LOW,NO
MSG02866,The item arrived broken. No rush at all. Let me know what you need from me.,MEDIUM,YES
MSG02867,It would be great if you added usage alerts. Would appreciate a response soon. Thanks.,LOW,YES
MSG02868,Just wondering how the billing portal works. I need this resolved right away. Let me know what you need from me.,HIGH,YES
MSG02869,It would be great if you added a public API. Let me know what you need from me.,HIGH,NO
MSG02870,Your service has been down since about an hour ago. Thanks.,HIGH,YES
MSG02871,Everything is offline on my end. I've already emailed twice with no reply. Thanks.,HIGH,YES
MSG02872,The package showed up damaged. I contacted support about this last week too. This is urgent. Thanks.,HIGH,NO
MSG02873,Have you considered usage alerts? Thanks.,MEDIUM,NO
MSG02874,The package showed up damaged.,HIGH,YES
MSG02875,Your service has been down since this morning. Not time-sensitive. Appreciate your help.,MEDIUM,YES
MSG02876,It would be great if you added dark mode. Let me know what you need from me.,MEDIUM,NO
MSG02877,i can't sign in no matter what i try. i contacted support about this last week too. appreciate your help.,HIGH,NO
MSG02878,What I received doesn't work at all. Let me know what you need from me.,HIGH,YES
MSG02879,My invoice doesn't match what I agreed to. Thanks.,HIGH,NO
MSG02880,What I received doesn't work at all. No rush at all. Appreciate your help.,HIGH,NO
MSG02881,Tracking hasn't updated in days. I contacted support about this last week too. Thanks.,HIGH,YES
MSG02882,My order still hasn't arrived. Appreciate your help.,LOW,NO
MSG02883,I was charged twice this month. Whenever you get a chance is fine. Thanks.,HIGH,NO
MSG02884,My login keeps failing after the update. Whenever you get a chance is fine. Let me know what you need from me.,HIGH,YES
MSG02885,my login keeps failing after the update. let me know what you need from me.,HIGH,YES
MSG02886,There's a charge I don't recognize. This is urgent.,HIGH,YES
MSG02887,Have you considered a public API? Let me know when you can. Let me know what you need from me.,HIGH,YES
MSG02888,What I received doesn't work at all. Whenever you get a chance is fine.,HIGH,NO
MSG02889,Everything is offline on my end. Hoping to hear back this week.,HIGH,NO
MSG02890,Just wondering how the billing portal works. I've already emailed twice with no reply. Thanks.,MEDIUM,NO
MSG02891,I'm locked out of my account. Hoping to hear back this week.,MEDIUM,YES
MSG02892,Have you considered dark mode? I contacted support about this last week too. No rush at all. Let me know what you need from me.,LOW,YES
MSG02893,Everything is offline on my end.,HIGH,NO
MSG02894,I can't sign in no matter what I try. Thanks.,HIGH,YES
MSG02895,Any chance SSO login could be supported? No rush at all. Thanks.,HIGH,YES
MSG02896,What I received doesn't work at all.,HIGH,YES
MSG02897,Just wondering how the API works. Not time-sensitive.,LOW,NO
MSG02898,Any chance a public API could be supported? Appreciate your help.,LOW,NO
MSG02899,My invoice doesn't match what I agreed to. Hoping to hear back this week. Appreciate your help.,HIGH,YES
MSG02900,My login keeps failing after the update. Let me know what you need from me.,HIGH,YES
MSG02901,tracking hasn't updated in days. appreciate your help.,HIGH,YES
MSG02902,Tracking hasn't updated in days.,LOW,YES
MSG02903,Tracking hasn't updated in days. Thanks.,HIGH,NO
MSG02904,Your service has been down since about an hour ago. This is urgent. Let me know what you need from me.,HIGH,YES
MSG02905,The package showed up damaged. This is urgent. Appreciate your help.,HIGH,YES
MSG02906,My order still hasn't arrived. Whenever you get a chance is fine. Let me know what you need from me.,MEDIUM,YES
MSG02907,Just wondering how the mobile app works. Thanks.,MEDIUM,NO
MSG02908,Just wondering how the billing portal works. Please treat this as high priority.,MEDIUM,YES
MSG02909,Any chance a public API could be supported? I contacted support about this last week too. I need this resolved right away. Thanks.,HIGH,YES
MSG02910,I was charged twice this month. Would appreciate a response soon. Thanks.,HIGH,YES
MSG02911,My invoice doesn't match what I agreed to. Let me know what you need from me.,HIGH,YES
MSG02912,Tracking hasn't updated in days. Let me know what you need from me.,MEDIUM,YES
MSG02913,Just wondering how the API works. Would appreciate a response soon.,LOW,NO
MSG02914,My invoice doesn't match what I agreed to. Whenever you get a chance is fine. Let me know what you need from me.,LOW,YES
MSG02915,Your service has been down since about an hour ago. Please treat this as high priority. Let me know what you need from me.,HIGH,YES
MSG02916,My order still hasn't arrived. I need this resolved right away. Thanks.,MEDIUM,YES
MSG02917,I can't access the billing portal at all. Thanks.,HIGH,YES
MSG02918,I'm locked out of my account. This is the second time I've reached out about this. Let me know what you need from me.,HIGH,YES
MSG02919,The item arrived broken. Not time-sensitive. Let me know what you need from me.,LOW,YES
MSG02920,I was charged twice this month. No rush at all. Appreciate your help.,LOW,NO
MSG02921,What I received doesn't work at all. No rush at all. Let me know what you need from me.,LOW,NO
MSG02922,Tracking hasn't updated in days. Appreciate your help.,HIGH,YES
MSG02923,The package showed up damaged. Let me know when you can.,HIGH,NO
MSG02924,My order still hasn't arrived. Let me know when you can. Appreciate your help.,HIGH,NO
MSG02925,The delivery is way later than promised. This is the second time I've reached out about this. Appreciate your help.,LOW,YES
MSG02926,It would be great if you added usage alerts. Not time-sensitive. Let me know what you need from me.,MEDIUM,NO
MSG02927,I'm locked out of my account. Whenever you get a chance is fine. Appreciate your help.,HIGH,YES
MSG02928,There's a charge I don't recognize. Would appreciate a response soon.,HIGH,YES
MSG02929,The package showed up damaged. This is urgent. Appreciate your help.,MEDIUM,YES
MSG02930,Everything is offline on my end. No rush at all. Appreciate your help.,MEDIUM,YES
MSG02931,Have you considered a public API? Hoping to hear back this week. Let me know what you need from me.,HIGH,NO
MSG02932,i can't access the billing portal at all. i need this resolved right away. appreciate your help.,HIGH,YES
MSG02933,I was charged twice this month. Would appreciate a response soon. Thanks.,LOW,NO
MSG02934,there's a charge i don't recognize. please treat this as high priority. let me know what you need from me.,LOW,YES
MSG02935,My order still hasn't arrived.,HIGH,NO
MSG02936,The package showed up damaged. Appreciate your help.,MEDIUM,NO
MSG02937,The delivery is way later than promised. This is the second time I've reached out about this. Not time-sensitive. Let me know what you need from me.,MEDIUM,YES
MSG02938,Your service has been down since about an hour ago. Hoping to hear back this week. Let me know what you need from me.,MEDIUM,NO
MSG02939,Have you considered dark mode? Let me know when you can. Thanks.,HIGH,YES
MSG02940,i can't access the dashboard at all. would appreciate a response soon. appreciate your help.,HIGH,NO
MSG02941,There's a charge I don't recognize. Please treat this as high priority.,MEDIUM,NO
MSG02942,Any chance SSO login could be supported? Let me know what you need from me.,HIGH,YES
MSG02943,There's a charge I don't recognize. Let me know what you need from me.,LOW,YES
MSG02944,I'm locked out of my account. Appreciate your help.,MEDIUM,NO
MSG02945,Have you considered a public API? I need this resolved right away. Thanks.,LOW,YES
MSG02946,The delivery is way later than promised. I need this resolved right away. Let me know what you need from me.,LOW,NO
MSG02947,Any chance a public API could be supported? I've already emailed twice with no reply.,MEDIUM,NO
MSG02948,Tracking hasn't updated in days. Whenever you get a chance is fine.,LOW,YES
MSG02949,I was charged twice this month. Please treat this as high priority. Let me know what you need from me.,MEDIUM,YES
MSG02950,It would be great if you added dark mode. Hoping to hear back this week.,MEDIUM,NO
MSG02951,Just wondering how the billing portal works. This is the second time I've reached out about this. Thanks.,LOW,YES
MSG02952,My login keeps failing after the update. Hoping to hear back this week. Appreciate your help.,LOW,YES
MSG02953,Your service has been down since about an hour ago. Appreciate your help.,MEDIUM,NO
MSG02954,Could you clarify something about my plan? Would appreciate a response soon. Let me know what you need from me.,LOW,YES
MSG02955,I can't sign in no matter what I try. Let me know what you need from me.,HIGH,YES
MSG02956,I can't sign in no matter what I try. Would appreciate a response soon. Let me know what you need from me.,HIGH,YES
MSG02957,Quick question about my account. Not time-sensitive. Thanks.,LOW,NO
MSG02958,It would be great if you added usage alerts. No rush at all. Appreciate your help.,LOW,NO
MSG02959,I was charged twice this month. Let me know when you can. Appreciate your help.,HIGH,YES
MSG02960,my invoice doesn't match what i agreed to. i've already emailed twice with no reply. whenever you get a chance is fine. thanks.,HIGH,YES
MSG02961,your service has been down since about an hour ago. let me know when you can. appreciate your help.,HIGH,YES
MSG02962,Any chance dark mode could be supported? This is urgent. Let me know what you need from me.,MEDIUM,NO
MSG02963,The package showed up damaged. Please treat this as high priority. Let me know what you need from me.,HIGH,NO
MSG02964,It would be great if you added SSO login. Not time-sensitive. Appreciate your help.,MEDIUM,YES
MSG02965,Your service has been down since this morning. No rush at all.,HIGH,YES
MSG02966,The item arrived broken. This is urgent. Appreciate your help.,LOW,NO
MSG02967,The package showed up damaged. This is the second time I've reached out about this. Hoping to hear back this week. Let me know what you need from me.,MEDIUM,NO
MSG02968,Could you clarify something about my plan? Appreciate your help.,MEDIUM,NO
MSG02969,My invoice doesn't match what I agreed to. Whenever you get a chance is fine.,LOW,NO
MSG02970,i'm locked out of my account. appreciate your help.,HIGH,YES
MSG02971,My invoice doesn't match what I agreed to. I've already emailed twice with no reply. Appreciate your help.,LOW,NO
MSG02972,The item arrived broken. I contacted support about this last week too. Hoping to hear back this week. Let me know what you need from me.,MEDIUM,YES
MSG02973,I can't sign in no matter what I try. Appreciate your help.,HIGH,YES
MSG02974,Your service has been down since this morning. This is the second time I've reached out about this. Hoping to hear back this week.,HIGH,NO
MSG02975,The item arrived broken. I've already emailed twice with no reply. This is urgent. Thanks.,HIGH,YES
MSG02976,Everything is offline on my end. I need this resolved right away. Thanks.,LOW,YES
MSG02977,My login keeps failing after the update. Would appreciate a response soon. Let me know what you need from me.,LOW,YES
MSG02978,Could you clarify something about my plan? Appreciate your help.,HIGH,NO
MSG02979,Any chance bulk export could be supported? I need this resolved right away.,MEDIUM,YES
MSG02980,Any chance a public API could be supported? I've already emailed twice with no reply. Not time-sensitive.,LOW,YES
MSG02981,Could you clarify something about my plan? I've already emailed twice with no reply. Appreciate your help.,MEDIUM,YES
MSG02982,There's a charge I don't recognize. Hoping to hear back this week.,LOW,NO
MSG02983,Any chance usage alerts could be supported? Appreciate your help.,LOW,YES
MSG02984,Have you considered SSO login? I need this resolved right away.,MEDIUM,YES
MSG02985,Tracking hasn't updated in days. Let me know what you need from me.,HIGH,YES
MSG02986,Quick question about the billing portal. I contacted support about this last week too. Please treat this as high priority. Let me know what you need from me.,HIGH,YES
MSG02987,Your service has been down since last night. I've already emailed twice with no reply. Let me know what you need from me.,HIGH,NO
MSG02988,My login keeps failing after the update. Would appreciate a response soon. Let me know what you need from me.,HIGH,NO
MSG02989,I can't sign in no matter what I try. Not time-sensitive. Let me know what you need from me.,LOW,NO
MSG02990,what i received doesn't work at all. this is the second time i've reached out about this. please treat this as high priority. appreciate your help.,MEDIUM,NO
MSG02991,Just wondering how the dashboard works. Not time-sensitive.,MEDIUM,YES
MSG02992,I'm locked out of my account. This is the second time I've reached out about this. This is urgent. Let me know what you need from me.,HIGH,YES
MSG02993,I can't access the API at all. Would appreciate a response soon. Thanks.,HIGH,NO
MSG02994,Could you clarify something about my plan? Let me know when you can. Let me know what you need from me.,MEDIUM,NO
MSG02995,Any chance SSO login could be supported? I've already emailed twice with no reply. Hoping to hear back this week. Thanks.,HIGH,YES
MSG02996,What I received doesn't work at all. I've already emailed twice with no reply. Would appreciate a response soon. Let me know what you need from me.,HIGH,YES
MSG02997,I was charged twice this month. Let me know what you need from me.,MEDIUM,YES
MSG02998,Tracking hasn't updated in days. No rush at all. Appreciate your help.,LOW,YES
MSG02999,Everything is offline on my end. Let me know when you can. Let me know what you need from me.,HIGH,YES
MSG03000,My login keeps failing after the update. No rush at all. Let me know what you need from me.,MEDIUM,YES
MSG03001,Could you clarify something about my plan?,LOW,NO
MSG03002,There's a charge I don't recognize. Let me know when you can. Let me know what you need from me.,HIGH,NO
MSG03003,I can't sign in no matter what I try. Whenever you get a chance is fine. Let me know what you need from me.,HIGH,NO
MSG03004,Could you clarify something about my plan? Let me know what you need from me.,LOW,NO
MSG03005,my order still hasn't arrived. this is urgent. thanks.,HIGH,YES
MSG03006,It would be great if you added bulk export. Let me know what you need from me.,LOW,NO
MSG03007,Everything is offline on my end. This is urgent. Let me know what you need from me.,HIGH,YES
MSG03008,Just wondering how the API works. Not time-sensitive.,MEDIUM,YES
MSG03009,I'm locked out of my account. Whenever you get a chance is fine. Let me know what you need from me.,HIGH,YES
MSG03010,my order still hasn't arrived. appreciate your help.,HIGH,YES
MSG03011,There's a charge I don't recognize. Thanks.,LOW,NO
MSG03012,Could you clarify something about my plan? This is the second time I've reached out about this. Would appreciate a response soon. Let me know what you need from me.,HIGH,YES
MSG03013,My invoice doesn't match what I agreed to. No rush at all. Thanks.,HIGH,NO
MSG03014,Could you clarify something about my plan? Let me know what you need from me.,MEDIUM,NO
MSG03015,I can't sign in no matter what I try. Whenever you get a chance is fine. Appreciate your help.,LOW,NO
MSG03016,It would be great if you added usage alerts. Let me know what you need from me.,HIGH,NO
MSG03017,The delivery is way later than promised. I've already emailed twice with no reply. Appreciate your help.,HIGH,NO
MSG03018,The item arrived broken. Please treat this as high priority.,MEDIUM,NO
MSG03019,It would be great if you added bulk export. Please treat this as high priority. Appreciate your help.,MEDIUM,YES
MSG03020,What I received doesn't work at all. No rush at all. Appreciate your help.,HIGH,NO
MSG03021,I'm locked out of my account. Whenever you get a chance is fine. Let me know what you need from me.,MEDIUM,NO
MSG03022,My order still hasn't arrived. Whenever you get a chance is fine. Appreciate your help.,LOW,YES
MSG03023,I can't access the dashboard at all. Would appreciate a response soon.,HIGH,YES
MSG03024,Could you clarify something about my plan? I contacted support about this last week too. Thanks.,LOW,NO
MSG03025,Quick question about the mobile app. No rush at all. Appreciate your help.,LOW,NO
MSG03026,My order still hasn't arrived. I need this resolved right away.,HIGH,YES
MSG03027,Your service has been down since yesterday. Let me know what you need from me.,MEDIUM,YES
MSG03028,I was charged twice this month. I've already emailed twice with no reply. Would appreciate a response soon. Let me know what you need from me.,HIGH,YES
MSG03029,My order still hasn't arrived. Would appreciate a response soon.,HIGH,NO
MSG03030,I was charged twice this month. Please treat this as high priority.,HIGH,NO
MSG03031,I'm locked out of my account. Let me know what you need from me.,MEDIUM,NO
MSG03032,My order still hasn't arrived. Thanks.,LOW,YES
MSG03033,Everything is offline on my end. No rush at all. Thanks.,LOW,YES
MSG03034,My login keeps failing after the update. No rush at all. Appreciate your help.,HIGH,YES
MSG03035,Just wondering how the billing portal works. I contacted support about this last week too. Please treat this as high priority. Thanks.,LOW,YES
MSG03036,your service has been down since this morning. no rush at all. let me know what you need from me.,HIGH,YES
MSG03037,The item arrived broken. Appreciate your help.,HIGH,YES
MSG03038,My login keeps failing after the update. Let me know when you can. Let me know what you need from me.,HIGH,NO
MSG03039,I can't access the API at all. No rush at all. Appreciate your help.,HIGH,YES
MSG03040,the delivery is way later than promised. thanks.,LOW,YES
MSG03041,There's a charge I don't recognize. Hoping to hear back this week. Thanks.,LOW,YES
MSG03042,Any chance a public API could be supported? Thanks.,HIGH,YES
MSG03043,my order still hasn't arrived. no rush at all. let me know what you need from me.,MEDIUM,YES
MSG03044,Just wondering how the API works. Hoping to hear back this week. Appreciate your help.,MEDIUM,YES
MSG03045,The delivery is way later than promised. Please treat this as high priority. Appreciate your help.,HIGH,NO
MSG03046,What I received doesn't work at all. This is urgent. Thanks.,HIGH,YES
MSG03047,Have you considered usage alerts? I need this resolved right away. Appreciate your help.,LOW,YES
MSG03048,Quick question about the API. This is the second time I've reached out about this. Whenever you get a chance is fine.,HIGH,YES
MSG03049,My invoice doesn't match what I agreed to. No rush at all.,LOW,YES
MSG03050,I was charged twice this month. Let me know what you need from me.,HIGH,NO
MSG03051,My login keeps failing after the update. This is urgent. Appreciate your help.,MEDIUM,NO
MSG03052,My order still hasn't arrived. Let me know what you need from me.,MEDIUM,NO
MSG03053,My order still hasn't arrived. I contacted support about this last week too. Whenever you get a chance is fine. Thanks.,MEDIUM,NO
MSG03054,the delivery is way later than promised.,HIGH,YES
MSG03055,Your service has been down since last night. I've already emailed twice with no reply. Appreciate your help.,HIGH,NO
MSG03056,What I received doesn't work at all.,HIGH,YES
MSG03057,my login keeps failing after the update. i need this resolved right away. thanks.,HIGH,YES
MSG03058,Your service has been down since yesterday. Whenever you get a chance is fine. Let me know what you need from me.,HIGH,YES
MSG03059,Tracking hasn't updated in days. I contacted support about this last week too. Appreciate your help.,LOW,NO
MSG03060,My login keeps failing after the update. Would appreciate a response soon. Appreciate your help.,MEDIUM,NO
MSG03061,Everything is offline on my end. This is the second time I've reached out about this. Hoping to hear back this week. Thanks.,LOW,YES
MSG03062,The delivery is way later than promised. No rush at all. Thanks.,LOW,YES
MSG03063,It would be great if you added bulk export. Let me know what you need from me.,MEDIUM,YES
MSG03064,The item arrived broken. Would appreciate a response soon.,HIGH,NO
MSG03065,My invoice doesn't match what I agreed to. I contacted support about this last week too. Hoping to hear back this week.,MEDIUM,YES
MSG03066,My order still hasn't arrived. Let me know when you can. Thanks.,HIGH,NO
MSG03067,I was charged twice this month. Not time-sensitive.,HIGH,NO
MSG03068,Your service has been down since this morning. Not time-sensitive. Let me know what you need from me.,HIGH,YES
MSG03069,There's a charge I don't recognize. This is urgent. Appreciate your help.,HIGH,NO
MSG03070,It would be great if you added dark mode. I contacted support about this last week too. Appreciate your help.,HIGH,YES
MSG03071,The item arrived broken. I need this resolved right away.,LOW,NO
MSG03072,I was charged twice this month. Let me know when you can. Appreciate your help.,HIGH,YES
MSG03073,I'm locked out of my account. I've already emailed twice with no reply. Would appreciate a response soon. Appreciate your help.,HIGH,NO
MSG03074,Any chance a public API could be supported? Appreciate your help.,LOW,YES
MSG03075,Tracking hasn't updated in days. This is the second time I've reached out about this. Let me know when you can. Let me know what you need from me.,HIGH,YES
MSG03076,Your service has been down since yesterday. I need this resolved right away.,HIGH,NO
MSG03077,What I received doesn't work at all. Let me know what you need from me.,MEDIUM,NO
MSG03078,Could you clarify something about my plan? Let me know when you can.,LOW,NO
MSG03079,Quick question about the mobile app.,MEDIUM,NO
MSG03080,Just wondering how the billing portal works.,LOW,NO
MSG03081,Just wondering how the mobile app works. Please treat this as high priority. Let me know what you need from me.,LOW,YES
MSG03082,I can't access the mobile app at all. Let me know what you need from me.,MEDIUM,NO
MSG03083,my invoice doesn't match what i agreed to. appreciate your help.,LOW,NO
MSG03084,The item arrived broken. Let me know when you can. Appreciate your help.,LOW,NO
MSG03085,What I received doesn't work at all. No rush at all. Thanks.,MEDIUM,NO
MSG03086,Tracking hasn't updated in days. Would appreciate a response soon. Thanks.,HIGH,YES
MSG03087,Any chance SSO login could be supported? Thanks.,LOW,YES
MSG03088,what i received doesn't work at all. thanks.,LOW,NO
MSG03089,everything is offline on my end. this is the second time i've reached out about this. thanks.,HIGH,YES
MSG03090,There's a charge I don't recognize. Appreciate your help.,LOW,NO
MSG03091,There's a charge I don't recognize. Thanks.,LOW,NO
MSG03092,There's a charge I don't recognize. Let me know when you can.,HIGH,YES
MSG03093,It would be great if you added SSO login. Thanks.,HIGH,YES
MSG03094,The item arrived broken. Whenever you get a chance is fine. Thanks.,HIGH,YES
MSG03095,Any chance SSO login could be supported? Appreciate your help.,MEDIUM,NO
MSG03096,Could you clarify something about my plan? I contacted support about this last week too. Appreciate your help.,LOW,YES
MSG03097,Everything is offline on my end. Let me know what you need from me.,HIGH,YES
MSG03098,Have you considered SSO login? I need this resolved right away.,LOW,YES
MSG03099,i'm locked out of my account. no rush at all. thanks.,HIGH,NO
MSG03100,The item arrived broken. Thanks.,HIGH,NO
MSG03101,The package showed up damaged. Appreciate your help.,MEDIUM,YES
MSG03102,my login keeps failing after the update. no rush at all. let me know what you need from me.,HIGH,NO
MSG03103,Tracking hasn't updated in days. Let me know what you need from me.,HIGH,YES
MSG03104,It would be great if you added usage alerts. Not time-sensitive.,LOW,YES
MSG03105,I was charged twice this month. I need this resolved right away.,LOW,YES
MSG03106,There's a charge I don't recognize. This is urgent. Let me know what you need from me.,LOW,YES
MSG03107,Tracking hasn't updated in days. Please treat this as high priority.,LOW,YES
MSG03108,Your service has been down since last night. Would appreciate a response soon. Thanks.,HIGH,NO
MSG03109,There's a charge I don't recognize. I need this resolved right away. Thanks.,HIGH,YES
MSG03110,Could you clarify something about my plan? Appreciate your help.,LOW,YES
MSG03111,Your service has been down since this morning. I contacted support about this last week too. Hoping to hear back this week.,HIGH,YES
MSG03112,Have you considered usage alerts? This is the second time I've reached out about this. Would appreciate a response soon. Thanks.,MEDIUM,YES
MSG03113,I can't sign in no matter what I try. I've already emailed twice with no reply. Hoping to hear back this week. Thanks.,HIGH,YES
MSG03114,It would be great if you added dark mode. Thanks.,MEDIUM,YES
MSG03115,my order still hasn't arrived. please treat this as high priority. thanks.,MEDIUM,NO
MSG03116,My invoice doesn't match what I agreed to. This is the second time I've reached out about this. Whenever you get a chance is fine. Appreciate your help.,LOW,NO
MSG03117,I'm locked out of my account. Would appreciate a response soon. Appreciate your help.,HIGH,YES
MSG03118,my invoice doesn't match what i agreed to. appreciate your help.,LOW,NO
MSG03119,My order still hasn't arrived. I need this resolved right away. Appreciate your help.,HIGH,NO
MSG03120,Any chance SSO login could be supported? I need this resolved right away. Thanks.,HIGH,YES
MSG03121,I'm locked out of my account.,LOW,YES
MSG03122,I can't access the dashboard at all. I contacted support about this last week too. Would appreciate a response soon.,HIGH,YES
MSG03123,the delivery is way later than promised. appreciate your help.,HIGH,YES
MSG03124,Everything is offline on my end. No rush at all. Thanks.,HIGH,YES
MSG03125,What I received doesn't work at all. This is urgent.,HIGH,YES
MSG03126,Everything is offline on my end. Whenever you get a chance is fine. Appreciate your help.,HIGH,YES
MSG03127,My order still hasn't arrived. Thanks.,MEDIUM,NO
MSG03128,I'm locked out of my account. Not time-sensitive. Appreciate your help.,HIGH,YES
MSG03129,just wondering how the dashboard works. no rush at all. thanks.,MEDIUM,YES
MSG03130,I'm locked out of my account. Let me know when you can.,HIGH,YES
MSG03131,Tracking hasn't updated in days. Hoping to hear back this week. Thanks.,LOW,YES
MSG03132,My login keeps failing after the update. Whenever you get a chance is fine. Thanks.,LOW,YES
MSG03133,My invoice doesn't match what I agreed to. I need this resolved right away. Let me know what you need from me.,HIGH,NO
MSG03134,My invoice doesn't match what I agreed to. Appreciate your help.,HIGH,YES
MSG03135,It would be great if you added a public API. Please treat this as high priority. Let me know what you need from me.,MEDIUM,NO
MSG03136,Everything is offline on my end. No rush at all.,LOW,NO
MSG03137,i'm locked out of my account. no rush at all. let me know what you need from me.,HIGH,YES
MSG03138,There's a charge I don't recognize. Not time-sensitive.,LOW,YES
MSG03139,The item arrived broken. Whenever you get a chance is fine. Let me know what you need from me.,HIGH,YES
MSG03140,Your service has been down since yesterday. Whenever you get a chance is fine. Appreciate your help.,MEDIUM,NO
MSG03141,there's a charge i don't recognize.,HIGH,YES
MSG03142,Just wondering how my account works.,HIGH,YES
MSG03143,Tracking hasn't updated in days. Not time-sensitive. Thanks.,LOW,YES
MSG03144,Have you considered usage alerts? Thanks.,HIGH,YES
MSG03145,My invoice doesn't match what I agreed to. Appreciate your help.,MEDIUM,YES
MSG03146,quick question about the api. appreciate your help.,LOW,YES
MSG03147,Could you clarify something about my plan? Not time-sensitive. Appreciate your help.,MEDIUM,NO
MSG03148,I can't sign in no matter what I try. No rush at all. Appreciate your help.,HIGH,YES
MSG03149,Any chance bulk export could be supported? No rush at all. Let me know what you need from me.,MEDIUM,NO
MSG03150,My invoice doesn't match what I agreed to. Would appreciate a response soon.,HIGH,NO
MSG03151,Quick question about the API. This is the second time I've reached out about this. This is urgent. Appreciate your help.,HIGH,NO
MSG03152,I can't sign in no matter what I try. I contacted support about this last week too. I need this resolved right away. Let me know what you need from me.,MEDIUM,YES
MSG03153,Everything is offline on my end. I've already emailed twice with no reply. Appreciate your help.,MEDIUM,NO
MSG03154,There's a charge I don't recognize. Let me know what you need from me.,LOW,YES
MSG03155,It would be great if you added a public API. Whenever you get a chance is fine.,LOW,YES
MSG03156,Any chance a public API could be supported? Thanks.,LOW,YES
MSG03157,The delivery is way later than promised. No rush at all.,HIGH,YES
MSG03158,I'm locked out of my account. I've already emailed twice with no reply. Please treat this as high priority. Thanks.,LOW,YES
MSG03159,Have you considered dark mode? Appreciate your help.,MEDIUM,NO
MSG03160,I can't sign in no matter what I try. I've already emailed twice with no reply. Whenever you get a chance is fine. Let me know what you need from me.,LOW,YES
MSG03161,I can't sign in no matter what I try. Would appreciate a response soon. Let me know what you need from me.,HIGH,YES
MSG03162,I can't sign in no matter what I try. I need this resolved right away. Thanks.,HIGH,YES
MSG03163,I can't access the billing portal at all. This is the second time I've reached out about this. Would appreciate a response soon.,HIGH,YES
MSG03164,my login keeps failing after the update. thanks.,HIGH,NO
MSG03165,The item arrived broken. Appreciate your help.,HIGH,YES
MSG03166,Just wondering how the API works. Let me know what you need from me.,MEDIUM,YES
MSG03167,i can't sign in no matter what i try. not time-sensitive. let me know what you need from me.,LOW,NO
MSG03168,Quick question about the billing portal. No rush at all. Thanks.,LOW,NO
MSG03169,My invoice doesn't match what I agreed to. Hoping to hear back this week. Let me know what you need from me.,MEDIUM,YES
MSG03170,There's a charge I don't recognize. Appreciate your help.,LOW,NO
MSG03171,I can't sign in no matter what I try. Whenever you get a chance is fine. Thanks.,LOW,YES
MSG03172,The delivery is way later than promised. Thanks.,HIGH,NO
MSG03173,i can't access my account at all. let me know when you can. appreciate your help.,MEDIUM,YES
MSG03174,Could you clarify something about my plan? Thanks.,HIGH,NO
MSG03175,It would be great if you added a public API. I've already emailed twice with no reply. This is urgent. Let me know what you need from me.,LOW,YES
MSG03176,The package showed up damaged.,HIGH,YES
MSG03177,My order still hasn't arrived. This is the second time I've reached out about this. Hoping to hear back this week. Thanks.,MEDIUM,YES
MSG03178,I'm locked out of my account. No rush at all. Thanks.,LOW,NO
MSG03179,I can't sign in no matter what I try. Would appreciate a response soon. Let me know what you need from me.,HIGH,YES
MSG03180,I'm locked out of my account. Not time-sensitive.,HIGH,YES
MSG03181,Tracking hasn't updated in days. Would appreciate a response soon.,HIGH,YES
MSG03182,There's a charge I don't recognize. Thanks.,LOW,YES
MSG03183,I can't sign in no matter what I try. Please treat this as high priority. Let me know what you need from me.,HIGH,NO
MSG03184,The package showed up damaged. No rush at all. Appreciate your help.,LOW,NO
MSG03185,Could you clarify something about my plan? Not time-sensitive. Let me know what you need from me.,MEDIUM,NO
MSG03186,tracking hasn't updated in days. no rush at all. thanks.,HIGH,YES
MSG03187,my login keeps failing after the update. this is urgent. appreciate your help.,HIGH,YES
MSG03188,Your service has been down since last night. Would appreciate a response soon. Appreciate your help.,MEDIUM,NO
MSG03189,My invoice doesn't match what I agreed to. Appreciate your help.,HIGH,NO
MSG03190,It would be great if you added usage alerts. Not time-sensitive. Thanks.,HIGH,YES
MSG03191,My login keeps failing after the update. Let me know when you can. Thanks.,HIGH,YES
MSG03192,I can't sign in no matter what I try. Whenever you get a chance is fine. Thanks.,HIGH,NO
MSG03193,What I received doesn't work at all. Would appreciate a response soon.,HIGH,YES
MSG03194,Everything is offline on my end. Hoping to hear back this week. Appreciate your help.,MEDIUM,YES
MSG03195,Everything is offline on my end. I've already emailed twice with no reply. This is urgent. Thanks.,HIGH,NO
MSG03196,There's a charge I don't recognize. I've already emailed twice with no reply. I need this resolved right away. Thanks.,HIGH,YES
MSG03197,I can't access my account at all. Let me know what you need from me.,MEDIUM,YES
MSG03198,The item arrived broken.,LOW,YES
MSG03199,I can't access the mobile app at all. Let me know what you need from me.,MEDIUM,NO
MSG03200,there's a charge i don't recognize. whenever you get a chance is fine. thanks.,LOW,YES
MSG03201,I'm locked out of my account. No rush at all. Let me know what you need from me.,LOW,NO
MSG03202,Have you considered a public API? This is urgent.,LOW,NO
MSG03203,Your service has been down since this morning. Thanks.,HIGH,YES
MSG03204,Could you clarify something about my plan? Would appreciate a response soon. Let me know what you need from me.,MEDIUM,YES
MSG03205,My order still hasn't arrived. Whenever you get a chance is fine.,MEDIUM,YES
MSG03206,The delivery is way later than promised. Let me know when you can. Appreciate your help.,LOW,NO
MSG03207,There's a charge I don't recognize. This is urgent. Appreciate your help.,LOW,YES
MSG03208,Your service has been down since yesterday. Let me know what you need from me.,HIGH,YES
MSG03209,My login keeps failing after the update. Whenever you get a chance is fine. Let me know what you need from me.,LOW,YES
MSG03210,Could you clarify something about my plan?,LOW,YES
MSG03211,Could you clarify something about my plan? This is urgent. Let me know what you need from me.,HIGH,NO
MSG03212,Have you considered a public API? This is the second time I've reached out about this. Appreciate your help.,LOW,YES
MSG03213,It would be great if you added a public API. Would appreciate a response soon. Let me know what you need from me.,HIGH,YES
MSG03214,Quick question about the API. Thanks.,LOW,NO
MSG03215,There's a charge I don't recognize. I've already emailed twice with no reply. Would appreciate a response soon. Appreciate your help.,HIGH,YES
MSG03216,My login keeps failing after the update. Let me know when you can. Thanks.,MEDIUM,YES
MSG03217,Quick question about the mobile app. I've already emailed twice with no reply. Whenever you get a chance is fine. Thanks.,HIGH,NO
MSG03218,My order still hasn't arrived. Appreciate your help.,MEDIUM,NO
MSG03219,I can't access my account at all. Let me know when you can.,LOW,YES
MSG03220,my order still hasn't arrived. appreciate your help.,LOW,YES
MSG03221,Everything is offline on my end. Would appreciate a response soon.,MEDIUM,YES
MSG03222,My invoice doesn't match what I agreed to. Whenever you get a chance is fine. Appreciate your help.,MEDIUM,NO
MSG03223,There's a charge I don't recognize. Hoping to hear back this week. Appreciate your help.,HIGH,YES
MSG03224,Your service has been down since yesterday.,HIGH,YES
MSG03225,The delivery is way later than promised. Let me know when you can.,MEDIUM,YES
MSG03226,Any chance usage alerts could be supported? Let me know when you can. Thanks.,LOW,NO
MSG03227,The delivery is way later than promised.,HIGH,YES
MSG03228,It would be great if you added bulk export. Not time-sensitive. Let me know what you need from me.,MEDIUM,NO
MSG03229,What I received doesn't work at all. This is urgent. Thanks.,HIGH,YES
MSG03230,My order still hasn't arrived. No rush at all.,HIGH,NO
MSG03231,I was charged twice this month. Appreciate your help.,MEDIUM,NO
MSG03232,Tracking hasn't updated in days. Thanks.,MEDIUM,NO
MSG03233,There's a charge I don't recognize. No rush at all. Thanks.,MEDIUM,NO
MSG03234,The delivery is way later than promised. Thanks.,HIGH,YES
MSG03235,My order still hasn't arrived. Appreciate your help.,MEDIUM,NO
MSG03236,could you clarify something about my plan? please treat this as high priority. let me know what you need from me.,LOW,YES
MSG03237,Tracking hasn't updated in days. Whenever you get a chance is fine.,LOW,NO
MSG03238,My invoice doesn't match what I agreed to.,HIGH,YES
MSG03239,Everything is offline on my end. I need this resolved right away. Appreciate your help.,MEDIUM,YES
MSG03240,Have you considered bulk export? I've already emailed twice with no reply. I need this resolved right away. Let me know what you need from me.,MEDIUM,YES
MSG03241,I can't sign in no matter what I try. I've already emailed twice with no reply. Appreciate your help.,HIGH,NO
MSG03242,I can't access the dashboard at all. Hoping to hear back this week.,LOW,NO
MSG03243,My invoice doesn't match what I agreed to. I've already emailed twice with no reply. Let me know what you need from me.,LOW,YES
MSG03244,everything is offline on my end. thanks.,LOW,YES
MSG03245,My order still hasn't arrived. This is the second time I've reached out about this. Thanks.,MEDIUM,YES
MSG03246,i can't sign in no matter what i try. i've already emailed twice with no reply. no rush at all. appreciate your help.,HIGH,NO
MSG03247,What I received doesn't work at all. Hoping to hear back this week. Thanks.,HIGH,YES
MSG03248,The package showed up damaged. Let me know what you need from me.,HIGH,NO
MSG03249,I was charged twice this month. Appreciate your help.,HIGH,YES
MSG03250,Could you clarify something about my plan? Appreciate your help.,LOW,YES
MSG03251,My invoice doesn't match what I agreed to. I need this resolved right away.,HIGH,YES
MSG03252,The item arrived broken. Let me know what you need from me.,MEDIUM,YES
MSG03253,Could you clarify something about my plan? I contacted support about this last week too. Hoping to hear back this week.,LOW,NO
MSG03254,There's a charge I don't recognize. This is urgent. Let me know what you need from me.,MEDIUM,YES
MSG03255,The package showed up damaged. Please treat this as high priority. Appreciate your help.,HIGH,NO
MSG03256,Tracking hasn't updated in days. I need this resolved right away.,MEDIUM,NO
MSG03257,quick question about the billing portal. would appreciate a response soon. let me know what you need from me.,LOW,NO
MSG03258,I can't sign in no matter what I try. Let me know what you need from me.,LOW,NO
MSG03259,could you clarify something about my plan? would appreciate a response soon. appreciate your help.,MEDIUM,NO
MSG03260,Quick question about the mobile app.,MEDIUM,NO
MSG03261,The item arrived broken. Would appreciate a response soon. Appreciate your help.,HIGH,NO
MSG03262,It would be great if you added bulk export. Appreciate your help.,HIGH,NO
MSG03263,What I received doesn't work at all. Hoping to hear back this week. Appreciate your help.,LOW,YES
MSG03264,Quick question about the billing portal. Let me know what you need from me.,LOW,NO
MSG03265,It would be great if you added usage alerts. This is the second time I've reached out about this. Appreciate your help.,HIGH,YES
MSG03266,I can't sign in no matter what I try. I need this resolved right away.,HIGH,YES
MSG03267,I was charged twice this month. Whenever you get a chance is fine.,HIGH,NO
MSG03268,Tracking hasn't updated in days. Let me know what you need from me.,MEDIUM,NO
MSG03269,Have you considered a public API? No rush at all. Appreciate your help.,HIGH,NO
MSG03270,My invoice doesn't match what I agreed to. Thanks.,LOW,YES
MSG03271,The delivery is way later than promised. I need this resolved right away. Appreciate your help.,HIGH,NO
MSG03272,Just wondering how my account works. Let me know when you can. Thanks.,LOW,YES
MSG03273,My order still hasn't arrived. Let me know what you need from me.,LOW,YES
MSG03274,there's a charge i don't recognize. i've already emailed twice with no reply. let me know what you need from me.,HIGH,YES
MSG03275,What I received doesn't work at all. Hoping to hear back this week.,HIGH,YES
MSG03276,I can't sign in no matter what I try.,LOW,NO
MSG03277,The item arrived broken. Hoping to hear back this week. Thanks.,HIGH,NO
MSG03278,My login keeps failing after the update. I contacted support about this last week too.,HIGH,YES
MSG03279,Any chance bulk export could be supported? Thanks.,LOW,NO
MSG03280,Have you considered usage alerts? I need this resolved right away. Appreciate your help.,MEDIUM,YES
MSG03281,I'm locked out of my account. Please treat this as high priority.,HIGH,YES
MSG03282,Your service has been down since this morning. This is urgent.,HIGH,YES
MSG03283,The item arrived broken. This is the second time I've reached out about this. Would appreciate a response soon. Appreciate your help.,MEDIUM,NO
MSG03284,My login keeps failing after the update. Let me know what you need from me.,HIGH,YES
MSG03285,Have you considered bulk export? Not time-sensitive. Appreciate your help.,LOW,NO
MSG03286,What I received doesn't work at all. Whenever you get a chance is fine.,LOW,NO
MSG03287,Any chance a public API could be supported? Please treat this as high priority. Let me know what you need from me.,LOW,YES
MSG03288,everything is offline on my end. thanks.,MEDIUM,YES
MSG03289,The package showed up damaged. Whenever you get a chance is fine. Appreciate your help.,MEDIUM,NO
MSG03290,I can't sign in no matter what I try. Let me know what you need from me.,HIGH,YES
MSG03291,My order still hasn't arrived. This is urgent.,LOW,YES
MSG03292,the item arrived broken. i contacted support about this last week too. this is urgent.,HIGH,YES
MSG03293,my invoice doesn't match what i agreed to. whenever you get a chance is fine. thanks.,HIGH,YES
MSG03294,Could you clarify something about my plan? Appreciate your help.,LOW,YES
MSG03295,Just wondering how the billing portal works. Not time-sensitive.,LOW,YES
MSG03296,Could you clarify something about my plan? I've already emailed twice with no reply. Hoping to hear back this week.,LOW,NO
MSG03297,Could you clarify something about my plan? Would appreciate a response soon.,MEDIUM,YES
MSG03298,Tracking hasn't updated in days. I contacted support about this last week too.,HIGH,YES
MSG03299,Have you considered bulk export? Would appreciate a response soon.,LOW,NO
MSG03300,I'm locked out of my account.,MEDIUM,YES
MSG03301,What I received doesn't work at all. I need this resolved right away. Thanks.,HIGH,YES
MSG03302,Just wondering how the mobile app works. Thanks.,LOW,NO
MSG03303,The item arrived broken. Not time-sensitive. Appreciate your help.,MEDIUM,NO
MSG03304,What I received doesn't work at all. Not time-sensitive. Appreciate your help.,MEDIUM,NO
MSG03305,I can't sign in no matter what I try. Hoping to hear back this week.,HIGH,YES
MSG03306,Quick question about the mobile app. Would appreciate a response soon.,LOW,NO
MSG03307,My invoice doesn't match what I agreed to. This is urgent. Thanks.,HIGH,YES
MSG03308,I'm locked out of my account. I contacted support about this last week too. Let me know what you need from me.,HIGH,NO
MSG03309,Tracking hasn't updated in days.,LOW,NO
MSG03310,I can't sign in no matter what I try. Thanks.,MEDIUM,YES
MSG03311,I'm locked out of my account. Hoping to hear back this week. Let me know what you need from me.,MEDIUM,YES
MSG03312,my order still hasn't arrived. thanks.,LOW,NO
MSG03313,Your service has been down since this morning. Would appreciate a response soon.,HIGH,YES
MSG03314,It would be great if you added dark mode. Whenever you get a chance is fine. Thanks.,LOW,YES
MSG03315,Have you considered SSO login? This is urgent.,HIGH,YES
MSG03316,I can't sign in no matter what I try. This is urgent. Let me know what you need from me.,HIGH,YES
MSG03317,The package showed up damaged. Hoping to hear back this week. Appreciate your help.,LOW,YES
MSG03318,The item arrived broken. Appreciate your help.,MEDIUM,NO
MSG03319,the item arrived broken. this is the second time i've reached out about this. this is urgent. appreciate your help.,HIGH,YES
MSG03320,My invoice doesn't match what I agreed to. I contacted support about this last week too. Not time-sensitive. Let me know what you need from me.,MEDIUM,YES
MSG03321,have you considered a public api? i've already emailed twice with no reply. hoping to hear back this week. appreciate your help.,HIGH,NO
MSG03322,just wondering how the billing portal works. not time-sensitive.,LOW,YES
MSG03323,The item arrived broken. Let me know what you need from me.,HIGH,YES
MSG03324,just wondering how my account works. i need this resolved right away. let me know what you need from me.,HIGH,NO
MSG03325,there's a charge i don't recognize. no rush at all.,MEDIUM,YES
MSG03326,I can't sign in no matter what I try.,HIGH,YES
MSG03327,Have you considered bulk export? Appreciate your help.,LOW,NO
MSG03328,The package showed up damaged. Would appreciate a response soon.,HIGH,YES
MSG03329,Any chance a public API could be supported? Would appreciate a response soon. Appreciate your help.,LOW,YES
MSG03330,Everything is offline on my end. No rush at all. Let me know what you need from me.,HIGH,YES
MSG03331,The package showed up damaged. Whenever you get a chance is fine. Let me know what you need from me.,MEDIUM,NO
MSG03332,The package showed up damaged. Thanks.,LOW,YES
MSG03333,There's a charge I don't recognize. I've already emailed twice with no reply. No rush at all. Thanks.,HIGH,YES
MSG03334,I'm locked out of my account. I've already emailed twice with no reply. Not time-sensitive. Let me know what you need from me.,HIGH,YES
MSG03335,Everything is offline on my end. Whenever you get a chance is fine.,HIGH,NO
MSG03336,my order still hasn't arrived. thanks.,LOW,NO
MSG03337,The package showed up damaged. Please treat this as high priority. Thanks.,HIGH,NO
MSG03338,I'm locked out of my account. Thanks.,HIGH,YES
MSG03339,could you clarify something about my plan? appreciate your help.,HIGH,NO
MSG03340,Have you considered a public API? Appreciate your help.,HIGH,NO
MSG03341,everything is offline on my end. no rush at all. appreciate your help.,HIGH,YES
MSG03342,Have you considered usage alerts? Thanks.,HIGH,NO
MSG03343,Everything is offline on my end. I've already emailed twice with no reply. Let me know when you can.,HIGH,YES
MSG03344,What I received doesn't work at all. Thanks.,HIGH,YES
MSG03345,Any chance bulk export could be supported? Let me know when you can. Thanks.,LOW,YES
MSG03346,It would be great if you added bulk export. I contacted support about this last week too. Let me know what you need from me.,HIGH,YES
MSG03347,my invoice doesn't match what i agreed to. let me know when you can. let me know what you need from me.,MEDIUM,NO
MSG03348,The package showed up damaged. Appreciate your help.,HIGH,NO
MSG03349,Everything is offline on my end. This is urgent. Let me know what you need from me.,HIGH,YES
MSG03350,Could you clarify something about my plan? Thanks.,LOW,NO
MSG03351,Your service has been down since last night.,LOW,YES
MSG03352,Any chance dark mode could be supported? I contacted support about this last week too. Appreciate your help.,LOW,YES
MSG03353,i'm locked out of my account. whenever you get a chance is fine. appreciate your help.,HIGH,NO
MSG03354,Could you clarify something about my plan? I've already emailed twice with no reply. Would appreciate a response soon. Appreciate your help.,HIGH,NO
MSG03355,The delivery is way later than promised. Please treat this as high priority. Thanks.,LOW,YES
MSG03356,Quick question about the API. This is urgent. Appreciate your help.,MEDIUM,NO
MSG03357,My invoice doesn't match what I agreed to. I need this resolved right away. Thanks.,HIGH,YES
MSG03358,What I received doesn't work at all.,HIGH,YES
MSG03359,Just wondering how the billing portal works. Would appreciate a response soon. Thanks.,LOW,NO
MSG03360,Tracking hasn't updated in days. Thanks.,MEDIUM,NO
MSG03361,The item arrived broken. Would appreciate a response soon. Let me know what you need from me.,MEDIUM,YES
MSG03362,My order still hasn't arrived. Would appreciate a response soon.,LOW,NO
MSG03363,Could you clarify something about my plan? This is the second time I've reached out about this. No rush at all. Thanks.,MEDIUM,NO
MSG03364,Could you clarify something about my plan? Let me know when you can.,MEDIUM,NO
MSG03365,The item arrived broken. I contacted support about this last week too. I need this resolved right away.,HIGH,YES
MSG03366,Everything is offline on my end. Thanks.,HIGH,NO
MSG03367,Have you considered dark mode? This is the second time I've reached out about this. Please treat this as high priority. Appreciate your help.,MEDIUM,YES
MSG03368,Tracking hasn't updated in days. Would appreciate a response soon. Let me know what you need from me.,MEDIUM,YES
MSG03369,Just wondering how the mobile app works. Let me know when you can.,LOW,NO
MSG03370,My invoice doesn't match what I agreed to. Would appreciate a response soon. Appreciate your help.,HIGH,YES
MSG03371,Everything is offline on my end. No rush at all. Let me know what you need from me.,MEDIUM,YES
MSG03372,Quick question about the API. Please treat this as high priority. Appreciate your help.,MEDIUM,YES
MSG03373,Have you considered dark mode?,HIGH,NO
MSG03374,My invoice doesn't match what I agreed to. Let me know what you need from me.,HIGH,YES
MSG03375,i can't access the billing portal at all. not time-sensitive. let me know what you need from me.,LOW,YES
MSG03376,it would be great if you added usage alerts. no rush at all. thanks.,LOW,NO
MSG03377,I was charged twice this month. Appreciate your help.,LOW,YES
MSG03378,Quick question about my account. Whenever you get a chance is fine. Let me know what you need from me.,LOW,NO
MSG03379,I can't sign in no matter what I try. This is the second time I've reached out about this. Let me know what you need from me.,HIGH,YES
MSG03380,Any chance SSO login could be supported? Whenever you get a chance is fine. Appreciate your help.,LOW,NO
MSG03381,I was charged twice this month. Would appreciate a response soon. Let me know what you need from me.,HIGH,NO
MSG03382,The item arrived broken. Whenever you get a chance is fine. Thanks.,MEDIUM,NO
MSG03383,Any chance bulk export could be supported? Whenever you get a chance is fine. Appreciate your help.,MEDIUM,YES
MSG03384,Quick question about the dashboard. Hoping to hear back this week. Appreciate your help.,LOW,NO
MSG03385,I'm locked out of my account. Appreciate your help.,LOW,YES
MSG03386,the package showed up damaged. i contacted support about this last week too. this is urgent. thanks.,HIGH,YES
MSG03387,The item arrived broken. No rush at all. Appreciate your help.,HIGH,YES
MSG03388,My login keeps failing after the update. Not time-sensitive. Thanks.,MEDIUM,YES
MSG03389,Just wondering how the dashboard works. Appreciate your help.,LOW,NO
MSG03390,Have you considered dark mode?,LOW,NO
MSG03391,I can't access the billing portal at all.,HIGH,YES
MSG03392,Tracking hasn't updated in days. Thanks.,LOW,YES
MSG03393,there's a charge i don't recognize. would appreciate a response soon.,MEDIUM,NO
MSG03394,Could you clarify something about my plan?,LOW,NO
MSG03395,I'm locked out of my account. Please treat this as high priority. Appreciate your help.,HIGH,NO
MSG03396,My order still hasn't arrived. I've already emailed twice with no reply. Appreciate your help.,LOW,NO
MSG03397,My invoice doesn't match what I agreed to. I've already emailed twice with no reply. Whenever you get a chance is fine. Thanks.,HIGH,YES
MSG03398,Quick question about the dashboard. No rush at all.,HIGH,NO
MSG03399,There's a charge I don't recognize. Appreciate your help.,MEDIUM,NO
MSG03400,The item arrived broken. Appreciate your help.,HIGH,YES
MSG03401,Any chance bulk export could be supported? No rush at all.,LOW,NO
MSG03402,Just wondering how my account works. I contacted support about this last week too. I need this resolved right away. Thanks.,HIGH,YES
MSG03403,Have you considered dark mode? I contacted support about this last week too. Appreciate your help.,LOW,YES
MSG03404,There's a charge I don't recognize. I've already emailed twice with no reply. Not time-sensitive. Thanks.,MEDIUM,NO
MSG03405,The package showed up damaged. No rush at all.,MEDIUM,YES
MSG03406,i can't sign in no matter what i try. thanks.,HIGH,YES
MSG03407,Everything is offline on my end.,MEDIUM,YES
MSG03408,Everything is offline on my end. I contacted support about this last week too. Would appreciate a response soon.,HIGH,YES
MSG03409,my order still hasn't arrived. this is urgent. let me know what you need from me.,HIGH,NO
MSG03410,I'm locked out of my account. Let me know what you need from me.,LOW,NO
MSG03411,I can't sign in no matter what I try. This is urgent. Appreciate your help.,HIGH,YES
MSG03412,I can't access the API at all. I've already emailed twice with no reply. Would appreciate a response soon.,HIGH,YES
MSG03413,Everything is offline on my end. Appreciate your help.,MEDIUM,YES
MSG03414,The item arrived broken. I need this resolved right away. Let me know what you need from me.,HIGH,NO
MSG03415,Any chance dark mode could be supported? I contacted support about this last week too. Let me know what you need from me.,LOW,YES
MSG03416,I can't sign in no matter what I try. This is the second time I've reached out about this. Please treat this as high priority. Let me know what you need from me.,HIGH,YES
MSG03417,The package showed up damaged. This is urgent. Thanks.,HIGH,YES
MSG03418,It would be great if you added usage alerts. I contacted support about this last week too. Let me know what you need from me.,LOW,NO
MSG03419,Quick question about the mobile app. Thanks.,MEDIUM,YES
MSG03420,Any chance SSO login could be supported? Please treat this as high priority. Appreciate your help.,MEDIUM,NO
MSG03421,It would be great if you added dark mode. This is the second time I've reached out about this. Let me know what you need from me.,LOW,NO
MSG03422,I can't sign in no matter what I try. I've already emailed twice with no reply. No rush at all. Appreciate your help.,HIGH,YES
MSG03423,My invoice doesn't match what I agreed to. Please treat this as high priority. Thanks.,MEDIUM,YES
MSG03424,Any chance SSO login could be supported? I need this resolved right away. Thanks.,HIGH,NO
MSG03425,There's a charge I don't recognize. Appreciate your help.,HIGH,NO
MSG03426,Just wondering how the dashboard works. Appreciate your help.,LOW,NO
MSG03427,I'm locked out of my account. I need this resolved right away. Thanks.,MEDIUM,YES
MSG03428,the item arrived broken. would appreciate a response soon.,HIGH,YES
MSG03429,Your service has been down since yesterday. I contacted support about this last week too. Whenever you get a chance is fine. Appreciate your help.,HIGH,YES
MSG03430,The item arrived broken. No rush at all. Let me know what you need from me.,LOW,YES
MSG03431,Quick question about the dashboard.,LOW,YES
MSG03432,My order still hasn't arrived. This is the second time I've reached out about this.,MEDIUM,YES
MSG03433,The item arrived broken. Would appreciate a response soon. Thanks.,LOW,YES
MSG03434,I can't access my account at all. I've already emailed twice with no reply. Hoping to hear back this week.,HIGH,NO
MSG03435,The package showed up damaged. This is urgent. Appreciate your help.,MEDIUM,YES
MSG03436,Could you clarify something about my plan? Whenever you get a chance is fine.,HIGH,NO
MSG03437,Quick question about my account. This is the second time I've reached out about this. Let me know what you need from me.,LOW,YES
MSG03438,My invoice doesn't match what I agreed to. Thanks.,LOW,NO
MSG03439,Everything is offline on my end. Would appreciate a response soon. Let me know what you need from me.,MEDIUM,YES
MSG03440,My login keeps failing after the update. Let me know what you need from me.,HIGH,YES
MSG03441,I'm locked out of my account. This is urgent. Thanks.,HIGH,YES
MSG03442,My order still hasn't arrived. Whenever you get a chance is fine. Thanks.,LOW,YES
MSG03443,i can't sign in no matter what i try. no rush at all. thanks.,HIGH,YES
MSG03444,Your service has been down since last night. Whenever you get a chance is fine. Let me know what you need from me.,MEDIUM,NO
MSG03445,The delivery is way later than promised. Whenever you get a chance is fine. Let me know what you need from me.,LOW,YES
MSG03446,Quick question about the mobile app. Let me know what you need from me.,LOW,YES
MSG03447,I was charged twice this month. Hoping to hear back this week. Thanks.,MEDIUM,YES
MSG03448,Just wondering how the dashboard works. This is urgent. Appreciate your help.,MEDIUM,NO
MSG03449,There's a charge I don't recognize. No rush at all. Thanks.,MEDIUM,YES
MSG03450,it would be great if you added bulk export. i need this resolved right away. thanks.,HIGH,YES
MSG03451,There's a charge I don't recognize. Please treat this as high priority. Appreciate your help.,HIGH,NO
MSG03452,Could you clarify something about my plan? Would appreciate a response soon.,LOW,YES
MSG03453,The package showed up damaged. Appreciate your help.,LOW,YES
MSG03454,I'm locked out of my account.,LOW,NO
MSG03455,It would be great if you added bulk export. Whenever you get a chance is fine. Appreciate your help.,MEDIUM,NO
MSG03456,Tracking hasn't updated in days. Would appreciate a response soon. Appreciate your help.,HIGH,YES
MSG03457,My login keeps failing after the update. Thanks.,HIGH,YES
MSG03458,Quick question about the mobile app. Let me know what you need from me.,HIGH,NO
MSG03459,My invoice doesn't match what I agreed to. This is urgent. Appreciate your help.,LOW,YES
MSG03460,The package showed up damaged. Appreciate your help.,MEDIUM,NO
MSG03461,Everything is offline on my end. Please treat this as high priority. Thanks.,HIGH,YES
MSG03462,The delivery is way later than promised. Hoping to hear back this week.,MEDIUM,NO
MSG03463,Everything is offline on my end. I need this resolved right away. Appreciate your help.,MEDIUM,YES
MSG03464,It would be great if you added SSO login. Whenever you get a chance is fine. Let me know what you need from me.,MEDIUM,NO
MSG03465,just wondering how the mobile app works. whenever you get a chance is fine. appreciate your help.,LOW,YES
MSG03466,Any chance a public API could be supported? Hoping to hear back this week. Let me know what you need from me.,LOW,NO
MSG03467,It would be great if you added a public API. This is urgent. Let me know what you need from me.,MEDIUM,YES
MSG03468,Your service has been down since last night. No rush at all. Let me know what you need from me.,HIGH,YES
MSG03469,Quick question about the API. Let me know when you can. Let me know what you need from me.,LOW,NO
MSG03470,What I received doesn't work at all. No rush at all. Let me know what you need from me.,LOW,YES
MSG03471,Just wondering how the API works. Appreciate your help.,LOW,NO
MSG03472,Just wondering how the dashboard works.,HIGH,NO
MSG03473,Tracking hasn't updated in days. Hoping to hear back this week. Thanks.,HIGH,NO
MSG03474,Any chance SSO login could be supported? Not time-sensitive.,LOW,YES
MSG03475,any chance bulk export could be supported? appreciate your help.,MEDIUM,NO
MSG03476,Everything is offline on my end. Thanks.,MEDIUM,NO
MSG03477,The delivery is way later than promised. Let me know what you need from me.,MEDIUM,NO
MSG03478,My login keeps failing after the update.,HIGH,YES
MSG03479,Could you clarify something about my plan? Let me know what you need from me.,LOW,NO
MSG03480,There's a charge I don't recognize. Appreciate your help.,LOW,YES
MSG03481,The package showed up damaged. Please treat this as high priority. Thanks.,HIGH,YES
MSG03482,My login keeps failing after the update. I've already emailed twice with no reply. Hoping to hear back this week. Thanks.,HIGH,YES
MSG03483,Tracking hasn't updated in days. I've already emailed twice with no reply. Would appreciate a response soon.,MEDIUM,YES
MSG03484,i was charged twice this month. i contacted support about this last week too. let me know what you need from me.,HIGH,NO
MSG03485,My login keeps failing after the update. Thanks.,HIGH,YES
MSG03486,Tracking hasn't updated in days. I contacted support about this last week too. Hoping to hear back this week. Thanks.,HIGH,NO
MSG03487,Everything is offline on my end. Please treat this as high priority.,HIGH,NO
MSG03488,Everything is offline on my end. Let me know when you can.,LOW,YES
MSG03489,my order still hasn't arrived. i contacted support about this last week too. whenever you get a chance is fine. let me know what you need from me.,HIGH,NO
MSG03490,What I received doesn't work at all. Let me know when you can. Appreciate your help.,MEDIUM,YES
MSG03491,Your service has been down since last night. Hoping to hear back this week. Appreciate your help.,HIGH,NO
MSG03492,Tracking hasn't updated in days. Appreciate your help.,MEDIUM,NO
MSG03493,Quick question about the dashboard. Whenever you get a chance is fine. Thanks.,LOW,NO
MSG03494,Everything is offline on my end.,LOW,YES
MSG03495,I'm locked out of my account. This is the second time I've reached out about this.,MEDIUM,YES
MSG03496,what i received doesn't work at all.,MEDIUM,NO
MSG03497,I can't sign in no matter what I try. This is urgent. Thanks.,HIGH,YES
MSG03498,My invoice doesn't match what I agreed to. Hoping to hear back this week. Thanks.,MEDIUM,YES
MSG03499,Quick question about the dashboard. Appreciate your help.,LOW,NO
MSG03500,My invoice doesn't match what I agreed to. Thanks.,HIGH,NO
MSG03501,I can't access my account at all. Not time-sensitive. Let me know what you need from me.,HIGH,YES
MSG03502,My login keeps failing after the update. Hoping to hear back this week. Let me know what you need from me.,HIGH,YES
MSG03503,I can't access my account at all. I need this resolved right away. Thanks.,HIGH,YES
MSG03504,Have you considered SSO login? I've already emailed twice with no reply. Hoping to hear back this week. Appreciate your help.,MEDIUM,YES
MSG03505,my invoice doesn't match what i agreed to. appreciate your help.,LOW,YES
MSG03506,it would be great if you added bulk export. let me know what you need from me.,HIGH,YES
MSG03507,My login keeps failing after the update. I've already emailed twice with no reply. Thanks.,HIGH,YES
MSG03508,My invoice doesn't match what I agreed to.,LOW,NO
MSG03509,The item arrived broken. Whenever you get a chance is fine. Appreciate your help.,LOW,NO
MSG03510,I can't access the API at all. I contacted support about this last week too. No rush at all. Let me know what you need from me.,HIGH,YES
MSG03511,Tracking hasn't updated in days. I need this resolved right away.,HIGH,YES
MSG03512,There's a charge I don't recognize. I contacted support about this last week too. Let me know what you need from me.,HIGH,NO
MSG03513,Your service has been down since about an hour ago. Please treat this as high priority.,MEDIUM,YES
MSG03514,Could you clarify something about my plan? Appreciate your help.,HIGH,NO
MSG03515,The package showed up damaged. Thanks.,MEDIUM,YES
MSG03516,my invoice doesn't match what i agreed to. appreciate your help.,LOW,NO
MSG03517,Just wondering how the billing portal works. Hoping to hear back this week. Let me know what you need from me.,MEDIUM,NO
MSG03518,The package showed up damaged. This is urgent. Let me know what you need from me.,HIGH,NO
MSG03519,I'm locked out of my account. Let me know when you can.,HIGH,YES
MSG03520,I can't sign in no matter what I try. Please treat this as high priority. Appreciate your help.,MEDIUM,YES
MSG03521,Could you clarify something about my plan? Appreciate your help.,HIGH,NO
MSG03522,It would be great if you added usage alerts. Not time-sensitive. Appreciate your help.,LOW,YES
MSG03523,It would be great if you added dark mode. Would appreciate a response soon. Appreciate your help.,HIGH,NO
MSG03524,the package showed up damaged. i contacted support about this last week too. thanks.,LOW,YES
MSG03525,The package showed up damaged. Thanks.,MEDIUM,YES
MSG03526,Just wondering how the mobile app works. Appreciate your help.,LOW,YES
MSG03527,Tracking hasn't updated in days. I've already emailed twice with no reply. Not time-sensitive.,HIGH,YES
MSG03528,What I received doesn't work at all. Appreciate your help.,LOW,YES
MSG03529,The delivery is way later than promised. I need this resolved right away. Thanks.,MEDIUM,YES
MSG03530,Everything is offline on my end. I've already emailed twice with no reply. This is urgent. Thanks.,HIGH,YES
MSG03531,The delivery is way later than promised. Appreciate your help.,LOW,NO
MSG03532,My login keeps failing after the update. Hoping to hear back this week. Let me know what you need from me.,HIGH,YES
MSG03533,Could you clarify something about my plan? This is the second time I've reached out about this. I need this resolved right away. Let me know what you need from me.,HIGH,NO
MSG03534,My invoice doesn't match what I agreed to. Not time-sensitive.,LOW,YES
MSG03535,What I received doesn't work at all. This is the second time I've reached out about this. Let me know when you can. Thanks.,MEDIUM,YES
MSG03536,It would be great if you added dark mode. This is the second time I've reached out about this. Not time-sensitive. Thanks.,LOW,NO
MSG03537,Tracking hasn't updated in days. Whenever you get a chance is fine. Appreciate your help.,HIGH,YES
MSG03538,I can't sign in no matter what I try. This is the second time I've reached out about this.,HIGH,YES
MSG03539,My order still hasn't arrived. Appreciate your help.,HIGH,YES
MSG03540,My login keeps failing after the update. This is the second time I've reached out about this. Thanks.,HIGH,NO
MSG03541,What I received doesn't work at all. Hoping to hear back this week. Thanks.,LOW,YES
MSG03542,Quick question about the API. No rush at all. Let me know what you need from me.,MEDIUM,NO
MSG03543,i can't sign in no matter what i try. this is the second time i've reached out about this. would appreciate a response soon. let me know what you need from me.,MEDIUM,YES
MSG03544,What I received doesn't work at all. Let me know when you can.,HIGH,NO
MSG03545,Your service has been down since last night. Let me know when you can. Appreciate your help.,HIGH,YES
MSG03546,tracking hasn't updated in days. i've already emailed twice with no reply. let me know when you can. let me know what you need from me.,HIGH,NO
MSG03547,Have you considered SSO login? Would appreciate a response soon. Let me know what you need from me.,MEDIUM,YES
MSG03548,I can't sign in no matter what I try. This is urgent. Thanks.,MEDIUM,NO
MSG03549,I can't access the billing portal at all. Let me know what you need from me.,HIGH,YES
MSG03550,Any chance SSO login could be supported? Appreciate your help.,LOW,NO
MSG03551,I can't sign in no matter what I try. Whenever you get a chance is fine.,MEDIUM,YES
MSG03552,Everything is offline on my end. Let me know what you need from me.,HIGH,YES
MSG03553,My order still hasn't arrived. No rush at all. Appreciate your help.,LOW,NO
MSG03554,My invoice doesn't match what I agreed to. I need this resolved right away. Thanks.,HIGH,NO
MSG03555,My login keeps failing after the update. Whenever you get a chance is fine. Let me know what you need from me.,LOW,YES
MSG03556,Have you considered dark mode? No rush at all. Thanks.,MEDIUM,YES
MSG03557,Tracking hasn't updated in days. This is urgent. Thanks.,HIGH,YES
MSG03558,My order still hasn't arrived. Let me know when you can.,HIGH,YES
MSG03559,The delivery is way later than promised. Not time-sensitive. Appreciate your help.,LOW,NO
MSG03560,Have you considered dark mode? Hoping to hear back this week. Appreciate your help.,MEDIUM,NO
MSG03561,the package showed up damaged. let me know what you need from me.,LOW,NO
MSG03562,Tracking hasn't updated in days. This is the second time I've reached out about this. Whenever you get a chance is fine. Let me know what you need from me.,LOW,YES
MSG03563,Could you clarify something about my plan? This is urgent. Thanks.,HIGH,YES
MSG03564,The package showed up damaged. Please treat this as high priority. Appreciate your help.,HIGH,NO
MSG03565,Tracking hasn't updated in days. Appreciate your help.,MEDIUM,YES
MSG03566,What I received doesn't work at all. Would appreciate a response soon. Appreciate your help.,LOW,YES
MSG03567,Any chance dark mode could be supported? Let me know when you can.,HIGH,NO
MSG03568,Everything is offline on my end. I need this resolved right away. Let me know what you need from me.,MEDIUM,YES
MSG03569,could you clarify something about my plan? no rush at all. appreciate your help.,LOW,YES
MSG03570,The package showed up damaged. Appreciate your help.,LOW,YES
MSG03571,Could you clarify something about my plan?,LOW,NO
MSG03572,I'm locked out of my account. No rush at all. Thanks.,HIGH,YES
MSG03573,Your service has been down since about an hour ago. Let me know when you can. Appreciate your help.,HIGH,NO
MSG03574,any chance sso login could be supported? please treat this as high priority.,LOW,NO
MSG03575,the delivery is way later than promised. i need this resolved right away. thanks.,HIGH,YES
MSG03576,Quick question about the API. I need this resolved right away.,HIGH,YES
MSG03577,Tracking hasn't updated in days. Appreciate your help.,HIGH,YES
MSG03578,There's a charge I don't recognize. Thanks.,LOW,NO
MSG03579,Your service has been down since this morning. Hoping to hear back this week. Appreciate your help.,MEDIUM,YES
MSG03580,My invoice doesn't match what I agreed to. I contacted support about this last week too.,MEDIUM,YES
MSG03581,The package showed up damaged. Please treat this as high priority.,HIGH,YES
MSG03582,the delivery is way later than promised. let me know what you need from me.,MEDIUM,NO
MSG03583,My order still hasn't arrived. Hoping to hear back this week.,HIGH,YES
MSG03584,Tracking hasn't updated in days. Not time-sensitive.,MEDIUM,NO
MSG03585,My login keeps failing after the update. I've already emailed twice with no reply. No rush at all. Appreciate your help.,HIGH,NO
MSG03586,Your service has been down since about an hour ago. This is the second time I've reached out about this. Whenever you get a chance is fine. Appreciate your help.,MEDIUM,YES
MSG03587,I can't access my account at all. Would appreciate a response soon. Appreciate your help.,HIGH,YES
MSG03588,The item arrived broken. I contacted support about this last week too. Would appreciate a response soon. Let me know what you need from me.,MEDIUM,NO
MSG03589,I can't sign in no matter what I try. Would appreciate a response soon. Let me know what you need from me.,HIGH,YES
MSG03590,The item arrived broken. Let me know when you can.,MEDIUM,NO
MSG03591,Everything is offline on my end. Please treat this as high priority. Let me know what you need from me.,HIGH,YES
MSG03592,I can't access the billing portal at all. Let me know when you can. Let me know what you need from me.,MEDIUM,YES
MSG03593,Everything is offline on my end. This is urgent. Appreciate your help.,HIGH,YES
MSG03594,Quick question about the mobile app. No rush at all. Let me know what you need from me.,MEDIUM,NO
MSG03595,My order still hasn't arrived. Let me know what you need from me.,LOW,YES
MSG03596,The item arrived broken. No rush at all. Let me know what you need from me.,HIGH,NO
MSG03597,Your service has been down since about an hour ago. This is the second time I've reached out about this. Not time-sensitive. Thanks.,MEDIUM,YES
MSG03598,Quick question about my account.,LOW,YES
MSG03599,My invoice doesn't match what I agreed to. This is the second time I've reached out about this. Let me know when you can. Thanks.,HIGH,YES
MSG03600,What I received doesn't work at all. Let me know when you can. Let me know what you need from me.,LOW,YES
MSG03601,I was charged twice this month.,HIGH,YES
MSG03602,I can't access my account at all. Let me know when you can. Appreciate your help.,HIGH,YES
MSG03603,Your service has been down since last night.,LOW,YES
MSG03604,My invoice doesn't match what I agreed to. This is the second time I've reached out about this. This is urgent. Let me know what you need from me.,HIGH,YES
MSG03605,Quick question about the mobile app. This is the second time I've reached out about this.,LOW,NO
MSG03606,Your service has been down since about an hour ago. Not time-sensitive. Appreciate your help.,HIGH,YES
MSG03607,Just wondering how my account works. No rush at all. Let me know what you need from me.,LOW,NO
MSG03608,Tracking hasn't updated in days. Please treat this as high priority. Appreciate your help.,HIGH,NO
MSG03609,I'm locked out of my account. I need this resolved right away. Thanks.,MEDIUM,YES
MSG03610,Any chance usage alerts could be supported? No rush at all. Appreciate your help.,LOW,NO
MSG03611,The item arrived broken.,HIGH,YES
MSG03612,It would be great if you added bulk export. Please treat this as high priority. Appreciate your help.,LOW,NO
MSG03613,my order still hasn't arrived. this is urgent. let me know what you need from me.,LOW,YES
MSG03614,My order still hasn't arrived. Hoping to hear back this week. Let me know what you need from me.,MEDIUM,YES
MSG03615,My invoice doesn't match what I agreed to. I've already emailed twice with no reply. Thanks.,HIGH,YES
MSG03616,Just wondering how the mobile app works. Whenever you get a chance is fine. Thanks.,LOW,NO
MSG03617,It would be great if you added SSO login. Would appreciate a response soon. Let me know what you need from me.,LOW,YES
MSG03618,I can't sign in no matter what I try. Hoping to hear back this week. Appreciate your help.,HIGH,YES
MSG03619,My invoice doesn't match what I agreed to. I've already emailed twice with no reply. No rush at all. Appreciate your help.,LOW,YES
MSG03620,it would be great if you added a public api. i need this resolved right away. let me know what you need from me.,HIGH,NO
MSG03621,The delivery is way later than promised. Whenever you get a chance is fine. Thanks.,HIGH,NO
MSG03622,The package showed up damaged. Hoping to hear back this week. Let me know what you need from me.,HIGH,YES
MSG03623,I can't access the dashboard at all. This is urgent. Let me know what you need from me.,HIGH,YES
MSG03624,i was charged twice this month. this is the second time i've reached out about this. let me know what you need from me.,LOW,NO
MSG03625,I'm locked out of my account. This is the second time I've reached out about this. I need this resolved right away. Thanks.,HIGH,YES
MSG03626,I'm locked out of my account. Whenever you get a chance is fine. Thanks.,LOW,NO
MSG03627,Quick question about my account. Thanks.,LOW,NO
MSG03628,I was charged twice this month. I've already emailed twice with no reply. Please treat this as high priority. Appreciate your help.,HIGH,YES
MSG03629,Everything is offline on my end. Whenever you get a chance is fine. Appreciate your help.,HIGH,NO
MSG03630,I was charged twice this month.,LOW,NO
MSG03631,What I received doesn't work at all. This is urgent. Thanks.,HIGH,YES
MSG03632,I can't sign in no matter what I try. Whenever you get a chance is fine.,MEDIUM,YES
MSG03633,My order still hasn't arrived. Whenever you get a chance is fine.,HIGH,YES
MSG03634,Everything is offline on my end. Not time-sensitive. Thanks.,MEDIUM,YES
MSG03635,It would be great if you added usage alerts. This is urgent. Appreciate your help.,HIGH,NO
MSG03636,My login keeps failing after the update. This is urgent. Let me know what you need from me.,HIGH,YES
MSG03637,It would be great if you added a public API. Not time-sensitive. Thanks.,LOW,NO
MSG03638,I'm locked out of my account. Would appreciate a response soon. Appreciate your help.,HIGH,YES
MSG03639,My invoice doesn't match what I agreed to. I contacted support about this last week too. I need this resolved right away. Let me know what you need from me.,HIGH,YES
MSG03640,I'm locked out of my account. This is the second time I've reached out about this. Whenever you get a chance is fine. Thanks.,LOW,YES
MSG03641,I can't access my account at all. Please treat this as high priority. Appreciate your help.,HIGH,NO
MSG03642,Quick question about the API. I've already emailed twice with no reply. Not time-sensitive.,MEDIUM,NO
MSG03643,Just wondering how the dashboard works. No rush at all. Let me know what you need from me.,LOW,NO
MSG03644,my order still hasn't arrived. thanks.,LOW,YES
MSG03645,My order still hasn't arrived. Let me know what you need from me.,LOW,YES
MSG03646,I can't access the billing portal at all. Appreciate your help.,MEDIUM,NO
MSG03647,I can't sign in no matter what I try. Let me know when you can.,MEDIUM,YES
MSG03648,It would be great if you added a public API. This is urgent.,HIGH,NO
MSG03649,I was charged twice this month. Let me know when you can. Thanks.,HIGH,YES
MSG03650,i can't sign in no matter what i try. would appreciate a response soon. let me know what you need from me.,HIGH,NO
MSG03651,Just wondering how the mobile app works. Thanks.,HIGH,NO
MSG03652,There's a charge I don't recognize. This is urgent. Let me know what you need from me.,HIGH,YES
MSG03653,My invoice doesn't match what I agreed to. Hoping to hear back this week. Appreciate your help.,HIGH,YES
MSG03654,Your service has been down since last night. Let me know when you can. Appreciate your help.,HIGH,YES
MSG03655,My order still hasn't arrived.,LOW,YES
MSG03656,Just wondering how the dashboard works. This is the second time I've reached out about this.,LOW,NO
MSG03657,The delivery is way later than promised. Thanks.,LOW,YES
MSG03658,Any chance SSO login could be supported? Appreciate your help.,LOW,NO
MSG03659,Everything is offline on my end. Thanks.,HIGH,YES
MSG03660,There's a charge I don't recognize. Whenever you get a chance is fine. Thanks.,MEDIUM,NO
MSG03661,My invoice doesn't match what I agreed to. Thanks.,LOW,YES
MSG03662,There's a charge I don't recognize.,HIGH,NO
MSG03663,The item arrived broken. This is the second time I've reached out about this. No rush at all. Let me know what you need from me.,HIGH,NO
MSG03664,Tracking hasn't updated in days. This is the second time I've reached out about this. Not time-sensitive. Thanks.,LOW,YES
MSG03665,Everything is offline on my end. Thanks.,LOW,NO
MSG03666,The item arrived broken. Hoping to hear back this week. Appreciate your help.,LOW,YES
MSG03667,My invoice doesn't match what I agreed to. Appreciate your help.,LOW,NO
MSG03668,I'm locked out of my account. Not time-sensitive.,MEDIUM,YES
MSG03669,There's a charge I don't recognize. I've already emailed twice with no reply. I need this resolved right away.,HIGH,YES
MSG03670,The package showed up damaged. This is urgent. Appreciate your help.,HIGH,YES
MSG03671,My invoice doesn't match what I agreed to. Please treat this as high priority. Appreciate your help.,HIGH,NO
MSG03672,It would be great if you added a public API. Thanks.,HIGH,YES
MSG03673,It would be great if you added SSO login.,LOW,YES
MSG03674,tracking hasn't updated in days. whenever you get a chance is fine. appreciate your help.,LOW,NO
MSG03675,I can't sign in no matter what I try. I need this resolved right away.,HIGH,YES
MSG03676,My login keeps failing after the update.,HIGH,YES
MSG03677,Have you considered bulk export? No rush at all.,LOW,NO
MSG03678,My invoice doesn't match what I agreed to. This is the second time I've reached out about this.,LOW,YES
MSG03679,my login keeps failing after the update. appreciate your help.,HIGH,YES
MSG03680,What I received doesn't work at all. Appreciate your help.,LOW,YES
MSG03681,Tracking hasn't updated in days. Appreciate your help.,LOW,YES
MSG03682,Any chance usage alerts could be supported? Not time-sensitive.,LOW,YES
MSG03683,Your service has been down since last night. Thanks.,HIGH,YES
MSG03684,I'm locked out of my account. I need this resolved right away. Appreciate your help.,HIGH,YES
MSG03685,I was charged twice this month. Appreciate your help.,MEDIUM,YES
MSG03686,What I received doesn't work at all. Let me know when you can. Let me know what you need from me.,HIGH,NO
MSG03687,It would be great if you added a public API. Appreciate your help.,LOW,YES
MSG03688,My order still hasn't arrived. This is the second time I've reached out about this. Not time-sensitive. Appreciate your help.,HIGH,YES
MSG03689,My invoice doesn't match what I agreed to. This is the second time I've reached out about this. Would appreciate a response soon. Thanks.,HIGH,YES
MSG03690,What I received doesn't work at all. Whenever you get a chance is fine. Appreciate your help.,MEDIUM,NO
MSG03691,There's a charge I don't recognize. Let me know what you need from me.,LOW,NO
MSG03692,The item arrived broken. Appreciate your help.,HIGH,NO
MSG03693,i can't access the api at all. hoping to hear back this week. thanks.,LOW,YES
MSG03694,What I received doesn't work at all.,MEDIUM,YES
MSG03695,I'm locked out of my account.,HIGH,NO
MSG03696,It would be great if you added bulk export.,LOW,NO
MSG03697,Tracking hasn't updated in days. Appreciate your help.,HIGH,NO
MSG03698,What I received doesn't work at all. This is urgent.,HIGH,YES
MSG03699,It would be great if you added SSO login. Please treat this as high priority. Thanks.,LOW,NO
MSG03700,There's a charge I don't recognize. Hoping to hear back this week.,LOW,NO
MSG03701,What I received doesn't work at all.,HIGH,NO
MSG03702,It would be great if you added usage alerts. Would appreciate a response soon. Appreciate your help.,LOW,YES
MSG03703,have you considered usage alerts? thanks.,LOW,YES
MSG03704,Quick question about the billing portal. Appreciate your help.,LOW,NO
MSG03705,Could you clarify something about my plan? I contacted support about this last week too.,MEDIUM,NO
MSG03706,My invoice doesn't match what I agreed to. Please treat this as high priority. Appreciate your help.,HIGH,NO
MSG03707,Tracking hasn't updated in days. Hoping to hear back this week. Let me know what you need from me.,HIGH,YES
MSG03708,Any chance a public API could be supported? I've already emailed twice with no reply. I need this resolved right away. Thanks.,LOW,YES
MSG03709,It would be great if you added a public API. Would appreciate a response soon. Let me know what you need from me.,MEDIUM,YES
MSG03710,the package showed up damaged. let me know when you can. thanks.,LOW,YES
MSG03711,your service has been down since last night. this is the second time i've reached out about this. hoping to hear back this week. let me know what you need from me.,HIGH,NO
MSG03712,The item arrived broken. Let me know what you need from me.,LOW,YES
MSG03713,My invoice doesn't match what I agreed to. Thanks.,LOW,NO
MSG03714,There's a charge I don't recognize. Thanks.,LOW,NO
MSG03715,the package showed up damaged. hoping to hear back this week. let me know what you need from me.,LOW,YES
MSG03716,I can't sign in no matter what I try. Whenever you get a chance is fine. Appreciate your help.,HIGH,YES
MSG03717,Could you clarify something about my plan? Please treat this as high priority.,LOW,NO
MSG03718,My order still hasn't arrived. I need this resolved right away. Appreciate your help.,MEDIUM,YES
MSG03719,My order still hasn't arrived. Appreciate your help.,HIGH,YES
MSG03720,What I received doesn't work at all. I need this resolved right away. Appreciate your help.,MEDIUM,YES
MSG03721,My invoice doesn't match what I agreed to. This is the second time I've reached out about this. Whenever you get a chance is fine. Thanks.,HIGH,YES
MSG03722,I can't access the API at all. Please treat this as high priority. Let me know what you need from me.,HIGH,YES
MSG03723,The delivery is way later than promised. I need this resolved right away.,HIGH,YES
MSG03724,The package showed up damaged. Not time-sensitive. Let me know what you need from me.,LOW,YES
MSG03725,Your service has been down since about an hour ago.,LOW,YES
MSG03726,There's a charge I don't recognize. Thanks.,HIGH,YES
MSG03727,your service has been down since about an hour ago. hoping to hear back this week. appreciate your help.,MEDIUM,NO
MSG03728,your service has been down since yesterday. let me know what you need from me.,HIGH,YES
MSG03729,i'm locked out of my account. i need this resolved right away. thanks.,HIGH,YES
MSG03730,quick question about my account. please treat this as high priority. appreciate your help.,MEDIUM,NO
MSG03731,Everything is offline on my end. Thanks.,HIGH,NO
MSG03732,My invoice doesn't match what I agreed to.,LOW,NO
MSG03733,My login keeps failing after the update. Thanks.,MEDIUM,YES
MSG03734,Quick question about my account. This is urgent. Thanks.,MEDIUM,YES
MSG03735,It would be great if you added a public API. Hoping to hear back this week. Appreciate your help.,MEDIUM,NO
MSG03736,I was charged twice this month. No rush at all. Let me know what you need from me.,MEDIUM,YES
MSG03737,My login keeps failing after the update. Whenever you get a chance is fine. Appreciate your help.,HIGH,YES
MSG03738,it would be great if you added usage alerts. whenever you get a chance is fine. let me know what you need from me.,LOW,YES
MSG03739,I can't access the mobile app at all. Whenever you get a chance is fine. Appreciate your help.,LOW,NO
MSG03740,my login keeps failing after the update. i've already emailed twice with no reply. appreciate your help.,HIGH,YES
MSG03741,My invoice doesn't match what I agreed to. Whenever you get a chance is fine. Let me know what you need from me.,HIGH,NO
MSG03742,Tracking hasn't updated in days. I need this resolved right away. Appreciate your help.,HIGH,NO
MSG03743,Your service has been down since last night. Please treat this as high priority.,HIGH,YES
MSG03744,Just wondering how the mobile app works. Let me know what you need from me.,MEDIUM,YES
MSG03745,I can't access my account at all. Let me know what you need from me.,HIGH,NO
MSG03746,I'm locked out of my account. Appreciate your help.,LOW,YES
MSG03747,I'm locked out of my account. This is urgent. Appreciate your help.,HIGH,YES
MSG03748,Your service has been down since about an hour ago. Appreciate your help.,MEDIUM,YES
MSG03749,I can't access the dashboard at all. Not time-sensitive.,HIGH,YES
MSG03750,Everything is offline on my end. I contacted support about this last week too. Let me know when you can. Thanks.,HIGH,NO
MSG03751,Have you considered a public API?,LOW,NO
MSG03752,quick question about my account. i need this resolved right away. let me know what you need from me.,MEDIUM,YES
MSG03753,The delivery is way later than promised.,HIGH,NO
MSG03754,Your service has been down since this morning. Hoping to hear back this week.,LOW,YES
MSG03755,The package showed up damaged. Whenever you get a chance is fine. Thanks.,HIGH,YES
MSG03756,My order still hasn't arrived. Would appreciate a response soon.,LOW,YES
MSG03757,The item arrived broken. Not time-sensitive.,HIGH,YES
MSG03758,Quick question about the mobile app. Please treat this as high priority. Let me know what you need from me.,LOW,NO
MSG03759,Could you clarify something about my plan? This is urgent.,LOW,NO
MSG03760,your service has been down since last night. let me know what you need from me.,HIGH,NO
MSG03761,quick question about the api. would appreciate a response soon. appreciate your help.,LOW,NO
MSG03762,Have you considered SSO login? This is urgent. Thanks.,HIGH,YES
MSG03763,The package showed up damaged. Whenever you get a chance is fine.,LOW,NO
MSG03764,I'm locked out of my account. I've already emailed twice with no reply. Would appreciate a response soon.,HIGH,YES
MSG03765,Could you clarify something about my plan? This is the second time I've reached out about this. Would appreciate a response soon.,MEDIUM,NO
MSG03766,Could you clarify something about my plan?,LOW,YES
MSG03767,Tracking hasn't updated in days. No rush at all. Appreciate your help.,LOW,NO
MSG03768,I was charged twice this month. Hoping to hear back this week.,MEDIUM,YES
MSG03769,The delivery is way later than promised. Appreciate your help.,HIGH,YES
MSG03770,I can't access the dashboard at all. Appreciate your help.,HIGH,YES
MSG03771,I'm locked out of my account. Thanks.,HIGH,NO
MSG03772,Any chance dark mode could be supported? Whenever you get a chance is fine. Let me know what you need from me.,LOW,NO
MSG03773,have you considered usage alerts? not time-sensitive. thanks.,LOW,YES
MSG03774,I can't access the billing portal at all. I've already emailed twice with no reply. This is urgent. Let me know what you need from me.,HIGH,YES
MSG03775,I was charged twice this month. Let me know what you need from me.,LOW,NO
MSG03776,I can't sign in no matter what I try. I've already emailed twice with no reply. Let me know when you can. Thanks.,LOW,NO
MSG03777,The delivery is way later than promised. Hoping to hear back this week. Thanks.,HIGH,NO
MSG03778,The package showed up damaged. Hoping to hear back this week.,LOW,YES
MSG03779,I'm locked out of my account. No rush at all.,HIGH,NO
MSG03780,My login keeps failing after the update. I contacted support about this last week too. Thanks.,HIGH,NO
MSG03781,The delivery is way later than promised. I need this resolved right away. Appreciate your help.,HIGH,NO
MSG03782,Just wondering how my account works. Let me know when you can. Appreciate your help.,LOW,NO
MSG03783,my order still hasn't arrived. let me know when you can.,HIGH,NO
MSG03784,I can't access the dashboard at all. I've already emailed twice with no reply. I need this resolved right away. Let me know what you need from me.,HIGH,YES
MSG03785,There's a charge I don't recognize.,LOW,NO
MSG03786,I was charged twice this month. Please treat this as high priority.,HIGH,YES
MSG03787,i can't access the api at all. let me know when you can.,HIGH,YES
MSG03788,I can't sign in no matter what I try. I need this resolved right away.,HIGH,YES
MSG03789,Just wondering how the API works. Appreciate your help.,MEDIUM,YES
MSG03790,The delivery is way later than promised.,HIGH,NO
MSG03791,Quick question about the dashboard. Let me know what you need from me.,MEDIUM,YES
MSG03792,Your service has been down since last night. Appreciate your help.,MEDIUM,YES
MSG03793,There's a charge I don't recognize. Let me know when you can. Appreciate your help.,MEDIUM,NO
MSG03794,Have you considered SSO login?,HIGH,NO
MSG03795,Any chance dark mode could be supported? Hoping to hear back this week. Thanks.,LOW,NO
MSG03796,I'm locked out of my account. Whenever you get a chance is fine. Thanks.,HIGH,NO
MSG03797,I can't access the dashboard at all. Not time-sensitive. Let me know what you need from me.,HIGH,YES
MSG03798,my login keeps failing after the update. thanks.,HIGH,NO
MSG03799,I'm locked out of my account. Appreciate your help.,HIGH,NO
MSG03800,Everything is offline on my end. Please treat this as high priority.,LOW,YES
MSG03801,your service has been down since about an hour ago. let me know when you can. appreciate your help.,HIGH,YES
MSG03802,Any chance a public API could be supported? Please treat this as high priority. Appreciate your help.,LOW,NO
MSG03803,My order still hasn't arrived. Whenever you get a chance is fine. Appreciate your help.,LOW,YES
MSG03804,your service has been down since this morning. this is the second time i've reached out about this. whenever you get a chance is fine. appreciate your help.,LOW,NO
MSG03805,What I received doesn't work at all. I need this resolved right away. Appreciate your help.,LOW,YES
MSG03806,what i received doesn't work at all. thanks.,HIGH,YES
MSG03807,What I received doesn't work at all. I've already emailed twice with no reply. Whenever you get a chance is fine. Let me know what you need from me.,HIGH,YES
MSG03808,I can't access the API at all. Whenever you get a chance is fine. Appreciate your help.,MEDIUM,YES
MSG03809,Your service has been down since about an hour ago. I need this resolved right away. Appreciate your help.,HIGH,NO
MSG03810,My invoice doesn't match what I agreed to. Whenever you get a chance is fine.,HIGH,YES
MSG03811,Just wondering how the dashboard works. Appreciate your help.,HIGH,YES
MSG03812,The delivery is way later than promised. Hoping to hear back this week. Let me know what you need from me.,HIGH,NO
MSG03813,Have you considered a public API? No rush at all. Appreciate your help.,LOW,YES
MSG03814,Your service has been down since about an hour ago. Whenever you get a chance is fine. Appreciate your help.,HIGH,YES
MSG03815,Just wondering how the mobile app works. Not time-sensitive. Let me know what you need from me.,LOW,YES
MSG03816,I'm locked out of my account. This is urgent. Let me know what you need from me.,MEDIUM,YES
MSG03817,My invoice doesn't match what I agreed to. No rush at all. Let me know what you need from me.,LOW,YES
MSG03818,Any chance bulk export could be supported? Let me know what you need from me.,MEDIUM,NO
MSG03819,Everything is offline on my end. Appreciate your help.,HIGH,YES
MSG03820,could you clarify something about my plan? hoping to hear back this week. let me know what you need from me.,LOW,NO
MSG03821,Your service has been down since about an hour ago. This is urgent.,LOW,NO
MSG03822,There's a charge I don't recognize. This is the second time I've reached out about this. No rush at all.,MEDIUM,YES
MSG03823,Your service has been down since yesterday. I contacted support about this last week too. Would appreciate a response soon. Let me know what you need from me.,HIGH,YES
MSG03824,I can't sign in no matter what I try. Not time-sensitive. Appreciate your help.,LOW,YES
MSG03825,I can't sign in no matter what I try. I need this resolved right away. Appreciate your help.,HIGH,NO
MSG03826,My order still hasn't arrived. Would appreciate a response soon.,LOW,NO
MSG03827,The package showed up damaged.,MEDIUM,NO
MSG03828,I'm locked out of my account. Whenever you get a chance is fine.,MEDIUM,YES
MSG03829,my login keeps failing after the update. i contacted support about this last week too. not time-sensitive. let me know what you need from me.,LOW,YES
MSG03830,Could you clarify something about my plan? Not time-sensitive. Thanks.,LOW,YES
MSG03831,My invoice doesn't match what I agreed to. Let me know what you need from me.,HIGH,YES
MSG03832,Any chance dark mode could be supported? I contacted support about this last week too. Not time-sensitive. Thanks.,MEDIUM,YES
MSG03833,Any chance dark mode could be supported? This is urgent. Thanks.,HIGH,NO
MSG03834,the delivery is way later than promised. i contacted support about this last week too. appreciate your help.,LOW,YES
MSG03835,Tracking hasn't updated in days. Appreciate your help.,LOW,YES
MSG03836,I'm locked out of my account. Appreciate your help.,HIGH,YES
MSG03837,Quick question about the dashboard. No rush at all.,LOW,NO
MSG03838,My invoice doesn't match what I agreed to. Appreciate your help.,MEDIUM,YES
MSG03839,Quick question about the billing portal. Let me know when you can. Appreciate your help.,LOW,NO
MSG03840,I can't sign in no matter what I try. Please treat this as high priority. Let me know what you need from me.,HIGH,YES
MSG03841,The item arrived broken. Please treat this as high priority.,HIGH,NO
MSG03842,Your service has been down since yesterday. Thanks.,MEDIUM,NO
MSG03843,Any chance usage alerts could be supported? Let me know when you can. Thanks.,LOW,YES
MSG03844,I can't access my account at all. Hoping to hear back this week.,MEDIUM,NO
MSG03845,The item arrived broken. Would appreciate a response soon. Let me know what you need from me.,HIGH,NO
MSG03846,The item arrived broken. I've already emailed twice with no reply. Not time-sensitive. Thanks.,MEDIUM,YES
MSG03847,My login keeps failing after the update.,MEDIUM,NO
MSG03848,it would be great if you added usage alerts. no rush at all. thanks.,LOW,NO
MSG03849,Quick question about the billing portal. This is urgent. Appreciate your help.,LOW,YES
MSG03850,Tracking hasn't updated in days. Would appreciate a response soon. Thanks.,MEDIUM,YES
MSG03851,My order still hasn't arrived. Would appreciate a response soon.,MEDIUM,NO
MSG03852,There's a charge I don't recognize. No rush at all. Let me know what you need from me.,MEDIUM,YES
MSG03853,Quick question about the API. I contacted support about this last week too. Thanks.,HIGH,YES
MSG03854,it would be great if you added sso login. this is the second time i've reached out about this.,LOW,NO
MSG03855,I can't access the billing portal at all. This is urgent. Let me know what you need from me.,HIGH,YES
MSG03856,Could you clarify something about my plan? Not time-sensitive. Appreciate your help.,HIGH,NO
MSG03857,Just wondering how the API works. No rush at all. Thanks.,MEDIUM,YES
MSG03858,I can't access the billing portal at all. Please treat this as high priority. Appreciate your help.,MEDIUM,YES
MSG03859,The item arrived broken. Let me know what you need from me.,LOW,YES
MSG03860,I was charged twice this month. I contacted support about this last week too. Let me know what you need from me.,HIGH,NO
MSG03861,Everything is offline on my end. Let me know what you need from me.,MEDIUM,YES
MSG03862,I'm locked out of my account. Would appreciate a response soon. Let me know what you need from me.,HIGH,YES
MSG03863,Tracking hasn't updated in days. This is the second time I've reached out about this. Let me know what you need from me.,HIGH,YES
MSG03864,i was charged twice this month. whenever you get a chance is fine. thanks.,MEDIUM,YES
MSG03865,It would be great if you added a public API. Not time-sensitive. Appreciate your help.,LOW,YES
MSG03866,Your service has been down since yesterday. Let me know when you can. Let me know what you need from me.,MEDIUM,YES
MSG03867,I'm locked out of my account. Whenever you get a chance is fine. Appreciate your help.,HIGH,YES
MSG03868,My invoice doesn't match what I agreed to.,HIGH,YES
MSG03869,Tracking hasn't updated in days.,MEDIUM,NO
MSG03870,The delivery is way later than promised. I contacted support about this last week too. Not time-sensitive.,HIGH,NO
MSG03871,The delivery is way later than promised. Not time-sensitive.,LOW,YES
MSG03872,Any chance SSO login could be supported? Not time-sensitive. Appreciate your help.,LOW,NO
MSG03873,What I received doesn't work at all. Whenever you get a chance is fine. Appreciate your help.,MEDIUM,YES
MSG03874,Any chance usage alerts could be supported? I've already emailed twice with no reply. Appreciate your help.,HIGH,NO
MSG03875,The package showed up damaged. Whenever you get a chance is fine.,MEDIUM,YES
MSG03876,I'm locked out of my account. Let me know when you can.,HIGH,YES
MSG03877,My invoice doesn't match what I agreed to. I contacted support about this last week too. This is urgent. Let me know what you need from me.,MEDIUM,NO
MSG03878,I can't access the billing portal at all. This is urgent. Let me know what you need from me.,MEDIUM,YES
MSG03879,There's a charge I don't recognize. Let me know what you need from me.,MEDIUM,YES
MSG03880,Tracking hasn't updated in days. Whenever you get a chance is fine.,LOW,YES
MSG03881,It would be great if you added usage alerts. Would appreciate a response soon. Appreciate your help.,LOW,NO
MSG03882,My invoice doesn't match what I agreed to. This is the second time I've reached out about this. Not time-sensitive. Thanks.,HIGH,NO
MSG03883,The delivery is way later than promised. I contacted support about this last week too. Let me know what you need from me.,LOW,NO
MSG03884,Any chance a public API could be supported? This is the second time I've reached out about this. Let me know what you need from me.,LOW,NO
MSG03885,I can't sign in no matter what I try. Whenever you get a chance is fine. Appreciate your help.,HIGH,NO
MSG03886,It would be great if you added a public API. This is the second time I've reached out about this. Let me know what you need from me.,LOW,NO
MSG03887,Any chance a public API could be supported?,MEDIUM,NO
MSG03888,There's a charge I don't recognize. This is urgent.,HIGH,NO
MSG03889,Quick question about the API. Whenever you get a chance is fine.,LOW,YES
MSG03890,Just wondering how the billing portal works. Whenever you get a chance is fine. Let me know what you need from me.,LOW,NO
MSG03891,What I received doesn't work at all. No rush at all. Thanks.,MEDIUM,YES
MSG03892,just wondering how my account works. i've already emailed twice with no reply. would appreciate a response soon. thanks.,LOW,YES
MSG03893,Have you considered SSO login? Let me know what you need from me.,MEDIUM,NO
MSG03894,Everything is offline on my end. Let me know what you need from me.,HIGH,NO
MSG03895,Tracking hasn't updated in days.,HIGH,YES
MSG03896,My order still hasn't arrived.,MEDIUM,YES
MSG03897,There's a charge I don't recognize. No rush at all. Thanks.,MEDIUM,YES
MSG03898,Have you considered dark mode? I contacted support about this last week too. This is urgent. Appreciate your help.,HIGH,YES
MSG03899,i can't access the dashboard at all. not time-sensitive.,HIGH,YES
MSG03900,My login keeps failing after the update. No rush at all. Let me know what you need from me.,LOW,YES
MSG03901,Could you clarify something about my plan? Not time-sensitive. Appreciate your help.,LOW,NO
MSG03902,What I received doesn't work at all. Whenever you get a chance is fine. Appreciate your help.,LOW,YES
MSG03903,The delivery is way later than promised. I need this resolved right away. Appreciate your help.,LOW,NO
MSG03904,Everything is offline on my end.,HIGH,YES
MSG03905,My login keeps failing after the update. Whenever you get a chance is fine. Appreciate your help.,HIGH,NO
MSG03906,My invoice doesn't match what I agreed to. Hoping to hear back this week.,HIGH,YES
MSG03907,What I received doesn't work at all. Hoping to hear back this week. Thanks.,HIGH,YES
MSG03908,Quick question about the API. Let me know when you can. Appreciate your help.,LOW,YES
MSG03909,any chance dark mode could be supported? let me know when you can. let me know what you need from me.,HIGH,NO
MSG03910,I was charged twice this month. Not time-sensitive. Thanks.,LOW,YES
MSG03911,The package showed up damaged. I contacted support about this last week too. No rush at all.,HIGH,YES
MSG03912,Could you clarify something about my plan? This is the second time I've reached out about this. Let me know what you need from me.,LOW,YES
MSG03913,Could you clarify something about my plan? This is the second time I've reached out about this. Please treat this as high priority. Thanks.,HIGH,NO
MSG03914,Have you considered bulk export? I contacted support about this last week too. I need this resolved right away. Let me know what you need from me.,LOW,YES
MSG03915,i'm locked out of my account. thanks.,HIGH,YES
MSG03916,There's a charge I don't recognize. Whenever you get a chance is fine. Let me know what you need from me.,HIGH,NO
MSG03917,Just wondering how the mobile app works. Would appreciate a response soon. Let me know what you need from me.,HIGH,YES
MSG03918,Everything is offline on my end. Let me know what you need from me.,MEDIUM,YES
MSG03919,What I received doesn't work at all. Hoping to hear back this week.,LOW,NO
MSG03920,Your service has been down since yesterday. Thanks.,MEDIUM,YES
MSG03921,The delivery is way later than promised. Let me know when you can. Thanks.,LOW,YES
MSG03922,I'm locked out of my account. Please treat this as high priority.,HIGH,YES
MSG03923,My order still hasn't arrived. Hoping to hear back this week. Let me know what you need from me.,HIGH,YES
MSG03924,it would be great if you added dark mode. this is the second time i've reached out about this. let me know when you can. thanks.,LOW,YES
MSG03925,Everything is offline on my end. Whenever you get a chance is fine. Thanks.,HIGH,NO
MSG03926,Just wondering how the API works. Please treat this as high priority.,LOW,NO
MSG03927,Your service has been down since about an hour ago. Would appreciate a response soon. Let me know what you need from me.,LOW,YES
MSG03928,My invoice doesn't match what I agreed to.,LOW,NO
MSG03929,I'm locked out of my account. No rush at all. Let me know what you need from me.,LOW,YES
MSG03930,The package showed up damaged. This is urgent. Appreciate your help.,MEDIUM,YES
MSG03931,Could you clarify something about my plan? Please treat this as high priority.,HIGH,YES
MSG03932,Any chance bulk export could be supported? Let me know what you need from me.,LOW,YES
MSG03933,The delivery is way later than promised.,LOW,YES
MSG03934,My login keeps failing after the update. Not time-sensitive. Thanks.,MEDIUM,NO
MSG03935,Could you clarify something about my plan? This is the second time I've reached out about this. Appreciate your help.,MEDIUM,YES
MSG03936,Tracking hasn't updated in days. This is the second time I've reached out about this.,LOW,YES
MSG03937,It would be great if you added usage alerts. Appreciate your help.,MEDIUM,NO
MSG03938,i can't sign in no matter what i try. thanks.,LOW,YES
MSG03939,The package showed up damaged. I need this resolved right away. Let me know what you need from me.,LOW,NO
MSG03940,Just wondering how my account works. Please treat this as high priority.,HIGH,YES
MSG03941,Quick question about the API. No rush at all. Thanks.,LOW,NO
MSG03942,What I received doesn't work at all. I need this resolved right away. Appreciate your help.,HIGH,YES
MSG03943,The package showed up damaged. Let me know when you can.,HIGH,YES
MSG03944,I'm locked out of my account. Whenever you get a chance is fine. Thanks.,MEDIUM,YES
MSG03945,I'm locked out of my account. This is the second time I've reached out about this. Let me know what you need from me.,LOW,YES
MSG03946,What I received doesn't work at all. Please treat this as high priority. Appreciate your help.,MEDIUM,YES
MSG03947,my order still hasn't arrived. no rush at all. let me know what you need from me.,LOW,YES
MSG03948,Tracking hasn't updated in days. Let me know what you need from me.,LOW,NO
MSG03949,My login keeps failing after the update. No rush at all. Thanks.,LOW,YES
MSG03950,quick question about the mobile app. would appreciate a response soon. appreciate your help.,HIGH,NO
MSG03951,What I received doesn't work at all. Would appreciate a response soon. Appreciate your help.,HIGH,NO
MSG03952,The delivery is way later than promised. This is the second time I've reached out about this. Thanks.,HIGH,YES
MSG03953,I'm locked out of my account. Please treat this as high priority. Let me know what you need from me.,HIGH,YES
MSG03954,I was charged twice this month. Let me know when you can. Thanks.,MEDIUM,YES
MSG03955,There's a charge I don't recognize. Hoping to hear back this week.,HIGH,YES
MSG03956,The package showed up damaged.,MEDIUM,YES
MSG03957,The delivery is way later than promised. No rush at all. Let me know what you need from me.,HIGH,NO
MSG03958,Any chance bulk export could be supported? I contacted support about this last week too. Please treat this as high priority.,HIGH,YES
MSG03959,The item arrived broken. Not time-sensitive. Let me know what you need from me.,LOW,NO
MSG03960,My invoice doesn't match what I agreed to. Appreciate your help.,LOW,YES
MSG03961,The package showed up damaged. Let me know what you need from me.,MEDIUM,NO
MSG03962,The package showed up damaged. I've already emailed twice with no reply. Would appreciate a response soon.,HIGH,YES
MSG03963,My order still hasn't arrived. Let me know when you can.,LOW,YES
MSG03964,Everything is offline on my end. Thanks.,MEDIUM,NO
MSG03965,I can't sign in no matter what I try. Let me know what you need from me.,MEDIUM,YES
MSG03966,My order still hasn't arrived. This is the second time I've reached out about this. Appreciate your help.,HIGH,NO
MSG03967,I can't access the billing portal at all. No rush at all.,LOW,YES
MSG03968,I can't access my account at all. Thanks.,HIGH,NO
MSG03969,I was charged twice this month. I've already emailed twice with no reply.,MEDIUM,NO
MSG03970,Have you considered usage alerts? Let me know what you need from me.,LOW,NO
MSG03971,Could you clarify something about my plan? Let me know when you can. Appreciate your help.,LOW,YES
MSG03972,The item arrived broken. Please treat this as high priority.,HIGH,YES
MSG03973,Your service has been down since this morning. I need this resolved right away. Thanks.,HIGH,YES
MSG03974,My order still hasn't arrived. Thanks.,MEDIUM,YES
MSG03975,What I received doesn't work at all.,MEDIUM,NO
MSG03976,I can't access the mobile app at all.,HIGH,NO
MSG03977,There's a charge I don't recognize. Please treat this as high priority. Thanks.,LOW,NO
MSG03978,Just wondering how the billing portal works. I contacted support about this last week too. Hoping to hear back this week. Thanks.,LOW,YES
MSG03979,the package showed up damaged. let me know when you can. let me know what you need from me.,HIGH,YES
MSG03980,Just wondering how my account works. Let me know what you need from me.,LOW,YES
MSG03981,it would be great if you added sso login. whenever you get a chance is fine. appreciate your help.,MEDIUM,NO
MSG03982,There's a charge I don't recognize. Thanks.,MEDIUM,NO
MSG03983,My order still hasn't arrived. I contacted support about this last week too. I need this resolved right away. Let me know what you need from me.,MEDIUM,YES
MSG03984,Just wondering how the billing portal works. Thanks.,LOW,NO
MSG03985,I was charged twice this month. I need this resolved right away. Thanks.,MEDIUM,YES
MSG03986,there's a charge i don't recognize. hoping to hear back this week. let me know what you need from me.,HIGH,YES
MSG03987,Any chance SSO login could be supported? I need this resolved right away. Let me know what you need from me.,LOW,NO
MSG03988,The delivery is way later than promised. Hoping to hear back this week. Thanks.,HIGH,NO
MSG03989,What I received doesn't work at all. Please treat this as high priority.,HIGH,NO
MSG03990,There's a charge I don't recognize. Thanks.,LOW,YES
MSG03991,My order still hasn't arrived. Hoping to hear back this week. Let me know what you need from me.,LOW,YES
MSG03992,My order still hasn't arrived. I need this resolved right away. Thanks.,HIGH,YES
MSG03993,The item arrived broken. Hoping to hear back this week. Let me know what you need from me.,HIGH,YES
MSG03994,i can't access my account at all. no rush at all.,HIGH,NO
MSG03995,My login keeps failing after the update. No rush at all. Let me know what you need from me.,HIGH,YES
MSG03996,My invoice doesn't match what I agreed to. Hoping to hear back this week. Appreciate your help.,HIGH,YES
MSG03997,Just wondering how my account works. Whenever you get a chance is fine.,LOW,NO
MSG03998,Everything is offline on my end. Please treat this as high priority.,HIGH,YES
MSG03999,The package showed up damaged. Let me know what you need from me.,MEDIUM,YES
MSG04000,What I received doesn't work at all. Please treat this as high priority. Let me know what you need from me.,HIGH,YES
